id,输入合同,输出合同,参数,代码,描述,其他产物,完成条件,验证,父记录
EEG-CROP,Raw 电位（V）；已确认任务范围和原始绝对样点 events。,data=裁剪／拼接后的 Raw，events 按对应时基返回；crop_join 提供旧新样点映射。,"crop: tmin,tmax 为有限实数标量 s，0≤tmin≤tmax≤当前 Raw 末端，不接受 None/向量；events:严格递增整数 n×3，可空。裁剪包含两端。
crop_join: keep_intervals 为相对当前 Raw 的整数 n×2 半开保留区间，升序且不重叠；events 整数 n×3 原绝对样点；decision_id 非空。保留区间必须非空，拼接后同步事件和全部辅助通道。","# Python 3.12 | MNE 1.10.2 | NumPy 1.26.4 | SciPy 1.15.3 | scikit-learn 1.6.1
import numpy as np
import mne
from numbers import Integral, Real

def _number(value, name, low=None, high=None, strict_low=False):
    if isinstance(value, (bool, np.bool_)) or not isinstance(value, Real) or (not np.isfinite(value)):
        raise ValueError(name + '需要有限实数标量')
    if low is not None and (value <= low if strict_low else value < low):
        raise ValueError(name + '低于允许范围')
    if high is not None and value > high:
        raise ValueError(name + '高于允许范围')

def _args(p, keys):
    expected = set(keys.split())
    if set(p) != expected:
        raise ValueError(f'参数缺失={expected - set(p)}; 未定义={set(p) - expected}')

    def finite(value):
        if isinstance(value, (bool, np.bool_)) or (isinstance(value, np.ndarray) and value.dtype.kind == 'b'):
            raise TypeError('数值参数不能使用布尔值')
        if isinstance(value, np.ndarray) and value.dtype.hasobject:
            finite(value.tolist())
        if isinstance(value, (float, complex, np.number)) and (np.iscomplexobj(value) or not np.isfinite(value)):
            raise ValueError('参数必须为有限实数')
        if isinstance(value, np.ndarray) and value.dtype.kind in 'fc' and (np.iscomplexobj(value) or not np.isfinite(value).all()):
            raise ValueError('数组参数包含复数/NaN/Inf')
        if type(value) is dict:
            for item in value.values():
                finite(item)
        if isinstance(value, (list, tuple)):
            for item in value:
                finite(item)
    for (key, value) in p.items():
        if isinstance(value, (bool, np.bool_)):
            raise TypeError(f'{key} 不接受布尔值代替数值/枚举')
        if key not in {'models', 'artifacts', 'forward', 'projs', 'montage', 'annotations'}:
            finite(value)

def _copy(x):
    if not isinstance(x, (mne.io.BaseRaw, mne.BaseEpochs)):
        raise TypeError('需要 MNE Raw/Epochs，电位单位 V')
    if isinstance(x, mne.BaseEpochs) and (not x.preload):
        raise ValueError('Epochs须已preload并记录已有drop_log，禁止普通操作隐式加载/剔除Trial')
    y = x.copy().load_data()
    values = y.get_data()
    if not values.size or np.iscomplexobj(values) or (not np.isfinite(values).all()):
        raise ValueError('空数据、复数或 NaN/Inf，先返回接入异常流程')
    return y

def _events(events, raw=None):
    e = np.asarray(events)
    if e.dtype.kind not in 'iu' or e.ndim != 2 or e.shape[1] != 3:
        raise ValueError('events 必须为整数 n×3，禁止自动截断小数')
    if len(e) and (np.any(e[:, 0] < 0) or np.any(np.diff(e[:, 0].astype(float)) <= 0)):
        raise ValueError('events 样点必须非负且严格递增；有重复/碰撞')
    if raw is not None and len(e) and (e[0, 0] < raw.first_samp or e[-1, 0] > raw.last_samp):
        raise ValueError('events 超出当前 Raw 范围')
    return e.astype(np.int64, copy=True)

def _out(data=None, model=None, **artifacts):

    def finite(v):
        if isinstance(v, (mne.io.BaseRaw, mne.BaseEpochs)):
            v = v.get_data()
        if isinstance(v, mne.time_frequency.BaseTFR):
            v = v.data
        if isinstance(v, np.ndarray) and (not v.size or not np.isfinite(v).all()):
            raise ValueError('输出为空或包含 NaN/Inf')
        if isinstance(v, (list, tuple)):
            for item in v:
                finite(item)
    finite(data)
    if isinstance(model, dict):
        finite(model.get('estimator'))
    return {'data': data, 'model': model, 'artifacts': artifacts}

def _eeg_crop_crop(op, x, **p):
    y = _copy(x)
    _args(p, 'tmin tmax events')
    _number(p['tmin'], 'tmin', 0)
    _number(p['tmax'], 'tmax', 0)
    if p['tmin'] > p['tmax']:
        raise ValueError('裁剪起点不能晚于终点')
    if not isinstance(y, mne.io.BaseRaw):
        raise TypeError('crop 仅 Raw')
    e = _events(p['events'], y)
    y.crop(tmin=p['tmin'], tmax=p['tmax'], include_tmax=True)
    keep = (e[:, 0] >= y.first_samp) & (e[:, 0] <= y.last_samp)
    return _out(y, events=e[keep], event_keep=keep, first_samp=y.first_samp)

def eeg_crop(op, x, model=None, **p):
    if op == 'crop':
        if model is not None:
            raise ValueError('此操作不接受模型')
        return _eeg_crop_crop(op, x, **p)
    raise NotImplementedError(op)


from fractions import Fraction
from scipy import signal as _sig
from scipy.spatial.distance import cdist as _cdist
from numpy.polynomial.legendre import legval as _legval

def _sig_events(events,y,fractional=False):
    a=np.asarray(events)
    allowed='iuf' if fractional else 'iu'
    if a.dtype.kind not in allowed or a.ndim!=2 or a.shape[1]!=3 or not np.isfinite(a).all():raise ValueError('events requires finite n×3 sample table')
    if len(a) and (np.any(np.diff(a[:,0])<=0) or np.any(a[:,0]<y.first_samp) or np.any(a[:,0]>y.last_samp)):raise ValueError('events outside input or non-increasing')
    if fractional and np.any(a[:,1:]!=np.round(a[:,1:])):raise ValueError('event codes must be integers')
    return a.copy()

def _sig_crop_join(x,**p):
    _args(p,'keep_intervals events decision_id')
    y=_copy(x)
    if not isinstance(y,mne.io.BaseRaw):raise ValueError('crop_join requires Raw')
    if not isinstance(p['decision_id'],str) or not p['decision_id']:raise ValueError('confirmed decision_id required')
    intervals=np.asarray(p['keep_intervals'])
    if intervals.dtype.kind not in 'iu' or intervals.ndim!=2 or intervals.shape[1]!=2 or not len(intervals):raise ValueError('keep_intervals requires nonempty integer n×2')
    if np.any(intervals[:,0]<0) or np.any(intervals[:,1]>y.n_times) or np.any(intervals[:,1]<=intervals[:,0]) or np.any(intervals[1:,0]<intervals[:-1,1]):raise ValueError('invalid/overlapping intervals')
    merged=[]
    for start,stop in intervals.tolist():
        if merged and start==merged[-1][1]:merged[-1][1]=stop
        else:merged.append([start,stop])
    intervals=np.asarray(merged,dtype=np.int64)
    events=_sig_events(p['events'],y);fs=y.info['sfreq'];parts=[];sample_map=[];new_events=[];kept_ids=[];offset=0
    new_first=y.first_samp+int(intervals[0,0])
    for start,stop in intervals:
        parts.append(y.copy().crop(start/fs,(stop-1)/fs));sample_map.extend(range(int(start),int(stop)))
        mask=(events[:,0]>=y.first_samp+start)&(events[:,0]<y.first_samp+stop)
        e=events[mask].copy();e[:,0]=e[:,0]-y.first_samp-start+new_first+offset;new_events.append(e);kept_ids.extend(np.flatnonzero(mask).tolist());offset+=int(stop-start)
    out=mne.concatenate_raws(parts,preload=True,verbose=False)
    event_out=np.concatenate(new_events,axis=0) if new_events else np.empty((0,3),int)
    inverse=np.full(y.n_times,-1,dtype=np.int64);sample_map=np.array(sample_map,dtype=np.int64);inverse[sample_map]=np.arange(len(sample_map))
    return _out(out,events=event_out,kept_event_indices=np.array(kept_ids),removed_event_indices=np.setdiff1d(np.arange(len(events)),kept_ids),new_to_old_sample=sample_map,old_to_new_sample=inverse,input_first_samp=y.first_samp,output_first_samp=out.first_samp,decision_id=p['decision_id'])

_legacy_eeg_crop = eeg_crop

def eeg_crop(op,x,model=None,**p):
    if op == 'crop_join':
        if model is not None: raise ValueError('operation does not accept model')
        return _sig_crop_join(x,**p)
    return _legacy_eeg_crop(op,x,model=model,**p)
",连续数据裁剪｜单段裁剪及确认保留区间的裁剪拼接。,保留/移除事件索引、旧新样点映射。,裁剪范围有效；事件保留掩码覆盖全部原事件，并与裁剪后数据对齐。,变体的数值对照、输入保持、边界和无效参数；具体试件见实现审阅报告。,
EEG-DETREND,Raw/Epochs 电位（V）；显式 EEG picks。Raw 的 edge、bad_acq_skip、boundary 处须先拆为连续段。,data=同形、同采样率的 Raw/Epochs 电位；事件不变。,detrend: type=constant|linear；picks:非空 EEG 名列表。,"# Python 3.12 | MNE 1.10.2 | NumPy 1.26.4 | SciPy 1.15.3 | scikit-learn 1.6.1
import numpy as np
import mne
from numbers import Integral, Real

def _args(p, keys):
    expected = set(keys.split())
    if set(p) != expected:
        raise ValueError(f'参数缺失={expected - set(p)}; 未定义={set(p) - expected}')

    def finite(value):
        if isinstance(value, (bool, np.bool_)) or (isinstance(value, np.ndarray) and value.dtype.kind == 'b'):
            raise TypeError('数值参数不能使用布尔值')
        if isinstance(value, np.ndarray) and value.dtype.hasobject:
            finite(value.tolist())
        if isinstance(value, (float, complex, np.number)) and (np.iscomplexobj(value) or not np.isfinite(value)):
            raise ValueError('参数必须为有限实数')
        if isinstance(value, np.ndarray) and value.dtype.kind in 'fc' and (np.iscomplexobj(value) or not np.isfinite(value).all()):
            raise ValueError('数组参数包含复数/NaN/Inf')
        if type(value) is dict:
            for item in value.values():
                finite(item)
        if isinstance(value, (list, tuple)):
            for item in value:
                finite(item)
    for (key, value) in p.items():
        if isinstance(value, (bool, np.bool_)):
            raise TypeError(f'{key} 不接受布尔值代替数值/枚举')
        if key not in {'models', 'artifacts', 'forward', 'projs', 'montage', 'annotations'}:
            finite(value)

def _copy(x):
    if not isinstance(x, (mne.io.BaseRaw, mne.BaseEpochs)):
        raise TypeError('需要 MNE Raw/Epochs，电位单位 V')
    if isinstance(x, mne.BaseEpochs) and (not x.preload):
        raise ValueError('Epochs须已preload并记录已有drop_log，禁止普通操作隐式加载/剔除Trial')
    y = x.copy().load_data()
    values = y.get_data()
    if not values.size or np.iscomplexobj(values) or (not np.isfinite(values).all()):
        raise ValueError('空数据、复数或 NaN/Inf，先返回接入异常流程')
    return y

def _ids(ids):
    if not isinstance(ids, (list, tuple)) or not ids or any((not isinstance(i, str) or not i.strip() for i in ids)) or (len(set(ids)) != len(ids)):
        raise ValueError('ID 必须为非空、唯一的字符串列表')

def _continuous(raw, bad=False):
    if isinstance(raw, mne.io.BaseRaw):
        prefixes = ('edge', 'bad_acq_skip', 'boundary') + (('bad',) if bad else ())
        if any((d.lower().startswith(prefixes) for d in raw.annotations.description)):
            raise ValueError('存在断点/不允许的BAD段；先按有效连续区间拆分')

def _channels(x, names, kind='eeg'):
    _ids(names)
    valid = {n for (n, t) in zip(x.ch_names, x.get_channel_types()) if t == kind}
    if not set(names) <= valid:
        raise ValueError(f'需要已有 {kind} 通道列表')

def _out(data=None, model=None, **artifacts):

    def finite(v):
        if isinstance(v, (mne.io.BaseRaw, mne.BaseEpochs)):
            v = v.get_data()
        if isinstance(v, mne.time_frequency.BaseTFR):
            v = v.data
        if isinstance(v, np.ndarray) and (not v.size or not np.isfinite(v).all()):
            raise ValueError('输出为空或包含 NaN/Inf')
        if isinstance(v, (list, tuple)):
            for item in v:
                finite(item)
    finite(data)
    if isinstance(model, dict):
        finite(model.get('estimator'))
    return {'data': data, 'model': model, 'artifacts': artifacts}

def _eeg_detrend_detrend(op, x, **p):
    y = _copy(x)
    from scipy.signal import detrend
    _args(p, 'type picks')
    if p['type'] not in ('constant', 'linear'):
        raise ValueError('type')
    _continuous(y)
    _channels(y, p['picks'])
    y.apply_function(lambda a: detrend(a, axis=-1, type=p['type']), picks=p['picks'], channel_wise=True)
    return _out(y)

def eeg_detrend(op, x, model=None, **p):
    if op == 'detrend':
        if model is not None:
            raise ValueError('此操作不接受模型')
        return _eeg_detrend_detrend(op, x, **p)
    raise NotImplementedError(op)
",去常量／线性趋势 Detrend。,无。,仅指定 EEG 通道改变；输出有限。,验收项：常量/线性残差、未选通道和事件保持,
EEG-FILTER,filter：Raw 电位 V，显式 EEG picks；raw 策略按注释前缀分段，array 策略处理整个所选数组。butter：Raw 或已加载 Epochs，显式 eeg/eog/ecg/emg/misc 电位通道；Raw 已按采集断点拆分。 notch：有限 Raw、显式 EEG picks，已按采集断点拆分。,同类型 Raw/Epochs 电位（V）；未选通道保持，时间轴及 Trial 身份保持。,"filter 必需 l_freq,h_freq（Hz|None，至少一侧）、method=fir|iir、phase、picks。FIR phase=zero|zero-double|minimum|minimum-half；fir_design=firwin|firwin2（默认firwin）、fir_window=hamming|hann|blackman（默认hamming）、filter_length=auto|正整数|时长字符串、l_trans_bandwidth/h_trans_bandwidth=auto|正Hz、pad=reflect_limited。annotation_policy=raw|array（默认raw）；skip_by_annotation=[edge,bad_acq_skip,boundary] 仅raw；nonfinite=reject|propagate，后者仅array且仅允许NaN；Inf拒绝。array 保持原 info 频带元数据；IIR 保持4阶Butterworth SOS、phase=zero|forward|zero-double，FIR参数保持默认。
butter: kind=highpass|lowpass|bandpass|bandstop；l_freq/h_freq Hz（单侧另一端 None），双侧 l_freq<h_freq；prototype_order 整数1..12；phase=zero|forward；picks 唯一 eeg/eog/ecg/emg/misc 电位通道名；padlen=None 使用 3×(系数长度−1)，或非负整数；forward 仅 None/0。RELAX 入口4对应 prototype_order=2。 butter 仅在全部电位通道实际处理后更新全局频带元信息，保留辅助通道类型。
notch: freqs 为非空正 Hz 列表且小于 Nyquist；picks 为唯一 EEG 名单。MNE FIR 多陷波，phase=zero、fir_design=firwin、filter_length=auto、宽度=f/200、总过渡带1 Hz。","# Python 3.12 | MNE 1.10.2 | NumPy 1.26.4 | SciPy 1.15.3
import numpy as np
import mne
from scipy import signal as _sig
import hashlib as _core_hashlib
import warnings as _core_warnings

def _core_array_hash(a):
    a = np.ascontiguousarray(a)
    return _core_hashlib.sha256(str((a.dtype.str, a.shape)).encode() + a.tobytes()).hexdigest()

def _core_kwargs(p, defaults, required=()):
    missing = set(required) - set(p)
    unknown = set(p) - set(defaults)
    if missing or unknown:
        raise ValueError('missing parameters=' + str(sorted(missing)) + '; unknown=' + str(sorted(unknown)))
    return dict(defaults, **p)

def _core_names(y, names, allow_empty=False):
    if not isinstance(names, (list, tuple)) or (not names and (not allow_empty)) or any((not isinstance(n, str) for n in names)) or (len(set(names)) != len(names)):
        raise ValueError('channel names must be unique')
    good = {n for (n, t) in zip(y.ch_names, y.get_channel_types()) if t == 'eeg'}
    if not set(names) <= good:
        raise ValueError('existing EEG names required')
    return [y.ch_names.index(n) for n in names]

def _core_nonfinite_policy(value):
    if value not in ('reject', 'propagate'):
        raise ValueError('nonfinite must be reject or propagate')
    return value == 'propagate'

def _core_out(data, model=None, **artifacts):
    return {'data': data, 'model': model, 'artifacts': artifacts}

def _core_raw(x, allow_nan=False, epochs=False):
    if not isinstance(x, (mne.io.BaseRaw, mne.BaseEpochs) if epochs else mne.io.BaseRaw):
        raise TypeError('expected ' + ('Raw/Epochs' if epochs else 'Raw'))
    if isinstance(x, mne.BaseEpochs) and (not x.preload):
        raise ValueError('Epochs must be preloaded')
    y = x.copy().load_data()
    a = y.get_data()
    if not a.size or np.iscomplexobj(a) or np.isinf(a).any() or (not allow_nan and np.isnan(a).any()):
        raise ValueError('empty, complex or unsupported nonfinite signal')
    return y

def _core_real(value, name, low=None, high=None, strict=False):
    if isinstance(value, (bool, np.bool_)) or not isinstance(value, (int, float, np.integer, np.floating)) or (not np.isfinite(value)):
        raise ValueError(name + ' must be finite real')
    if low is not None and (value <= low if strict else value < low):
        raise ValueError(name + ' below range')
    if high is not None and value > high:
        raise ValueError(name + ' above range')
    return float(value)

def _operation_filter(op, x, model=None, **p):
    if model is not None:
        raise ValueError('filter does not accept model')
    p = _core_kwargs(p, {'l_freq': None, 'h_freq': None, 'method': 'fir', 'phase': 'zero', 'picks': None, 'fir_design': 'firwin', 'fir_window': 'hamming', 'filter_length': 'auto', 'l_trans_bandwidth': 'auto', 'h_trans_bandwidth': 'auto', 'pad': 'reflect_limited', 'annotation_policy': 'raw', 'skip_by_annotation': ('edge', 'bad_acq_skip', 'boundary'), 'nonfinite': 'reject'}, ('l_freq', 'h_freq', 'method', 'phase', 'picks'))
    y = _core_raw(x, allow_nan=_core_nonfinite_policy(p['nonfinite']))
    idx = _core_names(y, p['picks'])
    sf = float(y.info['sfreq'])
    (lo, hi) = (p['l_freq'], p['h_freq'])
    if lo is None and hi is None:
        raise ValueError('a cutoff is required')
    for name in ('l_freq', 'h_freq'):
        if p[name] is not None:
            _core_real(p[name], name, 0, sf / 2, True)
            if p[name] >= sf / 2:
                raise ValueError('cutoff must be below Nyquist')
    if lo is not None and hi is not None and (lo >= hi):
        raise ValueError('filter requires l_freq < h_freq')
    if p['annotation_policy'] not in ('raw', 'array'):
        raise ValueError('annotation_policy must be raw or array')
    if p['annotation_policy'] == 'raw' and p['nonfinite'] != 'reject':
        raise ValueError('propagation requires explicit array policy')
    skip = p['skip_by_annotation']
    if not isinstance(skip, (list, tuple)) or any((not isinstance(v, str) or not v for v in skip)):
        raise ValueError('invalid annotation prefixes')
    if p['annotation_policy'] == 'array' and tuple(skip) != ('edge', 'bad_acq_skip', 'boundary'):
        raise ValueError('custom skip_by_annotation only applies to raw policy')
    if p['method'] == 'fir':
        if p['phase'] not in ('zero', 'zero-double', 'minimum', 'minimum-half'):
            raise ValueError('invalid FIR phase')
        if p['fir_design'] not in ('firwin', 'firwin2'):
            raise ValueError('invalid FIR design')
        if p['fir_window'] not in ('hamming', 'hann', 'blackman'):
            raise ValueError('invalid FIR window')
        if isinstance(p['filter_length'], (bool, np.bool_)):
            raise ValueError('invalid filter length')
        for key in ('l_trans_bandwidth', 'h_trans_bandwidth'):
            if p[key] != 'auto':
                _core_real(p[key], key, 0, strict=True)
        kw = {k: p[k] for k in ('method', 'phase', 'fir_design', 'fir_window', 'filter_length', 'l_trans_bandwidth', 'h_trans_bandwidth', 'pad')}
    elif p['method'] == 'iir':
        if p['phase'] not in ('zero', 'forward', 'zero-double'):
            raise ValueError('invalid IIR phase')
        if any((p[k] != v for (k, v) in {'fir_design': 'firwin', 'fir_window': 'hamming', 'filter_length': 'auto', 'l_trans_bandwidth': 'auto', 'h_trans_bandwidth': 'auto'}.items())):
            raise ValueError('FIR parameters inactive for IIR')
        kw = {'method': 'iir', 'phase': p['phase'], 'iir_params': dict(order=4, ftype='butter', output='sos'), 'pad': p['pad']}
    else:
        raise ValueError('method must be fir or iir')
    before = y.get_data().copy()
    with _core_warnings.catch_warnings(record=True) as caught:
        _core_warnings.simplefilter('always')
        if p['annotation_policy'] == 'array':
            y._data[idx] = mne.filter.filter_data(before[idx], sf, lo, hi, copy=True, **kw)
        else:
            y.filter(lo, hi, picks=list(p['picks']), skip_by_annotation=tuple(skip), **kw)
    return _core_out(y, parameters=p, array_filter_preserves_info=p['annotation_policy'] == 'array', warnings=[str(w.message) for w in caught], input_hash=_core_array_hash(before), output_hash=_core_array_hash(y.get_data()))

def _args(p, keys):
    expected = set(keys.split())
    if set(p) != expected:
        raise ValueError(f'参数缺失={expected - set(p)}; 未定义={set(p) - expected}')

    def finite(value):
        if isinstance(value, (bool, np.bool_)) or (isinstance(value, np.ndarray) and value.dtype.kind == 'b'):
            raise TypeError('数值参数不能使用布尔值')
        if isinstance(value, np.ndarray) and value.dtype.hasobject:
            finite(value.tolist())
        if isinstance(value, (float, complex, np.number)) and (np.iscomplexobj(value) or not np.isfinite(value)):
            raise ValueError('参数必须为有限实数')
        if isinstance(value, np.ndarray) and value.dtype.kind in 'fc' and (np.iscomplexobj(value) or not np.isfinite(value).all()):
            raise ValueError('数组参数包含复数/NaN/Inf')
        if type(value) is dict:
            for item in value.values():
                finite(item)
        if isinstance(value, (list, tuple)):
            for item in value:
                finite(item)
    for (key, value) in p.items():
        if isinstance(value, (bool, np.bool_)):
            raise TypeError(f'{key} 不接受布尔值代替数值/枚举')
        if key not in {'models', 'artifacts', 'forward', 'projs', 'montage', 'annotations'}:
            finite(value)

def _copy(x):
    if not isinstance(x, (mne.io.BaseRaw, mne.BaseEpochs)):
        raise TypeError('需要 MNE Raw/Epochs，电位单位 V')
    if isinstance(x, mne.BaseEpochs) and (not x.preload):
        raise ValueError('Epochs须已preload并记录已有drop_log，禁止普通操作隐式加载/剔除Trial')
    y = x.copy().load_data()
    values = y.get_data()
    if not values.size or np.iscomplexobj(values) or (not np.isfinite(values).all()):
        raise ValueError('空数据、复数或 NaN/Inf，先返回接入异常流程')
    return y

def _number(value, name, low=None, high=None, strict_low=False):
    if isinstance(value, (bool, np.bool_)) or not isinstance(value, (int, float, np.integer, np.floating)) or (not np.isfinite(value)):
        raise ValueError(name + ' requires finite real scalar')
    if low is not None and (value <= low if strict_low else value < low):
        raise ValueError(name + ' below permitted range')
    if high is not None and value > high:
        raise ValueError(name + ' above permitted range')

def _out(data=None, model=None, **artifacts):

    def finite(v):
        if isinstance(v, (mne.io.BaseRaw, mne.BaseEpochs)):
            v = v.get_data()
        if isinstance(v, mne.time_frequency.BaseTFR):
            v = v.data
        if isinstance(v, np.ndarray) and (not v.size or not np.isfinite(v).all()):
            raise ValueError('输出为空或包含 NaN/Inf')
        if isinstance(v, (list, tuple)):
            for item in v:
                finite(item)
    finite(data)
    if isinstance(model, dict):
        finite(model.get('estimator'))
    return {'data': data, 'model': model, 'artifacts': artifacts}

def _operation_butter(x, **p):
    _args(p, 'kind l_freq h_freq prototype_order phase picks padlen')
    y = _copy(x)
    _sig_continuous(y)
    indices = _sig_picks(y, p['picks'])
    fs = y.info['sfreq']
    order = _sig_int(p['prototype_order'], 'prototype_order', 1)
    if order > 12:
        raise ValueError('prototype_order exceeds supported stable design range 1..12')
    kind = p['kind']
    lo = p['l_freq']
    hi = p['h_freq']
    if kind not in ('highpass', 'lowpass', 'bandpass', 'bandstop'):
        raise ValueError('unknown filter kind')
    if p['phase'] not in ('zero', 'forward'):
        raise ValueError('phase must be zero or forward')
    if lo is not None:
        _number(lo, 'l_freq', 0, fs / 2, strict_low=True)
    if hi is not None:
        _number(hi, 'h_freq', 0, fs / 2, strict_low=True)
    if lo is not None and lo >= fs / 2 or (hi is not None and hi >= fs / 2):
        raise ValueError('cutoff must be below Nyquist')
    if kind == 'highpass' and (lo is None or hi is not None):
        raise ValueError('highpass requires l_freq only')
    if kind == 'lowpass' and (hi is None or lo is not None):
        raise ValueError('lowpass requires h_freq only')
    if kind in ('bandpass', 'bandstop') and (lo is None or hi is None or lo >= hi):
        raise ValueError('band filter requires l_freq < h_freq')
    wn = [lo, hi] if kind in ('bandpass', 'bandstop') else lo if kind == 'highpass' else hi
    (b, a) = _sig.butter(order, wn, btype=kind, fs=fs)
    if np.any(np.abs(np.roots(a)) >= 1):
        raise ValueError('direct-form design numerically unstable; change supported order/cutoffs')
    padlen = 3 * (max(len(a), len(b)) - 1) if p['padlen'] is None else _sig_int(p['padlen'], 'padlen')
    before = y.get_data()
    values = before[indices] if before.ndim == 2 else before[:, indices, :]
    if p['phase'] == 'zero':
        if values.shape[-1] <= padlen:
            raise ValueError('record/window shorter than padding')
        after = _sig.filtfilt(b, a, values, axis=-1, padtype='odd', padlen=padlen)
    else:
        if p['padlen'] not in (None, 0):
            raise ValueError('forward filtering has zero initial state and no padding')
        after = _sig.lfilter(b, a, values, axis=-1)
        padlen = 0
    if not np.isfinite(after).all():
        raise ValueError('filter produced nonfinite output')
    if before.ndim == 2:
        y._data[indices] = after
    else:
        y._data[:, indices, :] = after
    all_eeg = {n for (n, t) in zip(y.ch_names, y.get_channel_types()) if t in ('eeg', 'eog', 'ecg', 'emg', 'misc')}
    if set(p['picks']) == all_eeg:
        with y.info._unlock():
            if kind in ('highpass', 'bandpass'):
                y.info['highpass'] = max(y.info['highpass'], lo)
            if kind in ('lowpass', 'bandpass'):
                y.info['lowpass'] = min(y.info['lowpass'], hi)
    return _out(y, b=b, a=a, prototype_order=order, phase=p['phase'], padlen=padlen, picks=list(p['picks']), removed=before - y.get_data())

def _sig_continuous(y):
    if isinstance(y, mne.io.BaseRaw) and any((str(d).lower().startswith(('boundary', 'edge', 'bad_acq_skip', 'bad boundary', 'bad_boundary')) for d in y.annotations.description)):
        raise ValueError('split acquisition boundaries before this operation')

def _sig_int(value, name, minimum=0):
    if isinstance(value, (bool, np.bool_)) or not isinstance(value, (int, np.integer)) or value < minimum:
        raise ValueError(name + ' requires an integer >= ' + str(minimum))
    return int(value)

def _sig_picks(y, picks):
    if not isinstance(picks, (list, tuple)) or not picks or len(set(picks)) != len(picks) or (not all((isinstance(k, str) for k in picks))):
        raise ValueError('picks requires unique channel names')
    if any((k not in y.ch_names for k in picks)):
        raise ValueError('unknown channel')
    indices = [y.ch_names.index(k) for k in picks]
    if any((y.get_channel_types()[i] not in ('eeg', 'eog', 'ecg', 'emg', 'misc') for i in indices)):
        raise ValueError('voltage channel picks required')
    return indices

def _channels(x, names, kind='eeg'):
    _ids(names)
    valid = {n for (n, t) in zip(x.ch_names, x.get_channel_types()) if t == kind}
    if not set(names) <= valid:
        raise ValueError(f'需要已有 {kind} 通道列表')

def _continuous(raw, bad=False):
    if isinstance(raw, mne.io.BaseRaw):
        prefixes = ('edge', 'bad_acq_skip', 'boundary') + (('bad',) if bad else ())
        if any((d.lower().startswith(prefixes) for d in raw.annotations.description)):
            raise ValueError('存在断点/不允许的BAD段；先按有效连续区间拆分')

def _operation_notch(op, x, **p):
    y = _copy(x)
    _args(p, 'freqs picks')
    if not isinstance(y, mne.io.BaseRaw):
        raise TypeError('notch 仅 Raw')
    _continuous(y)
    _channels(y, p['picks'])
    freqs = np.asarray(p['freqs'])
    if freqs.ndim != 1 or not len(freqs) or freqs.dtype.kind not in 'fiu' or (not np.isfinite(freqs).all()) or np.any((freqs <= 0) | (freqs >= y.info['sfreq'] / 2)):
        raise ValueError('非法notch频率')
    y.notch_filter(**p, method='fir', phase='zero', fir_design='firwin', notch_widths=None, trans_bandwidth=1.0)
    return _out(y)

def _ids(ids):
    if not isinstance(ids, (list, tuple)) or not ids or any((not isinstance(i, str) or not i.strip() for i in ids)) or (len(set(ids)) != len(ids)):
        raise ValueError('ID 必须为非空、唯一的字符串列表')

def eeg_filter(op, x, model=None, **p):
    if model is not None:
        raise ValueError('operation does not accept model')
    if op == 'filter':
        return _operation_filter(op, x, model=None, **p)
    if op == 'butter':
        return _operation_butter(x, **p)
    if op == 'notch':
        return _operation_notch(op, x, **p)
    raise NotImplementedError(op)
",按截止频率执行 FIR／IIR 高通、低通、带通、带阻或多频陷波；Butterworth 可指定原型阶数。,参数、警告、输入输出哈希；butter 另有系数、实际阶数和移除信号。,截止频率/过渡带/长度满足 MNE 设计约束；调用者明确采集边界与非有限值策略。,固定版本逐值对照、原输入保持、非法参数及操作迁移测试；见 proposal/core/results。,
EEG-SINE-REGRESSION,Raw 电位（V）。spectrum_fit：显式 EEG picks，对整个数组处理，注释不分段。cleanline：有限且未标坏的 EEG picks；已按采集断点拆为连续段，窗口不跨断点。,同形 Raw 电位（V），所选正弦估计被扣除；未选通道、时间轴、事件和频带元数据保持。cleanline 保留末个完整窗后的尾段。,"spectrum_fit 必需 freqs（非空唯一、0<Hz<Nyquist）、picks（EEG名单）；mt_bandwidth=2.0 Hz，p_value固定0.01（非默认拒绝；给定频率时不参与选频），filter_length=10s|正整数|None；annotation_policy=array；nonfinite=reject|propagate（仅NaN；Inf拒绝）。使用 MNE 多锥窗估计指定频率的正弦幅相并扣除；
cleanline: source_root=CleanLine作者117bffa6固定源码目录, octave_path=Octave 可执行路径, picks, line_frequencies(唯一 Hz，0<f<Nyquist), 0<bandwidth≤sfreq Hz, scan_bandwidth=None|≥0 Hz（None 为固定频点；扫描为 f±scan_bandwidth/2，整带须在(0,Nyquist)）, window_seconds, step_seconds（整数样点，0<step≤window≤记录长度）, alpha∈[1e-12,1−1e-12], pad∈[-1,6]整数, smoothing∈[1,1e6], max_iterations∈[1,100], timeout_seconds∈[1,3600], tail_policy=preserve。DPSS NW=bandwidth·window/2，K=floor(bandwidth·window−1)∈[2,Nwin−1]，sym=True/norm=2，再乘 sqrt(sfreq)；全频带 F 检验。","# Python 3.12 | MNE 1.10.2 | NumPy 1.26.4 | SciPy 1.15.3
import numpy as np
import mne
from numbers import Integral, Real
import warnings as _core_warnings
from pathlib import Path
import tempfile, subprocess, shutil, hashlib
from scipy.io import savemat, loadmat
from numbers import Real, Integral
SOURCE_HASHES = {'cleanLineNoise.m': 'c7f94884ebc66f91c17bf32e871c8a9a7a9b2770423e0357a53c1e36e596442a', 'removeLinesMovingWindow.m': '34044dd4ef1a6a49be6bf876763c07039e54f7c432b5ec2ac811194a840b3596', 'getStructureParameters.m': '8d891a09018903db08765fa7b238d5f1a8535c612fb3ce765bbcaff4eee1a698', 'calculateSegmentSpectrum.m': 'd140806f99585771f5f1409d94ed5780d287d1915ff8ce5d727170f62d0fe9fc', 'testSignificantFrequencies.m': '9837be68fb892c80f631649ccfc387548828f9e4117939929a3561ddacae979b', 'fitSignificantFrequencies.m': '084271e64d98fd01ad91989301c7d988bb540f14ecf74d42d08ffa031c58effc', 'private/checkTapers.m': '6194476fd4102c923d2cc561f6e5e9e8ab460c35240acf9e6b15f055aec378e8', 'license.txt': '4acae006f7c8812165245451ab91ac370173b52fd610ecb0abcded304d25b429', 'external/chronux_2_modified/spectral_analysis/continuous/mtfftc.m': 'f9fcb6ca3d75d69736509ebeb00523c82807583c21b63edcc8cec4db9c44d43f', 'external/chronux_2_modified/spectral_analysis/continuous/createdatamatc.m': 'd77c9cf0e9be418a571c0effa32602cc9220412aac0cb1aba9804bd1d49996c9', 'external/chronux_2_modified/spectral_analysis/helper/change_row_to_column.m': 'd0cc8b13577bbbe92ae1ae6c68cb8a288415f7563aade31e95afc359c3263436', 'external/chronux_2_modified/spectral_analysis/helper/getfgrid.m': '666d2b9e48142747ca8aa35cac0a83d49a23fbf41f18ae89efb117a7560ba2c5'}
SOURCE_COMMIT = '117bffa6e1fbc6d042a7e75cec9e289e1aa5be72'

def _core_kwargs(p, defaults, required=()):
    missing = set(required) - set(p)
    unknown = set(p) - set(defaults)
    if missing or unknown:
        raise ValueError('missing parameters=' + str(sorted(missing)) + '; unknown=' + str(sorted(unknown)))
    return dict(defaults, **p)

def _core_names(y, names, allow_empty=False):
    if not isinstance(names, (list, tuple)) or (not names and (not allow_empty)) or any((not isinstance(n, str) for n in names)) or (len(set(names)) != len(names)):
        raise ValueError('channel names must be unique')
    good = {n for (n, t) in zip(y.ch_names, y.get_channel_types()) if t == 'eeg'}
    if not set(names) <= good:
        raise ValueError('existing EEG names required')
    return [y.ch_names.index(n) for n in names]

def _core_nonfinite_policy(value):
    if value not in ('reject', 'propagate'):
        raise ValueError('nonfinite must be reject or propagate')
    return value == 'propagate'

def _core_out(data, model=None, **artifacts):
    return {'data': data, 'model': model, 'artifacts': artifacts}

def _core_raw(x, allow_nan=False, epochs=False):
    if not isinstance(x, (mne.io.BaseRaw, mne.BaseEpochs) if epochs else mne.io.BaseRaw):
        raise TypeError('expected ' + ('Raw/Epochs' if epochs else 'Raw'))
    if isinstance(x, mne.BaseEpochs) and (not x.preload):
        raise ValueError('Epochs must be preloaded')
    y = x.copy().load_data()
    a = y.get_data()
    if not a.size or np.iscomplexobj(a) or np.isinf(a).any() or (not allow_nan and np.isnan(a).any()):
        raise ValueError('empty, complex or unsupported nonfinite signal')
    return y

def _core_real(value, name, low=None, high=None, strict=False):
    if isinstance(value, (bool, np.bool_)) or not isinstance(value, (int, float, np.integer, np.floating)) or (not np.isfinite(value)):
        raise ValueError(name + ' must be finite real')
    if low is not None and (value <= low if strict else value < low):
        raise ValueError(name + ' below range')
    if high is not None and value > high:
        raise ValueError(name + ' above range')
    return float(value)

def _operation_spectrum_fit(op, x, model=None, **p):
    if model is not None:
        raise ValueError('spectrum_fit does not accept model')
    p = _core_kwargs(p, {'freqs': None, 'picks': None, 'mt_bandwidth': 2.0, 'p_value': 0.01, 'filter_length': '10s', 'annotation_policy': 'array', 'nonfinite': 'reject'}, ('freqs', 'picks'))
    if p['annotation_policy'] != 'array':
        raise ValueError('spectrum_fit profile uses explicit full-array policy')
    y = _core_raw(x, allow_nan=_core_nonfinite_policy(p['nonfinite']))
    idx = _core_names(y, p['picks'])
    freqs = np.asarray(p['freqs'])
    if freqs.ndim != 1 or not freqs.size or freqs.dtype.kind not in 'fiu' or any((isinstance(v, (bool, np.bool_)) for v in p['freqs'])) or (not np.isfinite(freqs).all()) or np.any(freqs <= 0) or np.any(freqs >= y.info['sfreq'] / 2) or (len(np.unique(freqs)) != len(freqs)):
        raise ValueError('freqs must be unique positive real sub-Nyquist frequencies')
    _core_real(p['mt_bandwidth'], 'mt_bandwidth', 0, strict=True)
    _core_real(p['p_value'], 'p_value', 0, 1, True)
    if p['p_value'] != 0.01:
        raise ValueError('specified-frequency spectrum_fit fixes p_value=0.01; it does not control frequency selection')
    if isinstance(p['filter_length'], (bool, np.bool_)):
        raise ValueError('invalid spectral-fit parameters')
    before = y.get_data().copy()
    with _core_warnings.catch_warnings(record=True) as caught:
        _core_warnings.simplefilter('always')
        y._data[idx] = mne.filter.notch_filter(before[idx], Fs=y.info['sfreq'], freqs=freqs, method='spectrum_fit', mt_bandwidth=p['mt_bandwidth'], p_value=p['p_value'], filter_length=p['filter_length'], copy=True)
    return _core_out(y, parameters=p, removed=before - y.get_data(), warnings=[str(w.message) for w in caught])

def _args(p, keys):
    if set(p) != set(keys.split()):
        raise ValueError('参数缺失或包含未定义参数：' + str(set(p) ^ set(keys.split())))

def _input(x, p):
    import scipy
    if mne.__version__ != '1.10.2' or np.__version__ != '1.26.4' or scipy.__version__ != '1.15.3':
        raise RuntimeError('需要冻结的 MNE 1.10.2 / NumPy 1.26.4 / SciPy 1.15.3 profile')
    if not isinstance(x, mne.io.BaseRaw):
        raise TypeError('输入必须是连续 MNE Raw')
    if any(('boundary' in d.lower() or d.lower().startswith(('bad_acq_skip', 'edge')) for d in x.annotations.description)):
        raise ValueError('请按采集断点拆为连续段后执行')
    picks = p['picks']
    if not isinstance(picks, (list, tuple)) or not picks or len(set(picks)) != len(picks):
        raise ValueError('picks 需要唯一 EEG 通道名')
    types = dict(zip(x.ch_names, x.get_channel_types()))
    if any((c not in types or types[c] != 'eeg' or c in x.info['bads'] for c in picks)):
        raise ValueError('只能选择存在且未标坏的 EEG 通道')
    idx = [x.ch_names.index(c) for c in picks]
    data = np.asarray(x.get_data(picks=idx), dtype=np.float64)
    if not np.isfinite(data).all():
        raise ValueError('输入包含 NaN/Inf')
    sfreq = float(x.info['sfreq'])
    timeout = _number(p['timeout_seconds'], 'timeout_seconds', 1, 3600)
    runtime = Path(p['octave_path']).expanduser().resolve()
    source = Path(p['source_root']).expanduser().resolve()
    if not runtime.is_file():
        raise FileNotFoundError('octave_path 不是可执行文件')
    for (relative, digest) in SOURCE_HASHES.items():
        path = source / relative
        if not path.is_file() or hashlib.sha256(path.read_bytes()).hexdigest() != digest:
            raise ValueError('作者源码缺失/版本不符：' + relative)
    return (data, idx, sfreq, timeout, runtime, source)

def _integer(v, name, lo, hi):
    if isinstance(v, (bool, np.bool_)) or not isinstance(v, Integral) or (not lo <= v <= hi):
        raise ValueError(name + ' 超出整数范围')
    return int(v)

def _number(v, name, lo, hi):
    if isinstance(v, (bool, np.bool_)) or not isinstance(v, Real) or (not np.isfinite(v)) or (not lo <= v <= hi):
        raise ValueError(name + ' 超出有限数值范围')
    return float(v)

def _quote(s):
    return ""'"" + str(s).replace(""'"", ""''"") + ""'""

def _replace_once(text, old, new, count=1):
    if count != 1 or text.count(old) != 1:
        raise RuntimeError('作者源码观察器定位不唯一')
    return text.replace(old, new, 1)

def _run(data, fs, cfg, source, runtime, timeout, mode, order=4):
    from scipy.signal.windows import dpss
    with tempfile.TemporaryDirectory(prefix='eeg_line_') as temp:
        work = Path(temp)
        native = work / 'native'
        compat = work / 'compat'
        native.mkdir()
        compat.mkdir()
        for relative in SOURCE_HASHES:
            target = native / relative
            target.parent.mkdir(parents=True, exist_ok=True)
            shutil.copy2(source / relative, target)
        traces = ''
        fp = native / 'removeLinesMovingWindow.m'
        s = fp.read_text()
        s = _replace_once(s, 'Fs = getStructureParameters', 'global BA_TRACE BA_CALL; BA_CALL=BA_CALL+1;\nFs = getStructureParameters', 1)
        s = _replace_once(s, 'for iteration = 1:lineNoise.maximumIterations', 'for iteration = 1:lineNoise.maximumIterations\n    BA_TESTED_FREQS=f0; BA_LAST_REDUCTION=[];', 1)
        s = _replace_once(s, '        dBReduction = initialSpectrum - cleanedSpectrum;', '        dBReduction = initialSpectrum - cleanedSpectrum; BA_LAST_REDUCTION=dBReduction(fidx);', 1)
        s = _replace_once(s, '    if isempty(f0)', '    BA_TRACE(end+1).call=BA_CALL; BA_TRACE(end).iteration=iteration; BA_TRACE(end).remaining_frequencies=f0; BA_TRACE(end).significant=f0Mask; BA_TRACE(end).tested_frequencies=BA_TESTED_FREQS; BA_TRACE(end).line_db_reduction=BA_LAST_REDUCTION;\n    if isempty(f0)', 1)
        fp.write_text(s)
        nwin = int(round(fs * cfg['taperWindowSize']))
        nw = cfg['taperBandWidth'] * cfg['taperWindowSize'] / 2
        k = int(np.floor(2 * nw - 1))
        (tapers, ratios) = dpss(nwin, nw, k, sym=True, norm=2, return_ratios=True)
        savemat(work / 'tapers.mat', dict(tapers=tapers.T, eigenvalues=ratios, N=nwin, NW=nw, K=k))
        (compat / 'dpss.m').write_text('function [tapers,eigenvalues]=dpss(N,NW,K)\n d=load(' + _quote(work / 'tapers.mat') + ""); if N~=d.N || NW~=d.NW || K~=d.K; error('DPSS profile mismatch'); end; tapers=d.tapers; eigenvalues=d.eigenvalues(:);\nend\n"")
        invocation = ""signal=struct('data',data,'srate',srate); [signal,effective]=cleanLineNoise(signal,cfg); cleaned=signal.data; [F,A,f,sig]=testSignificantFrequencies(data(1,1:size(effective.tapers,1)),effective); analytics=struct('first_window_F',F,'first_window_amplitude',A,'frequencies',f,'F_threshold',sig);""
        matcfg = {key: np.asarray(value, dtype=float) if isinstance(value, (int, float, bool, np.number, np.ndarray, list, tuple)) else value for (key, value) in cfg.items()}
        savemat(work / 'input.mat', dict(data=data, srate=float(fs), cfg=matcfg))
        script = ""warning('off','Octave:shadowed-function'); pkg load signal; pkg load statistics; if ~strncmp(version,'11.3.',5);error('Octave 11.3.x required');end; if ~strcmp(ver('signal').Version,'1.4.8') || ~strcmp(ver('statistics').Version,'1.7.7');error('Package version mismatch');end; addpath(genpath("" + _quote(native) + '));addpath(' + _quote(compat) + "",'-begin'); load("" + _quote(work / 'input.mat') + '); global BA_TRACE BA_CALL; BA_TRACE=struct([]);BA_CALL=0; ' + invocation + "" trace=BA_TRACE; save('-mat7-binary',"" + _quote(work / 'output.mat') + "",'cleaned','effective','analytics','trace');""
        (work / 'run.m').write_text(script)
        result = subprocess.run([str(runtime), '--quiet', '--no-gui', str(work / 'run.m')], capture_output=True, text=True, timeout=timeout)
        if result.returncode != 0 or not (work / 'output.mat').exists():
            raise RuntimeError('Octave 作者算法执行失败：' + (result.stdout + result.stderr)[-6000:])
        out = loadmat(work / 'output.mat', simplify_cells=True)
        value = np.asarray(out['cleaned'])
        if np.iscomplexobj(value) and np.max(np.abs(value.imag)) > 1e-12 * max(1.0, np.max(np.abs(value.real))):
            raise RuntimeError('作者输出含复信号')
        if value.size != data.size:
            raise RuntimeError('作者输出样点数量错误')
        cleaned = np.asarray(value.real, dtype=float).reshape(data.shape)
        if cleaned.shape != data.shape or not np.isfinite(cleaned).all():
            raise RuntimeError('作者算法输出形状/有限性错误')
        return (cleaned, dict(effective_parameters=out['effective'], analytics=out['analytics'], trace=out['trace'], runtime_log=result.stdout + result.stderr, source_commit=SOURCE_COMMIT, source_sha256=SOURCE_HASHES, profile=mode + '-octave-11.3-scipy-1.15.3', compatibility_patches=['DPSS from scipy.signal.windows.dpss norm=2 sym=True', 'numeric config encoded as MATLAB double', 'iteration observer']))

def _operation_cleanline(op, x, model=None, **p):
    if op != 'cleanline':
        raise NotImplementedError(op)
    _args(p, 'source_root octave_path picks line_frequencies bandwidth scan_bandwidth window_seconds step_seconds alpha pad smoothing max_iterations timeout_seconds tail_policy')
    if model is not None:
        raise ValueError('CleanLine 不接受模型')
    (data, idx, fs, timeout, runtime, source) = _input(x, p)
    n = data.shape[-1]
    lines = np.asarray(p['line_frequencies'])
    if lines.dtype.kind not in 'fiu' or lines.ndim != 1 or (not len(lines)) or (not np.isfinite(lines).all()) or np.any(lines <= 0) or np.any(lines >= fs / 2) or (len(np.unique(lines)) != len(lines)):
        raise ValueError('line_frequencies 须唯一且严格位于 (0,Nyquist)')
    win = _number(p['window_seconds'], 'window_seconds', 1 / fs, n / fs)
    step = _number(p['step_seconds'], 'step_seconds', 1 / fs, win)
    if abs(win * fs - round(win * fs)) > 1e-08 or abs(step * fs - round(step * fs)) > 1e-08:
        raise ValueError('窗口/步长须对应整数样点')
    bandwidth = _number(p['bandwidth'], 'bandwidth', np.finfo(float).tiny, fs)
    k = int(np.floor(win * bandwidth - 1))
    if k < 2 or k >= round(win * fs):
        raise ValueError('DPSS 数量 floor(window_seconds*bandwidth-1) 须在[2,Nwin-1]')
    scan = p['scan_bandwidth']
    if scan is None:
        scan = np.array([])
    else:
        scan = _number(scan, 'scan_bandwidth', 0, fs)
        if np.any(lines - scan / 2 <= 0) or np.any(lines + scan / 2 >= fs / 2):
            raise ValueError('扫描窗口越过 0/Nyquist')
    if p['tail_policy'] != 'preserve':
        raise ValueError('此作者 profile 的尾段策略为 preserve')
    cfg = dict(Fs=fs, fPassBand=np.array([0.0, fs / 2]), lineFrequencies=lines.astype(float), lineNoiseChannels=np.arange(1, len(idx) + 1), maximumIterations=_integer(p['max_iterations'], 'max_iterations', 1, 100), p=_number(p['alpha'], 'alpha', 1e-12, 1 - 1e-12), pad=_integer(p['pad'], 'pad', -1, 6), taperBandWidth=bandwidth, taperWindowSize=win, taperWindowStep=step, fScanBandWidth=scan, tau=_number(p['smoothing'], 'smoothing', 1, 1000000.0))
    (cleaned, artifacts) = _run(data * 1000000.0, fs, cfg, source, runtime, timeout, 'cleanline')
    cleaned = cleaned * 1e-06
    out = x.copy().load_data()
    out._data[idx] = cleaned
    nw = int(round(win * fs))
    ns = int(round(step * fs))
    covered = (n - nw) // ns * ns + nw
    cleaned[:, covered:] = data[:, covered:]
    out._data[idx] = cleaned
    artifacts.update(native_unit='uV', output_unit='V', picks=list(p['picks']), covered_samples=covered, untouched_tail_samples=n - covered, dpss_NW=win * bandwidth / 2, dpss_K=k, removed=data - cleaned)
    return {'data': out, 'model': None, 'artifacts': artifacts}

def eeg_sine_regression(op, x, model=None, **p):
    if model is not None:
        raise ValueError('operation does not accept model')
    if op == 'spectrum_fit':
        return _operation_spectrum_fit(op, x, model=None, **p)
    if op == 'cleanline':
        return _operation_cleanline(op, x, model=None, **p)
    raise NotImplementedError(op)
",多锥窗正弦估计扣除：spectrum_fit 按给定频率估计；CleanLine v2 按固定/扫描频率的 F 检验、sigmoid 交叠及线频 dB 变化迭代。,移除信号（V）、实际参数和警告。cleanline另返有效作者配置、第一窗F/复振幅/阈值、逐通道迭代频率与dB变化、覆盖/尾段样点和源码摘要/运行日志；作者计算单位µV。,频率及窗口设计有效，有限输入的输出有限且同形；cleanline须匹配固定作者源码和Octave 11.3.x/signal 1.4.8/statistics 1.7.7，尾段原样保留。,固定版本逐值对照、原输入保持、非法参数及操作迁移测试；见 proposal/core/results。,
EEG-RESAMPLE,resample 接受 Raw/Epochs；FFT及显式FIR变体接受连续 Raw。电位V，events为当前输入绝对样点。 decimate仅接受已加载有限Epochs；decim>1时输入lowpass≤目标sfreq/3。,data=同类电位对象，sfreq/样点数改变；Epochs.events 继续表示原记录样点。 decimate按时间零点和offset抽取，原始events/selection/Trial身份保留。,"resample: sfreq:有限正实数标量 Hz，不接受布尔值/字符串/一元素数组；events:Raw 为整数 n×3（可空），Epochs 为 None。固定 polyphase 抗混叠。
resample_fft: sfreq>0；events整数n×3；npad=auto|非负整数；window=boxcar|hann|hamming|blackman；pad=reflect_limited|reflect|edge|constant。返回MNE同步整数事件和碰撞索引。resample_fir: sfreq>0；events 有限 n×3（样点可小数、事件码整数）；kernel 奇数长、对称、DC和为1的 FIR 系数。resample_eeglab: sfreq、events 同上；cutoff、transition、ripple 均(0,1)，beta∈[0,30]；EEGLAB 配方 .9/.2/.002/5。固定端点常数填充；保留分数事件并另报整数化碰撞及越界事件，分段前解决。 显式FIR变体保留原事件/注释绝对时钟；输出first_samp向下量化，origin_quantization_s报告网格偏移。
decimate: decim 整数≥1；offset 整数0..decim−1。decim>1时要求lowpass≤原sfreq/decim/3；本操作不另加抗混叠滤波。","# Python 3.12 | MNE 1.10.2 | NumPy 1.26.4 | SciPy 1.15.3
import numpy as np
import mne
from fractions import Fraction
from scipy import signal as _sig

def _args(p, keys):
    expected = set(keys.split())
    if set(p) != expected:
        raise ValueError(f'参数缺失={expected - set(p)}; 未定义={set(p) - expected}')

    def finite(value):
        if isinstance(value, (bool, np.bool_)) or (isinstance(value, np.ndarray) and value.dtype.kind == 'b'):
            raise TypeError('数值参数不能使用布尔值')
        if isinstance(value, np.ndarray) and value.dtype.hasobject:
            finite(value.tolist())
        if isinstance(value, (float, complex, np.number)) and (np.iscomplexobj(value) or not np.isfinite(value)):
            raise ValueError('参数必须为有限实数')
        if isinstance(value, np.ndarray) and value.dtype.kind in 'fc' and (np.iscomplexobj(value) or not np.isfinite(value).all()):
            raise ValueError('数组参数包含复数/NaN/Inf')
        if type(value) is dict:
            for item in value.values():
                finite(item)
        if isinstance(value, (list, tuple)):
            for item in value:
                finite(item)
    for (key, value) in p.items():
        if isinstance(value, (bool, np.bool_)):
            raise TypeError(f'{key} 不接受布尔值代替数值/枚举')
        if key not in {'models', 'artifacts', 'forward', 'projs', 'montage', 'annotations'}:
            finite(value)

def _continuous(raw, bad=False):
    if isinstance(raw, mne.io.BaseRaw):
        prefixes = ('edge', 'bad_acq_skip', 'boundary') + (('bad',) if bad else ())
        if any((d.lower().startswith(prefixes) for d in raw.annotations.description)):
            raise ValueError('存在断点/不允许的BAD段；先按有效连续区间拆分')

def _copy(x):
    if not isinstance(x, (mne.io.BaseRaw, mne.BaseEpochs)):
        raise TypeError('需要 MNE Raw/Epochs，电位单位 V')
    if isinstance(x, mne.BaseEpochs) and (not x.preload):
        raise ValueError('Epochs须已preload并记录已有drop_log，禁止普通操作隐式加载/剔除Trial')
    y = x.copy().load_data()
    values = y.get_data()
    if not values.size or np.iscomplexobj(values) or (not np.isfinite(values).all()):
        raise ValueError('空数据、复数或 NaN/Inf，先返回接入异常流程')
    return y

def _operation_resample(op, x, **p):
    y = _copy(x)
    _args(p, 'sfreq events')
    _number(p['sfreq'], 'sfreq', 0, strict_low=True)
    if p['sfreq'] <= 0:
        raise ValueError('sfreq > 0')
    if isinstance(y, mne.io.BaseRaw):
        if p['events'] is None:
            raise ValueError('Raw 必须显式传入事件数组，允许 shape=(0,3)')
        _continuous(y)
        (y, events) = y.resample(p['sfreq'], events=_events(p['events'], y), method='polyphase')
        _events(events, y)
    else:
        if p['events'] is not None:
            raise ValueError('Epochs events 必须为 None；原始 events 不重标样点')
        y.resample(p['sfreq'], method='polyphase')
        events = y.events.copy()
    return _out(y, events=events, sfreq=y.info['sfreq'])

def _events(events, raw=None):
    e = np.asarray(events)
    if e.dtype.kind not in 'iu' or e.ndim != 2 or e.shape[1] != 3:
        raise ValueError('events 必须为整数 n×3，禁止自动截断小数')
    if len(e) and (np.any(e[:, 0] < 0) or np.any(np.diff(e[:, 0].astype(float)) <= 0)):
        raise ValueError('events 样点必须非负且严格递增；有重复/碰撞')
    if raw is not None and len(e) and (e[0, 0] < raw.first_samp or e[-1, 0] > raw.last_samp):
        raise ValueError('events 超出当前 Raw 范围')
    return e.astype(np.int64, copy=True)

def _number(value, name, low=None, high=None, strict_low=False):
    if isinstance(value, (bool, np.bool_)) or not isinstance(value, (int, float, np.integer, np.floating)) or (not np.isfinite(value)):
        raise ValueError(name + ' requires finite real scalar')
    if low is not None and (value <= low if strict_low else value < low):
        raise ValueError(name + ' below permitted range')
    if high is not None and value > high:
        raise ValueError(name + ' above permitted range')

def _out(data=None, model=None, **artifacts):

    def finite(v):
        if isinstance(v, (mne.io.BaseRaw, mne.BaseEpochs)):
            v = v.get_data()
        if isinstance(v, mne.time_frequency.BaseTFR):
            v = v.data
        if isinstance(v, np.ndarray) and (not v.size or not np.isfinite(v).all()):
            raise ValueError('输出为空或包含 NaN/Inf')
        if isinstance(v, (list, tuple)):
            for item in v:
                finite(item)
    finite(data)
    if isinstance(model, dict):
        finite(model.get('estimator'))
    return {'data': data, 'model': model, 'artifacts': artifacts}

def _sig_continuous(y):
    if isinstance(y, mne.io.BaseRaw) and any((str(d).lower().startswith(('boundary', 'edge', 'bad_acq_skip', 'bad boundary', 'bad_boundary')) for d in y.annotations.description)):
        raise ValueError('split acquisition boundaries before this operation')

def _sig_events(events, y, fractional=False):
    a = np.asarray(events)
    allowed = 'iuf' if fractional else 'iu'
    if a.dtype.kind not in allowed or a.ndim != 2 or a.shape[1] != 3 or (not np.isfinite(a).all()):
        raise ValueError('events requires finite n×3 sample table')
    if len(a) and (np.any(np.diff(a[:, 0]) <= 0) or np.any(a[:, 0] < y.first_samp) or np.any(a[:, 0] > y.last_samp)):
        raise ValueError('events outside input or non-increasing')
    if fractional and np.any(a[:, 1:] != np.round(a[:, 1:])):
        raise ValueError('event codes must be integers')
    return a.copy()

def _operation_resample_fft(x, **p):
    _args(p, 'sfreq events npad window pad')
    y = _copy(x)
    if not isinstance(y, mne.io.BaseRaw):
        raise ValueError('FFT resample requires Raw')
    _sig_continuous(y)
    _number(p['sfreq'], 'sfreq', 0, strict_low=True)
    events = _sig_events(p['events'], y)
    if p['npad'] != 'auto':
        _sig_int(p['npad'], 'npad')
    if p['window'] not in ('boxcar', 'hann', 'hamming', 'blackman'):
        raise ValueError('unsupported named FFT window')
    if p['pad'] not in ('reflect_limited', 'reflect', 'edge', 'constant'):
        raise ValueError('unsupported padding')
    (out, event_out) = y.resample(p['sfreq'], npad=p['npad'], window=p['window'], pad=p['pad'], events=events, method='fft', verbose=False)
    collisions = np.flatnonzero(np.diff(event_out[:, 0]) == 0) + 1
    return _out(out, events=event_out, collision_indices=collisions, sfreq=out.info['sfreq'], method='fft', npad=p['npad'], window=p['window'], pad=p['pad'])

def _sig_int(value, name, minimum=0):
    if isinstance(value, (bool, np.bool_)) or not isinstance(value, (int, np.integer)) or value < minimum:
        raise ValueError(name + ' requires an integer >= ' + str(minimum))
    return int(value)

def _operation_resample_fir(x, **p):
    _args(p, 'sfreq events kernel')
    y = _copy(x)
    if not isinstance(y, mne.io.BaseRaw):
        raise ValueError('resample_fir requires continuous Raw')
    _sig_continuous(y)
    _number(p['sfreq'], 'sfreq', 0, strict_low=True)
    oldfs = y.info['sfreq']
    ratio = Fraction(float(p['sfreq'] / oldfs)).limit_denominator(100000)
    (up, down) = (ratio.numerator, ratio.denominator)
    if not np.isclose(up / down, p['sfreq'] / oldfs, rtol=0, atol=1e-12):
        raise ValueError('sampling ratio not representable within limit')
    kernel = np.asarray(p['kernel'])
    if kernel.dtype.kind not in 'iuf' or kernel.ndim != 1 or len(kernel) < 3 or (len(kernel) % 2 != 1) or (not np.isfinite(kernel).all()) or (not np.allclose(kernel, kernel[::-1], rtol=1e-12, atol=1e-15)) or (not np.isclose(kernel.sum(), 1.0, rtol=1e-10, atol=1e-14)):
        raise ValueError('odd symmetric finite unit-DC FIR kernel required')
    events = _sig_events(p['events'], y, fractional=True)
    n_pad = int(np.ceil((len(kernel) - 1) / 2 / down) * down)
    old = y.get_data()
    padded = np.pad(old, ((0, 0), (n_pad, n_pad)), mode='edge')
    values = _sig.resample_poly(padded, up, down, axis=-1, window=kernel, padtype='constant')
    trim = n_pad * up // down
    values = values[:, trim:len(values[0]) - trim] if trim else values
    expected = int(np.ceil(y.n_times * up / down))
    if values.shape[1] != expected:
        raise RuntimeError('resampling length mismatch')
    info = y.info.copy()
    with info._unlock():
        info['sfreq'] = float(p['sfreq'])
        info['lowpass'] = min(info['lowpass'], float(p['sfreq']) / 2)
    first = int(np.floor(y.first_samp * up / down))
    out = mne.io.RawArray(values, info, first_samp=first, verbose=False)
    relative_onsets = y.annotations.onset - out.first_time
    ann = mne.Annotations(relative_onsets.copy(), y.annotations.duration.copy(), y.annotations.description.copy(), orig_time=None, ch_names=y.annotations.ch_names)
    out.set_annotations(ann)
    mapped = events.astype(float)
    mapped[:, 0] = events[:, 0] * up / down
    rounded = mapped.copy()
    rounded[:, 0] = np.floor(mapped[:, 0] + 0.5)
    collisions = np.flatnonzero(np.diff(rounded[:, 0]) == 0) + 1
    outside = np.flatnonzero((rounded[:, 0] < out.first_samp) | (rounded[:, 0] > out.last_samp))
    return _out(out, events_fractional=mapped, events_nearest=rounded.astype(np.int64), collision_indices=collisions, out_of_range_event_indices=outside, up=up, down=down, kernel=kernel.copy(), endpoint_padding=n_pad, input_first_samp=y.first_samp, output_first_samp=first, origin_quantization_s=out.first_time - y.first_time, event_frame='absolute output samples; validate collisions and out_of_range_event_indices before Epochs')

def _operation_resample_eeglab(x, **p):
    _args(p, 'sfreq events cutoff transition ripple beta')
    y = _copy(x)
    if not isinstance(y, mne.io.BaseRaw):
        raise ValueError('continuous Raw required')
    _number(p['sfreq'], 'sfreq', 0, strict_low=True)
    for key in ('cutoff', 'transition', 'ripple'):
        _number(p[key], key, 0, 1, strict_low=True)
    if p['cutoff'] >= 1 or p['ripple'] >= 1 or p['transition'] >= 1:
        raise ValueError('cutoff/transition/ripple require values <1')
    _number(p['beta'], 'beta', 0, 30)
    ratio = Fraction(float(p['sfreq'] / y.info['sfreq'])).limit_denominator(100000)
    scale = max(ratio.numerator, ratio.denominator)
    fc = p['cutoff'] / scale
    df = p['transition'] / scale
    order = int(np.ceil((1 + (-20 * np.log10(p['ripple']) - 8) / (2.285 * np.pi * df)) / 2) * 2)
    if order < 2 or order > 100000:
        raise ValueError('derived FIR order unsupported')
    kernel = _sig.firwin(order + 1, fc, window=('kaiser', p['beta']), scale=True)
    result = _sig_resample_fir(y, sfreq=p['sfreq'], events=p['events'], kernel=kernel)
    result['artifacts'].update(cutoff=p['cutoff'], transition=p['transition'], ripple=p['ripple'], beta=p['beta'], fir_order=order, normalized_cutoff=fc, normalized_transition=df)
    return result

def _sig_resample_fir(x, **p):
    _args(p, 'sfreq events kernel')
    y = _copy(x)
    if not isinstance(y, mne.io.BaseRaw):
        raise ValueError('resample_fir requires continuous Raw')
    _sig_continuous(y)
    _number(p['sfreq'], 'sfreq', 0, strict_low=True)
    oldfs = y.info['sfreq']
    ratio = Fraction(float(p['sfreq'] / oldfs)).limit_denominator(100000)
    (up, down) = (ratio.numerator, ratio.denominator)
    if not np.isclose(up / down, p['sfreq'] / oldfs, rtol=0, atol=1e-12):
        raise ValueError('sampling ratio not representable within limit')
    kernel = np.asarray(p['kernel'])
    if kernel.dtype.kind not in 'iuf' or kernel.ndim != 1 or len(kernel) < 3 or (len(kernel) % 2 != 1) or (not np.isfinite(kernel).all()) or (not np.allclose(kernel, kernel[::-1], rtol=1e-12, atol=1e-15)) or (not np.isclose(kernel.sum(), 1.0, rtol=1e-10, atol=1e-14)):
        raise ValueError('odd symmetric finite unit-DC FIR kernel required')
    events = _sig_events(p['events'], y, fractional=True)
    n_pad = int(np.ceil((len(kernel) - 1) / 2 / down) * down)
    old = y.get_data()
    padded = np.pad(old, ((0, 0), (n_pad, n_pad)), mode='edge')
    values = _sig.resample_poly(padded, up, down, axis=-1, window=kernel, padtype='constant')
    trim = n_pad * up // down
    values = values[:, trim:len(values[0]) - trim] if trim else values
    expected = int(np.ceil(y.n_times * up / down))
    if values.shape[1] != expected:
        raise RuntimeError('resampling length mismatch')
    info = y.info.copy()
    with info._unlock():
        info['sfreq'] = float(p['sfreq'])
        info['lowpass'] = min(info['lowpass'], float(p['sfreq']) / 2)
    first = int(np.floor(y.first_samp * up / down))
    out = mne.io.RawArray(values, info, first_samp=first, verbose=False)
    relative_onsets = y.annotations.onset - out.first_time
    ann = mne.Annotations(relative_onsets.copy(), y.annotations.duration.copy(), y.annotations.description.copy(), orig_time=None, ch_names=y.annotations.ch_names)
    out.set_annotations(ann)
    mapped = events.astype(float)
    mapped[:, 0] = events[:, 0] * up / down
    rounded = mapped.copy()
    rounded[:, 0] = np.floor(mapped[:, 0] + 0.5)
    collisions = np.flatnonzero(np.diff(rounded[:, 0]) == 0) + 1
    outside = np.flatnonzero((rounded[:, 0] < out.first_samp) | (rounded[:, 0] > out.last_samp))
    return _out(out, events_fractional=mapped, events_nearest=rounded.astype(np.int64), collision_indices=collisions, out_of_range_event_indices=outside, up=up, down=down, kernel=kernel.copy(), endpoint_padding=n_pad, input_first_samp=y.first_samp, output_first_samp=first, origin_quantization_s=out.first_time - y.first_time, event_frame='absolute output samples; validate collisions and out_of_range_event_indices before Epochs')

def _operation_decimate(x, **p):
    _args(p, 'decim offset')
    y = _copy(x)
    if not isinstance(y, mne.BaseEpochs):
        raise ValueError('decimate requires Epochs')
    d = _sig_int(p['decim'], 'decim', 1)
    offset = _sig_int(p['offset'], 'offset')
    if offset >= d:
        raise ValueError('offset must be < decim')
    if d > 1 and y.info['lowpass'] > y.info['sfreq'] / d / 3:
        raise ValueError('apply lowpass <= target sfreq/3 before decimation')
    old_times = y.times.copy()
    y.decimate(d, offset=offset, verbose=False)
    if not y.get_data().size:
        raise ValueError('decimation left no samples')
    indices = np.array([np.argmin(abs(old_times - t)) for t in y.times], dtype=np.int64)
    return _out(y, retained_time_indices=indices, old_times=old_times, new_times=y.times.copy(), decim=d, offset=offset)

def eeg_resample(op, x, model=None, **p):
    if model is not None:
        raise ValueError('operation does not accept model')
    if op == 'resample':
        return _operation_resample(op, x, **p)
    if op == 'resample_fft':
        return _operation_resample_fft(x, **p)
    if op == 'resample_fir':
        return _operation_resample_fir(x, **p)
    if op == 'resample_eeglab':
        return _operation_resample_eeglab(x, **p)
    if op == 'decimate':
        return _operation_decimate(x, **p)
    raise NotImplementedError(op)
",更改采样网格：含抗混叠重采样及已低通 Epochs 的直接样点抽取。,默认 resample 返回 events/sfreq；FIR 变体返回 events_fractional、events_nearest、collision_indices、out_of_range_event_indices、up/down、kernel 和端点填充数。 origin_quantization_s为输出首样点网格相对原起点的秒数偏移。 decimate另返抽取索引与新旧时间轴。,输出样点与时基正确；整数事件碰撞及越界有明确索引，分段前处理。,固定版本逐值对照、原输入保持、非法参数及操作迁移测试；见 proposal/core/results。,
EEG-REREFERENCE,Raw 或已加载 Epochs，电位 V；供体和应用目标均为显式唯一 EEG 名称，可包含已有坏道标记；NaN 仅显式 propagate。,estimate 返回原数据副本和参考向量模型；apply 仅从 targets 扣除模型向量，标记已应用参考。,"reference_estimate 必需 donors,reference_id（非空字符串）；estimator=nanmean|nanmedian（默认nanmean），nonfinite=reject|propagate。reference_apply 必需 targets；model 为估计所得同一采样/epoch选择/时基的参考向量；nonfinite=reject|propagate。向量必须有限，Raw形状(T,)，Epochs形状(E,T)。
reference: ref_channels=""average""或非空EEG通道名列表；列表等权平均，含单电极或双乳突。
relax_car: original_channels 为已临时补齐的原始头皮轴；confirmed_bad_channels 与当前坏 EEG 集合一致；reference_id 非空。所有原始头皮道求和除以 C+1，减后删回坏道；无待处理投影。辅助通道不参与。","# Python 3.12 | MNE 1.10.2 | NumPy 1.26.4 | SciPy 1.15.3 | scikit-learn 1.6.1
import numpy as np
import mne
from numbers import Integral, Real

def _args(p, keys):
    expected = set(keys.split())
    if set(p) != expected:
        raise ValueError(f'参数缺失={expected - set(p)}; 未定义={set(p) - expected}')

    def finite(value):
        if isinstance(value, (bool, np.bool_)) or (isinstance(value, np.ndarray) and value.dtype.kind == 'b'):
            raise TypeError('数值参数不能使用布尔值')
        if isinstance(value, np.ndarray) and value.dtype.hasobject:
            finite(value.tolist())
        if isinstance(value, (float, complex, np.number)) and (np.iscomplexobj(value) or not np.isfinite(value)):
            raise ValueError('参数必须为有限实数')
        if isinstance(value, np.ndarray) and value.dtype.kind in 'fc' and (np.iscomplexobj(value) or not np.isfinite(value).all()):
            raise ValueError('数组参数包含复数/NaN/Inf')
        if type(value) is dict:
            for item in value.values():
                finite(item)
        if isinstance(value, (list, tuple)):
            for item in value:
                finite(item)
    for (key, value) in p.items():
        if isinstance(value, (bool, np.bool_)):
            raise TypeError(f'{key} 不接受布尔值代替数值/枚举')
        if key not in {'models', 'artifacts', 'forward', 'projs', 'montage', 'annotations'}:
            finite(value)

def _copy(x):
    if not isinstance(x, (mne.io.BaseRaw, mne.BaseEpochs)):
        raise TypeError('需要 MNE Raw/Epochs，电位单位 V')
    if isinstance(x, mne.BaseEpochs) and (not x.preload):
        raise ValueError('Epochs须已preload并记录已有drop_log，禁止普通操作隐式加载/剔除Trial')
    y = x.copy().load_data()
    values = y.get_data()
    if not values.size or np.iscomplexobj(values) or (not np.isfinite(values).all()):
        raise ValueError('空数据、复数或 NaN/Inf，先返回接入异常流程')
    return y

def _ids(ids):
    if not isinstance(ids, (list, tuple)) or not ids or any((not isinstance(i, str) or not i.strip() for i in ids)) or (len(set(ids)) != len(ids)):
        raise ValueError('ID 必须为非空、唯一的字符串列表')

def _channels(x, names, kind='eeg'):
    _ids(names)
    valid = {n for (n, t) in zip(x.ch_names, x.get_channel_types()) if t == kind}
    if not set(names) <= valid:
        raise ValueError(f'需要已有 {kind} 通道列表')

def _out(data=None, model=None, **artifacts):

    def finite(v):
        if isinstance(v, (mne.io.BaseRaw, mne.BaseEpochs)):
            v = v.get_data()
        if isinstance(v, mne.time_frequency.BaseTFR):
            v = v.data
        if isinstance(v, np.ndarray) and (not v.size or not np.isfinite(v).all()):
            raise ValueError('输出为空或包含 NaN/Inf')
        if isinstance(v, (list, tuple)):
            for item in v:
                finite(item)
    finite(data)
    if isinstance(model, dict):
        finite(model.get('estimator'))
    return {'data': data, 'model': model, 'artifacts': artifacts}

def _eeg_rereference_reference(op, x, **p):
    y = _copy(x)
    _args(p, 'ref_channels')
    if p['ref_channels'] == 'REST':
        raise ValueError('REST 使用独立 rest 分支')
    if p['ref_channels'] != 'average' and (not isinstance(p['ref_channels'], list) or not p['ref_channels']):
        raise ValueError('指定参考需非空通道列表')
    if p['ref_channels'] == 'average' and len(mne.pick_types(y.info, eeg=True, exclude='bads')) < 2:
        raise ValueError('CAR 至少2个好 EEG')
    if isinstance(p['ref_channels'], list) and set(p['ref_channels']) & set(y.info['bads']):
        raise ValueError('指定参考包含坏道')
    if isinstance(p['ref_channels'], list):
        _channels(y, p['ref_channels'])
    y.set_eeg_reference(ref_channels=p['ref_channels'], projection=False)
    return _out(y, unit='V', representation='potential')

def eeg_rereference(op, x, model=None, **p):
    if op == 'reference':
        if model is not None:
            raise ValueError('此操作不接受模型')
        return _eeg_rereference_reference(op, x, **p)
    raise NotImplementedError(op)


from fractions import Fraction
from scipy import signal as _sig
from scipy.spatial.distance import cdist as _cdist
from numpy.polynomial.legendre import legval as _legval

def _sig_relax_car(x,**p):
    _args(p,'original_channels confirmed_bad_channels reference_id')
    y=_copy(x);original=p['original_channels'];bad=p['confirmed_bad_channels']
    if not isinstance(original,(list,tuple)) or len(original)!=len(set(original)) or not original:raise ValueError('original_channels requires unique names')
    eeg_names=[y.ch_names[i] for i in mne.pick_types(y.info,eeg=True,exclude=[])]
    if set(original)!=set(eeg_names):raise ValueError('temporarily interpolated full original scalp axis required')
    if not isinstance(bad,(list,tuple)) or len(bad)!=len(set(bad)) or not set(bad)<=set(original):raise ValueError('invalid confirmed_bad_channels')
    if len(bad)>=len(original):raise ValueError('cannot drop all EEG channels')
    if set(bad)!=(set(y.info['bads'])&set(eeg_names)):raise ValueError('confirmed bad list differs from temporary input bad state')
    if y.info['projs']:raise ValueError('resolve existing projectors before explicit RELAX reference')
    if not isinstance(p['reference_id'],str) or not p['reference_id']:raise ValueError('reference_id required')
    idx=[y.ch_names.index(k) for k in original];values=y.get_data();axis=0 if values.ndim==2 else 1
    selected=values[idx] if axis==0 else values[:,idx,:]
    reference=selected.sum(axis=axis,keepdims=True)/(len(original)+1)
    if axis==0:y._data[idx]=selected-reference
    else:y._data[:,idx,:]=selected-reference
    y.drop_channels(list(bad))
    with y.info._unlock():y.info['custom_ref_applied']=1
    return _out(y,reference=reference,reference_channels=list(original)+['initialReference_zero'],reference_id=p['reference_id'],removed_channels=list(bad),channel_order=list(y.ch_names),rank=int(np.linalg.matrix_rank(y.get_data(picks='eeg') if isinstance(y,mne.io.BaseRaw) else y.get_data(picks='eeg').transpose(1,0,2).reshape(len(eeg_names)-len(bad),-1))))

_legacy_eeg_rereference = eeg_rereference

def eeg_rereference(op,x,model=None,**p):
    if op == 'relax_car':
        if model is not None: raise ValueError('operation does not accept model')
        return _sig_relax_car(x,**p)
    return _legacy_eeg_rereference(op,x,model=model,**p)


# Extensions for the frozen MNE 1.10.2 / PyPREP 0.7.1 contracts.
import copy as _core_copylib
import hashlib as _core_hashlib
import importlib.metadata as _core_metadata
import warnings as _core_warnings
import json as _core_json
import numpy as np
import mne

def _core_kwargs(p, defaults, required=()):
    missing=set(required)-set(p);unknown=set(p)-set(defaults)
    if missing or unknown:raise ValueError('missing parameters='+str(sorted(missing))+'; unknown='+str(sorted(unknown)))
    return dict(defaults,**p)

def _core_bool(value,name):
    if not isinstance(value,(bool,np.bool_)):raise TypeError(name+' must be boolean')
    return bool(value)

def _core_int(value,name,low=0,high=None):
    if isinstance(value,(bool,np.bool_)) or not isinstance(value,(int,np.integer)) or value<low or (high is not None and value>high):raise ValueError(name+' invalid integer')
    return int(value)

def _core_real(value,name,low=None,high=None,strict=False):
    if isinstance(value,(bool,np.bool_)) or not isinstance(value,(int,float,np.integer,np.floating)) or not np.isfinite(value):raise ValueError(name+' must be finite real')
    if low is not None and (value<=low if strict else value<low):raise ValueError(name+' below range')
    if high is not None and value>high:raise ValueError(name+' above range')
    return float(value)

def _core_raw(x,allow_nan=False,epochs=False):
    if not isinstance(x,(mne.io.BaseRaw,mne.BaseEpochs) if epochs else mne.io.BaseRaw):raise TypeError('expected '+('Raw/Epochs' if epochs else 'Raw'))
    if isinstance(x,mne.BaseEpochs) and not x.preload:raise ValueError('Epochs must be preloaded')
    y=x.copy().load_data();a=y.get_data()
    if not a.size or np.iscomplexobj(a) or np.isinf(a).any() or (not allow_nan and np.isnan(a).any()):raise ValueError('empty, complex or unsupported nonfinite signal')
    return y

def _core_names(y,names,allow_empty=False):
    if not isinstance(names,(list,tuple)) or (not names and not allow_empty) or any(not isinstance(n,str) for n in names) or len(set(names))!=len(names):raise ValueError('channel names must be unique')
    good={n for n,t in zip(y.ch_names,y.get_channel_types()) if t=='eeg'}
    if not set(names)<=good:raise ValueError('existing EEG names required')
    return [y.ch_names.index(n) for n in names]

def _core_array_hash(a):
    a=np.ascontiguousarray(a)
    return _core_hashlib.sha256(str((a.dtype.str,a.shape)).encode()+a.tobytes()).hexdigest()

def _core_frame(y):
    return {'sfreq':float(y.info['sfreq']),'n_times':len(y.times),
            'first_samp':int(y.first_samp) if isinstance(y,mne.io.BaseRaw) else None,
            'epoch_selection':None if isinstance(y,mne.io.BaseRaw) else y.selection.tolist(),
            'epoch_events':None if isinstance(y,mne.io.BaseRaw) else y.events.tolist(),
            'tmin':float(y.times[0]),'meas_date':str(y.info.get('meas_date'))}

def _core_raw_hash(y):
    return _core_value_hash({'frame':_core_frame(y),'names':y.ch_names,'types':y.get_channel_types(),
        'bads':y.info['bads'],'data':y.get_data(),'locs':[c['loc'] for c in y.info['chs']],
        'dig':y.info['dig'],'projs':[dict(v) for v in y.info['projs']],
        'custom_ref_applied':int(y.info['custom_ref_applied']),
        'highpass':y.info['highpass'],'lowpass':y.info['lowpass'],
        'annotations':None if y.annotations is None else {'onset':y.annotations.onset,'duration':y.annotations.duration,
            'description':y.annotations.description,'ch_names':y.annotations.ch_names,
            'orig_time':str(y.annotations.orig_time)}})

def _core_value_hash(v):
    def plain(a):
        if isinstance(a,np.ndarray):
            if a.dtype.kind=='O':return {'shape':list(a.shape),'values':plain(a.tolist())}
            return {'dtype':a.dtype.str,'shape':list(a.shape),'hash':_core_array_hash(a)}
        if isinstance(a,np.generic):return plain(a.item())
        if isinstance(a,dict):return {str(k):plain(v) for k,v in a.items()}
        if isinstance(a,(list,tuple)):return [plain(v) for v in a]
        if isinstance(a,(str,int,float,bool)) or a is None:return a
        raise TypeError('unsupported state value: '+str(type(a)))
    return _core_hashlib.sha256(_core_json.dumps(plain(v),sort_keys=True,separators=(',',':'),allow_nan=True).encode()).hexdigest()

def _core_out(data,model=None,**artifacts):
    return {'data':data,'model':model,'artifacts':artifacts}

def _core_rng_dump(rng):
    name,keys,pos,has,cached=rng.get_state()
    return {'bit_generator':name,'keys':keys.copy(),'pos':int(pos),'has_gauss':int(has),'cached_gaussian':float(cached)}

def _core_rng(value):
    if value is None:
        rng=np.random.RandomState();rng.set_state(np.random.get_state());return rng
    if isinstance(value,(int,np.integer)) and not isinstance(value,(bool,np.bool_)):
        return np.random.RandomState(_core_int(value,'random_state',0,2**32-1))
    if not isinstance(value,dict) or set(value)!={'bit_generator','keys','pos','has_gauss','cached_gaussian'} or value['bit_generator']!='MT19937':raise ValueError('random_state must be None, uint32 seed, or MT19937 state')
    keys=np.asarray(value['keys'])
    if keys.shape!=(624,) or keys.dtype.kind not in 'iu' or np.any(keys<0) or np.any(keys>2**32-1):raise ValueError('invalid MT19937 keys')
    pos=_core_int(value['pos'],'pos',0,624);has=_core_int(value['has_gauss'],'has_gauss',0,1);cached=_core_real(value['cached_gaussian'],'cached_gaussian')
    rng=np.random.RandomState();rng.set_state(('MT19937',keys.astype(np.uint32),pos,has,cached));return rng

def _core_versions():
    if _core_metadata.version('pyprep')!='0.7.1' or mne.__version__!='1.10.2':raise RuntimeError('profile requires PyPREP 0.7.1 and MNE 1.10.2')

def _core_nonfinite_policy(value):
    if value not in ('reject','propagate'):raise ValueError('nonfinite must be reject or propagate')
    return value=='propagate'

_core_previous_reference=eeg_rereference

def eeg_rereference(op,x,model=None,**p):
    if op not in ('reference_estimate','reference_apply'):return _core_previous_reference(op,x,model=model,**p)
    if op=='reference_estimate':
        if model is not None:raise ValueError('estimate does not accept model')
        p=_core_kwargs(p,{'donors':None,'estimator':'nanmean','reference_id':None,'nonfinite':'reject'},('donors','reference_id'))
        if p['estimator'] not in ('nanmean','nanmedian'):raise ValueError('estimator must be nanmean or nanmedian')
        if not isinstance(p['reference_id'],str) or not p['reference_id'].strip():raise ValueError('reference_id is required')
        y=_core_raw(x,allow_nan=_core_nonfinite_policy(p['nonfinite']),epochs=True);idx=_core_names(y,p['donors'])
        data=y.get_data();axis=0 if data.ndim==2 else 1;selected=np.take(data,idx,axis=axis)
        with _core_warnings.catch_warnings(record=True) as caught:
            _core_warnings.simplefilter('always');reference=getattr(np,p['estimator'])(selected,axis=axis)
        if not np.isfinite(reference).all():raise ValueError('reference undefined at samples with no finite donors')
        fitted={'kind':'eeg_reference_vector_v1','reference':reference.copy(),'frame':_core_frame(y),
            'donor_channels':list(p['donors']),'estimator':p['estimator'],'reference_id':p['reference_id'],
            'source_hash':_core_raw_hash(y)}
        return _core_out(y,fitted,reference_V=reference.copy(),warnings=[str(w.message) for w in caught])
    p=_core_kwargs(p,{'targets':None,'nonfinite':'reject'},('targets',))
    if not isinstance(model,dict) or model.get('kind')!='eeg_reference_vector_v1':raise ValueError('reference_estimate model required')
    y=_core_raw(x,allow_nan=_core_nonfinite_policy(p['nonfinite']),epochs=True);idx=_core_names(y,p['targets'])
    if _core_frame(y)!=model.get('frame'):raise ValueError('reference time/epoch frame mismatch')
    ref=np.asarray(model['reference']);expected=(y.n_times,) if isinstance(y,mne.io.BaseRaw) else (len(y),len(y.times))
    if ref.shape!=expected or not np.isfinite(ref).all():raise ValueError('invalid reference vector shape/value')
    if isinstance(y,mne.io.BaseRaw):y._data[idx]-=ref[None,:]
    else:y._data[:,idx,:]-=ref[:,None,:]
    with y.info._unlock():y.info['custom_ref_applied']=1
    return _core_out(y,_core_copylib.deepcopy(model),reference_V=ref.copy(),reference_id=model['reference_id'],targets=list(p['targets']))
",参考向量估计及对独立目标通道应用；兼容均值参考和 RELAX CAR。,供体/目标名单、参考ID、源数据哈希和参考向量。,参考总体与目标显式确定；估计的每个时点至少有一个有限供体。,通过固定版本数值对照、输入保持和无效参数检查；验收收据见 core/results。,
EEG-REST,Raw/Epochs 电位（V）；mne.Forward 与通道、几何和参考兼容。,data=同形 REST 参考电位（V）。,rest: forward:mne.Forward 对象。,"# Python 3.12 | MNE 1.10.2 | NumPy 1.26.4 | SciPy 1.15.3 | scikit-learn 1.6.1
import numpy as np
import mne
from numbers import Integral, Real

def _args(p, keys):
    expected = set(keys.split())
    if set(p) != expected:
        raise ValueError(f'参数缺失={expected - set(p)}; 未定义={set(p) - expected}')

    def finite(value):
        if isinstance(value, (bool, np.bool_)) or (isinstance(value, np.ndarray) and value.dtype.kind == 'b'):
            raise TypeError('数值参数不能使用布尔值')
        if isinstance(value, np.ndarray) and value.dtype.hasobject:
            finite(value.tolist())
        if isinstance(value, (float, complex, np.number)) and (np.iscomplexobj(value) or not np.isfinite(value)):
            raise ValueError('参数必须为有限实数')
        if isinstance(value, np.ndarray) and value.dtype.kind in 'fc' and (np.iscomplexobj(value) or not np.isfinite(value).all()):
            raise ValueError('数组参数包含复数/NaN/Inf')
        if type(value) is dict:
            for item in value.values():
                finite(item)
        if isinstance(value, (list, tuple)):
            for item in value:
                finite(item)
    for (key, value) in p.items():
        if isinstance(value, (bool, np.bool_)):
            raise TypeError(f'{key} 不接受布尔值代替数值/枚举')
        if key not in {'models', 'artifacts', 'forward', 'projs', 'montage', 'annotations'}:
            finite(value)

def _copy(x):
    if not isinstance(x, (mne.io.BaseRaw, mne.BaseEpochs)):
        raise TypeError('需要 MNE Raw/Epochs，电位单位 V')
    if isinstance(x, mne.BaseEpochs) and (not x.preload):
        raise ValueError('Epochs须已preload并记录已有drop_log，禁止普通操作隐式加载/剔除Trial')
    y = x.copy().load_data()
    values = y.get_data()
    if not values.size or np.iscomplexobj(values) or (not np.isfinite(values).all()):
        raise ValueError('空数据、复数或 NaN/Inf，先返回接入异常流程')
    return y

def _out(data=None, model=None, **artifacts):

    def finite(v):
        if isinstance(v, (mne.io.BaseRaw, mne.BaseEpochs)):
            v = v.get_data()
        if isinstance(v, mne.time_frequency.BaseTFR):
            v = v.data
        if isinstance(v, np.ndarray) and (not v.size or not np.isfinite(v).all()):
            raise ValueError('输出为空或包含 NaN/Inf')
        if isinstance(v, (list, tuple)):
            for item in v:
                finite(item)
    finite(data)
    if isinstance(model, dict):
        finite(model.get('estimator'))
    return {'data': data, 'model': model, 'artifacts': artifacts}

def _eeg_rest_rest(op, x, **p):
    y = _copy(x)
    _args(p, 'forward')
    if p['forward'] is None:
        raise ValueError('REST 缺 forward')
    y.set_eeg_reference(ref_channels='REST', forward=p['forward'], projection=False)
    return _out(y, unit='V', representation='potential')

def eeg_rest(op, x, model=None, **p):
    if op == 'rest':
        if model is not None:
            raise ValueError('此操作不接受模型')
        return _eeg_rest_rest(op, x, **p)
    raise NotImplementedError(op)
",REST 无穷远参考。,unit=V；representation=potential。,forward 与通道、几何和参考兼容；缺失模型时报错。,验收项：forward/通道对齐、缺模型失败及参考后的秩,
EEG-CSD,头皮 Raw/Epochs 电位（V）；坐标和球模型有效，info.bads 中无坏 EEG。,data=同形空间导数（V/m²），通道类型 csd；后续保留 spatial_derivative 角色。,"csd: sphere=""auto""或四个有限实数(x,y,z,r)米，坐标拒绝布尔值且 r>0；0≤lambda2<1；stiffness≥0；n_legendre_terms:正整数。","# Python 3.12 | MNE 1.10.2 | NumPy 1.26.4 | SciPy 1.15.3 | scikit-learn 1.6.1
import numpy as np
import mne
from numbers import Integral, Real

def _vector(value, name, length):
    _sequence(value, name, length)
    for item in value:
        _number(item, name)

def _sequence(value, name, length=None):
    if not isinstance(value, (list, tuple, np.ndarray)) or (isinstance(value, np.ndarray) and value.ndim != 1):
        raise TypeError(name + '需要一维列表/元组/数组')
    if length is not None and len(value) != length:
        raise ValueError(name + '长度错误')

def _number(value, name, low=None, high=None, strict_low=False):
    if isinstance(value, (bool, np.bool_)) or not isinstance(value, Real) or (not np.isfinite(value)):
        raise ValueError(name + '需要有限实数标量')
    if low is not None and (value <= low if strict_low else value < low):
        raise ValueError(name + '低于允许范围')
    if high is not None and value > high:
        raise ValueError(name + '高于允许范围')

def _args(p, keys):
    expected = set(keys.split())
    if set(p) != expected:
        raise ValueError(f'参数缺失={expected - set(p)}; 未定义={set(p) - expected}')

    def finite(value):
        if isinstance(value, (bool, np.bool_)) or (isinstance(value, np.ndarray) and value.dtype.kind == 'b'):
            raise TypeError('数值参数不能使用布尔值')
        if isinstance(value, np.ndarray) and value.dtype.hasobject:
            finite(value.tolist())
        if isinstance(value, (float, complex, np.number)) and (np.iscomplexobj(value) or not np.isfinite(value)):
            raise ValueError('参数必须为有限实数')
        if isinstance(value, np.ndarray) and value.dtype.kind in 'fc' and (np.iscomplexobj(value) or not np.isfinite(value).all()):
            raise ValueError('数组参数包含复数/NaN/Inf')
        if type(value) is dict:
            for item in value.values():
                finite(item)
        if isinstance(value, (list, tuple)):
            for item in value:
                finite(item)
    for (key, value) in p.items():
        if isinstance(value, (bool, np.bool_)):
            raise TypeError(f'{key} 不接受布尔值代替数值/枚举')
        if key not in {'models', 'artifacts', 'forward', 'projs', 'montage', 'annotations'}:
            finite(value)

def _copy(x):
    if not isinstance(x, (mne.io.BaseRaw, mne.BaseEpochs)):
        raise TypeError('需要 MNE Raw/Epochs，电位单位 V')
    if isinstance(x, mne.BaseEpochs) and (not x.preload):
        raise ValueError('Epochs须已preload并记录已有drop_log，禁止普通操作隐式加载/剔除Trial')
    y = x.copy().load_data()
    values = y.get_data()
    if not values.size or np.iscomplexobj(values) or (not np.isfinite(values).all()):
        raise ValueError('空数据、复数或 NaN/Inf，先返回接入异常流程')
    return y

def _out(data=None, model=None, **artifacts):

    def finite(v):
        if isinstance(v, (mne.io.BaseRaw, mne.BaseEpochs)):
            v = v.get_data()
        if isinstance(v, mne.time_frequency.BaseTFR):
            v = v.data
        if isinstance(v, np.ndarray) and (not v.size or not np.isfinite(v).all()):
            raise ValueError('输出为空或包含 NaN/Inf')
        if isinstance(v, (list, tuple)):
            for item in v:
                finite(item)
    finite(data)
    if isinstance(model, dict):
        finite(model.get('estimator'))
    return {'data': data, 'model': model, 'artifacts': artifacts}

def _eeg_csd_csd(op, x, **p):
    y = _copy(x)
    _args(p, 'sphere lambda2 stiffness n_legendre_terms')
    if not isinstance(p['sphere'], str) or p['sphere'] != 'auto':
        _vector(p['sphere'], 'sphere', 4)
    y = mne.preprocessing.compute_current_source_density(y, copy=True, **p)
    return _out(y, unit='V/m^2', representation='csd')

def eeg_csd(op, x, model=None, **p):
    if op == 'csd':
        if model is not None:
            raise ValueError('此操作不接受模型')
        return _eeg_csd_csd(op, x, **p)
    raise NotImplementedError(op)
",表面拉普拉斯／CSD。计算头皮电位的空间导数。,unit=V/m^2；representation=csd。,坐标有效；输出类型和单位正确，后续分支接收空间导数。,验收项：常量场、几何、csd 类型/单位、秩和边缘电极,
EEG-BAD-CHANNEL-LOF,连续 Raw 电位（V），至少2个好 EEG；候选与分数使用同一好道轴。,data=原波形副本；现有 bads 不变。,"lof_detect: n_neighbors 整数≥1；threshold>0；metric=euclidean|manhattan|chebyshev|cosine|correlation。至少2个好 EEG；实际邻居 min(n_neighbors,好EEG数−1)，返回实际值。","# Python 3.12 | MNE 1.10.2 | NumPy 1.26.4 | SciPy 1.15.3 | scikit-learn 1.6.1
import numpy as np
import mne
from numbers import Integral, Real

def _number(value, name, low=None, high=None, strict_low=False):
    if isinstance(value, (bool, np.bool_)) or not isinstance(value, Real) or (not np.isfinite(value)):
        raise ValueError(name + '需要有限实数标量')
    if low is not None and (value <= low if strict_low else value < low):
        raise ValueError(name + '低于允许范围')
    if high is not None and value > high:
        raise ValueError(name + '高于允许范围')

def _args(p, keys):
    expected = set(keys.split())
    if set(p) != expected:
        raise ValueError(f'参数缺失={expected - set(p)}; 未定义={set(p) - expected}')

    def finite(value):
        if isinstance(value, (bool, np.bool_)) or (isinstance(value, np.ndarray) and value.dtype.kind == 'b'):
            raise TypeError('数值参数不能使用布尔值')
        if isinstance(value, np.ndarray) and value.dtype.hasobject:
            finite(value.tolist())
        if isinstance(value, (float, complex, np.number)) and (np.iscomplexobj(value) or not np.isfinite(value)):
            raise ValueError('参数必须为有限实数')
        if isinstance(value, np.ndarray) and value.dtype.kind in 'fc' and (np.iscomplexobj(value) or not np.isfinite(value).all()):
            raise ValueError('数组参数包含复数/NaN/Inf')
        if type(value) is dict:
            for item in value.values():
                finite(item)
        if isinstance(value, (list, tuple)):
            for item in value:
                finite(item)
    for (key, value) in p.items():
        if isinstance(value, (bool, np.bool_)):
            raise TypeError(f'{key} 不接受布尔值代替数值/枚举')
        if key not in {'models', 'artifacts', 'forward', 'projs', 'montage', 'annotations'}:
            finite(value)

def _copy(x):
    if not isinstance(x, (mne.io.BaseRaw, mne.BaseEpochs)):
        raise TypeError('需要 MNE Raw/Epochs，电位单位 V')
    if isinstance(x, mne.BaseEpochs) and (not x.preload):
        raise ValueError('Epochs须已preload并记录已有drop_log，禁止普通操作隐式加载/剔除Trial')
    y = x.copy().load_data()
    values = y.get_data()
    if not values.size or np.iscomplexobj(values) or (not np.isfinite(values).all()):
        raise ValueError('空数据、复数或 NaN/Inf，先返回接入异常流程')
    return y

def _integer(v, name, minimum=0):
    if isinstance(v, bool) or not isinstance(v, Integral) or v < minimum:
        raise ValueError(f'{name} 需要 >= {minimum} 的整数')

def _out(data=None, model=None, **artifacts):

    def finite(v):
        if isinstance(v, (mne.io.BaseRaw, mne.BaseEpochs)):
            v = v.get_data()
        if isinstance(v, mne.time_frequency.BaseTFR):
            v = v.data
        if isinstance(v, np.ndarray) and (not v.size or not np.isfinite(v).all()):
            raise ValueError('输出为空或包含 NaN/Inf')
        if isinstance(v, (list, tuple)):
            for item in v:
                finite(item)
    finite(data)
    if isinstance(model, dict):
        finite(model.get('estimator'))
    return {'data': data, 'model': model, 'artifacts': artifacts}

def _eeg_bad_channel_lof_lof_detect(op, x, **p):
    y = _copy(x)
    _args(p, 'n_neighbors threshold metric')
    _number(p['threshold'], 'threshold', 0, strict_low=True)
    _integer(p['n_neighbors'], 'n_neighbors', 2)
    if not p['n_neighbors'] < len(mne.pick_types(y.info, eeg=True, exclude='bads')):
        raise ValueError('LOF 邻居数需小于好 EEG 通道数')
    (bads, scores) = mne.preprocessing.find_bad_channels_lof(y, picks='eeg', return_scores=True, **p)
    return _out(y, bads=bads, scores=scores, score_channels=[y.ch_names[i] for i in mne.pick_types(y.info, eeg=True, exclude='bads')])

def eeg_bad_channel_lof(op, x, model=None, **p):
    if op == 'lof_detect':
        if model is not None:
            raise ValueError('此操作不接受模型')
        return _eeg_bad_channel_lof_lof_detect(op, x, **p)
    raise NotImplementedError(op)


from fractions import Fraction
from scipy import signal as _sig
from scipy.spatial.distance import cdist as _cdist
from numpy.polynomial.legendre import legval as _legval

def _number(value,name,low=None,high=None,strict_low=False):
    if isinstance(value,(bool,np.bool_)) or not isinstance(value,(int,float,np.integer,np.floating)) or not np.isfinite(value):raise ValueError(name+' requires finite real scalar')
    if low is not None and (value<=low if strict_low else value<low):raise ValueError(name+' below permitted range')
    if high is not None and value>high:raise ValueError(name+' above permitted range')

def _sig_int(value,name,minimum=0):
    if isinstance(value,(bool,np.bool_)) or not isinstance(value,(int,np.integer)) or value<minimum:
        raise ValueError(name+' requires an integer >= '+str(minimum))
    return int(value)

def _sig_lof(x,**p):
    _args(p,'n_neighbors threshold metric');y=_copy(x)
    if not isinstance(y,mne.io.BaseRaw):raise ValueError('LOF requires Raw')
    n=_sig_int(p['n_neighbors'],'n_neighbors',1);_number(p['threshold'],'threshold',0,strict_low=True)
    if p['metric'] not in ('euclidean','manhattan','chebyshev','cosine','correlation'):raise ValueError('supported LOF metric required')
    picks=mne.pick_types(y.info,eeg=True,exclude='bads')
    if len(picks)<2:raise ValueError('LOF requires at least 2 good EEG channels')
    effective=min(n,len(picks)-1)
    bads,scores=mne.preprocessing.find_bad_channels_lof(y,n_neighbors=effective,threshold=p['threshold'],metric=p['metric'],picks=picks,return_scores=True,verbose=False)
    return _out(y,bads=bads,scores=scores,score_channels=[y.ch_names[i] for i in picks],requested_neighbors=n,effective_neighbors=effective)

_legacy_eeg_bad_channel_lof = eeg_bad_channel_lof

def eeg_bad_channel_lof(op,x,model=None,**p):
    if op == 'lof_detect':
        if model is not None: raise ValueError('operation does not accept model')
        return _sig_lof(x,**p)
    return _legacy_eeg_bad_channel_lof(op,x,model=model,**p)
",局部离群因子坏道检测，邻居数自动限于好 EEG 数−1。,候选坏道、逐道分数、通道轴及请求/有效邻居数。,分数与好 EEG 轴对应；候选经决定后另行应用坏道标记。,变体的数值对照、输入保持、边界和无效参数；具体试件见实现审阅报告。,
EEG-AMPLITUDE-THRESHOLD,电位单位 V。amplitude_detect：全部输入有限的连续 Raw，显式 EEG picks；flat_detect/amplitude_windows：Raw，排除已标坏 EEG，默认避开 BAD/EDGE 注释，valid_intervals 为原样点半开区间。absolute_voltage：Raw 或已加载 Epochs，默认未标坏 EEG，显式 picks 可含辅助通道；后三项要求选中数据有限。,data 为原信号副本；数据、通道、既有 bads、注释和事件保持。候选掩码或坏道名称位于 artifacts。,"amplitude_detect：peak,flat=None|非负 V|仅 eeg 键的阈值 dict，至少一项非 None；bad_percent∈[0,100]%；min_duration>0 秒且不长于记录；picks 为非空唯一 EEG 名单；五项必填。
flat_detect：max_flatline_duration=5 秒、tolerance_V=1e-15，均非负；valid_intervals=None。
amplitude_windows：window_s=1 秒、stride_s=0.5 秒（均须整数样点）；tail=drop；valid_intervals=None；min_windows=1 正整数；peak_to_peak_limit_V=1e-4>0；frac_bad=0.25∈[0,1]。
absolute_voltage：limit_V=1e-3>0；picks=None 或非空唯一已有通道名。各操作拒绝未知参数。","# Python 3.12 | MNE 1.10.2 | NumPy 1.26.4
import numpy as np
import mne
from numbers import Real

def _amplitude_detect_args(p, keys):
    expected = set(keys.split())
    if set(p) != expected:
        raise ValueError(f'参数缺失={expected - set(p)}; 未定义={set(p) - expected}')

    def finite(value):
        if isinstance(value, (bool, np.bool_)) or (isinstance(value, np.ndarray) and value.dtype.kind == 'b'):
            raise TypeError('数值参数不能使用布尔值')
        if isinstance(value, np.ndarray) and value.dtype.hasobject:
            finite(value.tolist())
        if isinstance(value, (float, complex, np.number)) and (np.iscomplexobj(value) or not np.isfinite(value)):
            raise ValueError('参数必须为有限实数')
        if isinstance(value, np.ndarray) and value.dtype.kind in 'fc' and (np.iscomplexobj(value) or not np.isfinite(value).all()):
            raise ValueError('数组参数包含复数/NaN/Inf')
        if type(value) is dict:
            for item in value.values():
                finite(item)
        if isinstance(value, (list, tuple)):
            for item in value:
                finite(item)
    for key, value in p.items():
        if isinstance(value, (bool, np.bool_)):
            raise TypeError(f'{key} 不接受布尔值代替数值/枚举')
        if key not in {'models', 'artifacts', 'forward', 'projs', 'montage', 'annotations'}:
            finite(value)

def _amplitude_detect_channels(x, names, kind='eeg'):
    _amplitude_detect_ids(names)
    valid = {n for n, t in zip(x.ch_names, x.get_channel_types()) if t == kind}
    if not set(names) <= valid:
        raise ValueError(f'需要已有 {kind} 通道列表')

def _amplitude_detect_copy(x):
    if not isinstance(x, (mne.io.BaseRaw, mne.BaseEpochs)):
        raise TypeError('需要 MNE Raw/Epochs，电位单位 V')
    if isinstance(x, mne.BaseEpochs) and (not x.preload):
        raise ValueError('Epochs须已preload并记录已有drop_log，禁止普通操作隐式加载/剔除Trial')
    y = x.copy().load_data()
    values = y.get_data()
    if not values.size or np.iscomplexobj(values) or (not np.isfinite(values).all()):
        raise ValueError('空数据、复数或 NaN/Inf，先返回接入异常流程')
    return y

def _amplitude_detect_eeg_amplitude_flat_amplitude_detect(op, x, **p):
    y = _amplitude_detect_copy(x)
    _amplitude_detect_args(p, 'peak flat bad_percent min_duration picks')
    for key in ('peak', 'flat'):
        threshold = p[key]
        if threshold is not None:
            if isinstance(threshold, dict):
                if set(threshold) != {'eeg'}:
                    raise ValueError(key + '只接受eeg阈值字典')
                threshold = threshold['eeg']
            _amplitude_detect_number(threshold, key, 0)
    _amplitude_detect_number(p['bad_percent'], 'bad_percent', 0, 100)
    _amplitude_detect_number(p['min_duration'], 'min_duration', 0, strict_low=True)
    _amplitude_detect_channels(y, p['picks'])
    ann, bads = mne.preprocessing.annotate_amplitude(y, **p)
    return _amplitude_detect_out(y, annotations=ann, bads=bads, frame=_amplitude_detect_frame(y))

def _amplitude_detect_frame(raw):
    if not isinstance(raw, mne.io.BaseRaw):
        raise TypeError('需要 Raw')
    return dict(first_samp=raw.first_samp, n_times=raw.n_times, sfreq=raw.info['sfreq'], meas_date=str(raw.info['meas_date']))

def _amplitude_detect_ids(ids):
    if not isinstance(ids, (list, tuple)) or not ids or any((not isinstance(i, str) or not i.strip() for i in ids)) or (len(set(ids)) != len(ids)):
        raise ValueError('ID 必须为非空、唯一的字符串列表')

def _amplitude_detect_number(value, name, low=None, high=None, strict_low=False):
    if isinstance(value, (bool, np.bool_)) or not isinstance(value, Real) or (not np.isfinite(value)):
        raise ValueError(name + '需要有限实数标量')
    if low is not None and (value <= low if strict_low else value < low):
        raise ValueError(name + '低于允许范围')
    if high is not None and value > high:
        raise ValueError(name + '高于允许范围')

def _amplitude_detect_out(data=None, model=None, **artifacts):

    def finite(v):
        if isinstance(v, (mne.io.BaseRaw, mne.BaseEpochs)):
            v = v.get_data()
        if isinstance(v, mne.time_frequency.BaseTFR):
            v = v.data
        if isinstance(v, np.ndarray) and (not v.size or not np.isfinite(v).all()):
            raise ValueError('输出为空或包含 NaN/Inf')
        if isinstance(v, (list, tuple)):
            for item in v:
                finite(item)
    finite(data)
    if isinstance(model, dict):
        finite(model.get('estimator'))
    return {'data': data, 'model': model, 'artifacts': artifacts}

def _operation_amplitude_detect(op, x, model=None, **p):
    if op == 'amplitude_detect':
        if model is not None:
            raise ValueError('此操作不接受模型')
        return _amplitude_detect_eeg_amplitude_flat_amplitude_detect(op, x, **p)
    raise NotImplementedError(op)

def _flat_detect_candidates(names, mask):
    return [n for n, b in zip(names, np.asarray(mask, dtype=bool)) if b]

def _flat_detect_params(p, defaults):
    unknown = set(p) - set(defaults)
    if unknown:
        raise TypeError('unknown parameters: ' + str(sorted(unknown)))
    return dict(defaults, **p)

def _flat_detect_positive(v, name, zero=False):
    if isinstance(v, (bool, np.bool_)) or not np.isscalar(v) or (not np.isfinite(v)) or (v < 0 if zero else v <= 0):
        raise ValueError(name + ' must be finite ' + ('nonnegative' if zero else 'positive'))
    return float(v)

def _flat_detect_result(x, names, **artifacts):
    return {'data': x.copy(), 'model': None, 'artifacts': {'channel_names': names, **artifacts}}

def _flat_detect_segments(x, intervals=None):
    n = x.n_times
    if intervals is not None:
        v = np.asarray(intervals)
        if v.ndim != 2 or v.shape[1] != 2 or (not len(v)) or (v.dtype.kind not in 'iu'):
            raise ValueError('valid_intervals must be nonempty integer [start, stop) sample pairs')
        if np.any(v[:, 0] < 0) or np.any(v[:, 1] > n) or np.any(v[:, 1] <= v[:, 0]) or np.any(v[1:, 0] < v[:-1, 1]):
            raise ValueError('invalid/overlapping intervals')
        return v
    from mne.annotations import _annotations_starts_stops
    starts, ends = _annotations_starts_stops(x, ('bad', 'edge'), invert=True)
    return np.array([(s, e) for s, e in zip(starts, ends) if e > s], dtype=int).reshape(-1, 2)

def _flat_detect_start(op, expected, x, model, allow_epochs=False, picks=None):
    if op != expected:
        raise ValueError('operation must be ' + expected)
    if model is not None:
        raise ValueError('detection does not accept a fitted model')
    valid = (mne.io.BaseRaw, mne.BaseEpochs) if allow_epochs else (mne.io.BaseRaw,)
    if not isinstance(x, valid):
        raise TypeError('expected Raw or supported Epochs')
    if picks is None:
        picks = mne.pick_types(x.info, eeg=True, exclude='bads').tolist()
    else:
        if not isinstance(picks, (list, tuple)) or not picks or len(set(picks)) != len(picks):
            raise ValueError('picks must be unique channel names')
        if any((c not in x.ch_names for c in picks)):
            raise ValueError('unknown channel')
        picks = [x.ch_names.index(c) for c in picks]
    if not picks:
        raise ValueError('no selected channels')
    a = x.get_data(picks=picks)
    if not np.isfinite(a).all():
        raise ValueError('selected data must be finite')
    return (a, [x.ch_names[k] for k in picks], float(x.info['sfreq']))

def _operation_flat_detect(op, x, model=None, **p):
    p = _flat_detect_params(p, {'max_flatline_duration': 5.0, 'tolerance_V': 1e-15, 'valid_intervals': None})
    a, names, sf = _flat_detect_start(op, 'flat_detect', x, model)
    duration = _flat_detect_positive(p['max_flatline_duration'], 'max_flatline_duration', True)
    tol = _flat_detect_positive(p['tolerance_V'], 'tolerance_V', True)
    intervals = _flat_detect_segments(x, p['valid_intervals'])
    if not len(intervals):
        raise ValueError('no valid continuous intervals')
    longest = np.zeros(len(names))
    runs = []
    for c in range(len(names)):
        cr = []
        for lo, hi in intervals:
            flat = np.abs(np.diff(a[c, lo:hi])) <= tol
            z = np.diff(np.r_[False, flat, False].astype(int))
            starts = np.flatnonzero(z == 1)
            ends = np.flatnonzero(z == -1)
            for s, e in zip(starts, ends):
                cr.append([int(lo + s), int(lo + e + 1)])
                longest[c] = max(longest[c], (e - s) / sf)
        runs.append(cr)
    bad = longest > duration
    return _flat_detect_result(x, names, longest_duration_s=longest, flat_runs_samples=runs, candidates=_flat_detect_candidates(names, bad), all_channels_flat=bool(np.all(bad)), tolerance_V=tol, comparison='duration > threshold; adjacent absolute difference <= tolerance')

def _amplitude_windows_fraction(v, name):
    v = _flat_detect_positive(v, name, True)
    if v > 1:
        raise ValueError(name + ' must be in [0,1]')
    return v

def _amplitude_windows_samples(seconds, sf, name):
    n = _flat_detect_positive(seconds, name) * sf
    if n < 1 or not np.isclose(n, round(n), rtol=0, atol=1e-08):
        raise ValueError(name + ' must contain an integer number of samples')
    return int(round(n))

def _amplitude_windows_windows(x, a, p):
    sf = float(x.info['sfreq'])
    win = _amplitude_windows_samples(p['window_s'], sf, 'window_s')
    step = _amplitude_windows_samples(p['stride_s'], sf, 'stride_s')
    if p['tail'] != 'drop':
        raise ValueError('tail must be drop')
    iv = _flat_detect_segments(x, p['valid_intervals'])
    bounds = np.array([(s, e) for lo, hi in iv for s in range(lo, hi - win + 1, step) for e in [s + win]], dtype=int).reshape(-1, 2)
    if len(bounds) < p['min_windows'] or not isinstance(p['min_windows'], int) or isinstance(p['min_windows'], bool) or (p['min_windows'] < 1):
        raise ValueError('insufficient valid windows or invalid min_windows')
    return (np.stack([a[:, s:e] for s, e in bounds], axis=1), bounds)

def _operation_amplitude_windows(op, x, model=None, **p):
    p = _flat_detect_params(p, {'window_s': 1.0, 'stride_s': 0.5, 'tail': 'drop', 'valid_intervals': None, 'min_windows': 1, 'peak_to_peak_limit_V': 0.0001, 'frac_bad': 0.25})
    a, names, sf = _flat_detect_start(op, 'amplitude_windows', x, model)
    w, bounds = _amplitude_windows_windows(x, a, p)
    limit = _flat_detect_positive(p['peak_to_peak_limit_V'], 'peak_to_peak_limit_V')
    frac = _amplitude_windows_fraction(p['frac_bad'], 'frac_bad')
    ptp = np.ptp(w, axis=-1)
    mask = ptp > limit
    rate = mask.mean(axis=1)
    return _flat_detect_result(x, names, windows_samples=bounds, ptp_V=ptp, bad_window_mask=mask, bad_fraction=rate, candidates=_flat_detect_candidates(names, rate > frac), denominator=len(bounds), comparison='ptp > limit; fraction > frac_bad')

def _absolute_voltage_epoch_axes(x, names):
    return {'channel_names': names, 'epoch_selection': np.asarray(x.selection).copy(), 'events': x.events.copy(), 'times_s': x.times.copy()}

def _operation_absolute_voltage(op, x, model=None, **p):
    p = _flat_detect_params(p, {'limit_V': 0.001, 'picks': None})
    a, names, sf = _flat_detect_start(op, 'absolute_voltage', x, model, True, p['picks'])
    limit = _flat_detect_positive(p['limit_V'], 'limit_V')
    mask = np.abs(a) > limit
    art = {'sample_mask': mask, 'maximum_absolute_V': np.max(np.abs(a), axis=-1), 'exceeded': np.any(mask, axis=-1), 'limit_V': limit}
    if isinstance(x, mne.BaseEpochs):
        art.update(_absolute_voltage_epoch_axes(x, names))
        art['axis_order'] = 'epoch, channel, time'
        art['epoch_mask'] = np.any(mask, axis=(1, 2))
    else:
        art['axis_order'] = 'channel, time'
        art['candidates'] = _flat_detect_candidates(names, np.any(mask, axis=-1))
        art['first_samp'] = x.first_samp
    return _flat_detect_result(x, names, **{k: v for k, v in art.items() if k != 'channel_names'})

def eeg_amplitude_threshold(op, x, model=None, **p):
    if op == 'amplitude_detect':
        return _operation_amplitude_detect(op, x, model=model, **p)
    if op == 'flat_detect':
        return _operation_flat_detect(op, x, model=model, **p)
    if op == 'amplitude_windows':
        return _operation_amplitude_windows(op, x, model=model, **p)
    if op == 'absolute_voltage':
        return _operation_absolute_voltage(op, x, model=model, **p)
    raise NotImplementedError(op)
",固定幅度阈值检测。amplitude_detect 按相邻样点差及持续时间生成坏段/坏道；flat_detect 按相邻差容差计算最长平直段；amplitude_windows 按窗口峰峰值和超限比例判定坏道；absolute_voltage 按距零电位的绝对幅度标记样点。,amplitude_detect：候选 annotations/bads 和注释 frame。flat_detect：逐道最长时长、平直段原样点范围和候选。amplitude_windows：通道×窗口 ptp_V、bad_window_mask、bad_fraction、窗口边界、分母和候选。absolute_voltage：Raw 为通道×时间、Epochs 为 Epoch×通道×时间的 sample_mask，末轴最大绝对值和 exceeded；Epochs 另返 epoch_mask、selection、events、times_s。,amplitude_detect 使用相邻差与 MNE 持续/占比判据。flat_detect 以相邻差≤容差计时，连续 n 次差分为 n/sfreq 秒，最长时长严格大于阈值才入选，跨断点重新计时。amplitude_windows 的峰峰值与坏窗比例均严格大于阈值，丢弃尾窗。absolute_voltage 仅标记 abs(x)>limit_V。,慢坡相邻差与峰峰值反例、恒定偏置、阈值等号、断点、辅助选道及 Epoch 轴；逐值比较原操作的信号、候选掩码和状态。,
EEG-MUSCLE-DETECT,连续 Raw EEG 电位（V）；采样率和真实采集带宽覆盖 filter_freq。,data=原波形副本，现有标记不变。,muscle_detect: threshold:有限实数 z 阈值，由协议冻结；filter_freq:两个有限实数 Hz，0<低<高<Nyquist；min_length_good:有限非负实数 s，允许 0、不接受 None。固定 ch_type=eeg。,"# Python 3.12 | MNE 1.10.2 | NumPy 1.26.4 | SciPy 1.15.3 | scikit-learn 1.6.1
import numpy as np
import mne
from numbers import Integral, Real

def _vector(value, name, length):
    _sequence(value, name, length)
    for item in value:
        _number(item, name)

def _sequence(value, name, length=None):
    if not isinstance(value, (list, tuple, np.ndarray)) or (isinstance(value, np.ndarray) and value.ndim != 1):
        raise TypeError(name + '需要一维列表/元组/数组')
    if length is not None and len(value) != length:
        raise ValueError(name + '长度错误')

def _number(value, name, low=None, high=None, strict_low=False):
    if isinstance(value, (bool, np.bool_)) or not isinstance(value, Real) or (not np.isfinite(value)):
        raise ValueError(name + '需要有限实数标量')
    if low is not None and (value <= low if strict_low else value < low):
        raise ValueError(name + '低于允许范围')
    if high is not None and value > high:
        raise ValueError(name + '高于允许范围')

def _args(p, keys):
    expected = set(keys.split())
    if set(p) != expected:
        raise ValueError(f'参数缺失={expected - set(p)}; 未定义={set(p) - expected}')

    def finite(value):
        if isinstance(value, (bool, np.bool_)) or (isinstance(value, np.ndarray) and value.dtype.kind == 'b'):
            raise TypeError('数值参数不能使用布尔值')
        if isinstance(value, np.ndarray) and value.dtype.hasobject:
            finite(value.tolist())
        if isinstance(value, (float, complex, np.number)) and (np.iscomplexobj(value) or not np.isfinite(value)):
            raise ValueError('参数必须为有限实数')
        if isinstance(value, np.ndarray) and value.dtype.kind in 'fc' and (np.iscomplexobj(value) or not np.isfinite(value).all()):
            raise ValueError('数组参数包含复数/NaN/Inf')
        if type(value) is dict:
            for item in value.values():
                finite(item)
        if isinstance(value, (list, tuple)):
            for item in value:
                finite(item)
    for (key, value) in p.items():
        if isinstance(value, (bool, np.bool_)):
            raise TypeError(f'{key} 不接受布尔值代替数值/枚举')
        if key not in {'models', 'artifacts', 'forward', 'projs', 'montage', 'annotations'}:
            finite(value)

def _copy(x):
    if not isinstance(x, (mne.io.BaseRaw, mne.BaseEpochs)):
        raise TypeError('需要 MNE Raw/Epochs，电位单位 V')
    if isinstance(x, mne.BaseEpochs) and (not x.preload):
        raise ValueError('Epochs须已preload并记录已有drop_log，禁止普通操作隐式加载/剔除Trial')
    y = x.copy().load_data()
    values = y.get_data()
    if not values.size or np.iscomplexobj(values) or (not np.isfinite(values).all()):
        raise ValueError('空数据、复数或 NaN/Inf，先返回接入异常流程')
    return y

def _frame(raw):
    if not isinstance(raw, mne.io.BaseRaw):
        raise TypeError('需要 Raw')
    return dict(first_samp=raw.first_samp, n_times=raw.n_times, sfreq=raw.info['sfreq'], meas_date=str(raw.info['meas_date']))

def _out(data=None, model=None, **artifacts):

    def finite(v):
        if isinstance(v, (mne.io.BaseRaw, mne.BaseEpochs)):
            v = v.get_data()
        if isinstance(v, mne.time_frequency.BaseTFR):
            v = v.data
        if isinstance(v, np.ndarray) and (not v.size or not np.isfinite(v).all()):
            raise ValueError('输出为空或包含 NaN/Inf')
        if isinstance(v, (list, tuple)):
            for item in v:
                finite(item)
    finite(data)
    if isinstance(model, dict):
        finite(model.get('estimator'))
    return {'data': data, 'model': model, 'artifacts': artifacts}

def _eeg_muscle_detect_muscle_detect(op, x, **p):
    y = _copy(x)
    _args(p, 'threshold filter_freq min_length_good')
    if not isinstance(y, mne.io.BaseRaw):
        raise TypeError('肌电坏段检测需要Raw')
    _number(p['threshold'], 'threshold')
    _number(p['min_length_good'], 'min_length_good', 0)
    _vector(p['filter_freq'], 'filter_freq', 2)
    if not 0 < p['filter_freq'][0] < p['filter_freq'][1] < y.info['sfreq'] / 2:
        raise ValueError('肌电检测频带需满足0<低<高<Nyquist')
    score_expected = np.isfinite(y.copy().pick('eeg').get_data(reject_by_annotation='NaN')[0])
    if not score_expected.any():
        raise ValueError('没有可评分的有效样点')
    (ann, scores) = mne.preprocessing.annotate_muscle_zscore(y, ch_type='eeg', **p)
    scores = np.asarray(scores)
    if scores.shape != (y.n_times,) or not np.isfinite(scores[score_expected]).all() or np.isinf(scores).any():
        raise ValueError('肌电分数在应评分区没有有效结果；检查平直/退化信号')
    score_valid = score_expected & np.isfinite(scores)
    if not score_valid.any():
        raise ValueError('没有任何有效肌电分数')
    edges = np.diff(np.r_[False, score_valid, False].astype(int))
    score_valid_ranges = np.column_stack((np.flatnonzero(edges == 1), np.flatnonzero(edges == -1))).tolist()
    return _out(y, annotations=ann, scores=scores, frame=_frame(y), score_valid=score_valid, score_valid_ranges=score_valid_ranges)

def eeg_muscle_detect(op, x, model=None, **p):
    if op == 'muscle_detect':
        if model is not None:
            raise ValueError('此操作不接受模型')
        return _eeg_muscle_detect_muscle_detect(op, x, **p)
    raise NotImplementedError(op)
",肌电坏段检测 Muscle z-score。按高频异常分数生成候选坏段。,"annotations、逐样点 scores、score_valid 布尔掩码、score_valid_ranges、frame。ranges 为当前 Raw 相对样点 [start,stop)；frame 保留原 first_samp/sfreq。已有 BAD 屏蔽区的未评分值保留 NaN。",至少一个有效评分样点，应评分区分数均有限；全平直、评分退化或全屏蔽输入报错；原标记保持。,验收项：用肌电 burst 核验定位、分数轴、短好段和边缘；核验 BAD 屏蔽 NaN/有效区间、全屏蔽和评分退化拒绝,
EEG-BAD-CHANNEL-MARK,Raw/Epochs电位（V）；标记依据当前输入坏道决定，清除依据当前输入已完成的修复决定。,data=波形不变、bads更新的同类型对象；mark_channels求并集，mark_repaired清除确认修复项。,"mark_channels: bads:EEG 通道名 list/tuple，可空；max_fraction:有限实数[0,1)，限制合并后的坏 EEG 比例。
mark_repaired: repaired_channels 为当前 bads 中已确认修复的 EEG 名称；decision_id 非空。仅清除对应标记，保留前后状态。","# Python 3.12 | MNE 1.10.2 | NumPy 1.26.4 | SciPy 1.15.3 | scikit-learn 1.6.1
import numpy as np
import mne
from numbers import Integral, Real

def _number(value, name, low=None, high=None, strict_low=False):
    if isinstance(value, (bool, np.bool_)) or not isinstance(value, Real) or (not np.isfinite(value)):
        raise ValueError(name + '需要有限实数标量')
    if low is not None and (value <= low if strict_low else value < low):
        raise ValueError(name + '低于允许范围')
    if high is not None and value > high:
        raise ValueError(name + '高于允许范围')

def _args(p, keys):
    expected = set(keys.split())
    if set(p) != expected:
        raise ValueError(f'参数缺失={expected - set(p)}; 未定义={set(p) - expected}')

    def finite(value):
        if isinstance(value, (bool, np.bool_)) or (isinstance(value, np.ndarray) and value.dtype.kind == 'b'):
            raise TypeError('数值参数不能使用布尔值')
        if isinstance(value, np.ndarray) and value.dtype.hasobject:
            finite(value.tolist())
        if isinstance(value, (float, complex, np.number)) and (np.iscomplexobj(value) or not np.isfinite(value)):
            raise ValueError('参数必须为有限实数')
        if isinstance(value, np.ndarray) and value.dtype.kind in 'fc' and (np.iscomplexobj(value) or not np.isfinite(value).all()):
            raise ValueError('数组参数包含复数/NaN/Inf')
        if type(value) is dict:
            for item in value.values():
                finite(item)
        if isinstance(value, (list, tuple)):
            for item in value:
                finite(item)
    for (key, value) in p.items():
        if isinstance(value, (bool, np.bool_)):
            raise TypeError(f'{key} 不接受布尔值代替数值/枚举')
        if key not in {'models', 'artifacts', 'forward', 'projs', 'montage', 'annotations'}:
            finite(value)

def _copy(x):
    if not isinstance(x, (mne.io.BaseRaw, mne.BaseEpochs)):
        raise TypeError('需要 MNE Raw/Epochs，电位单位 V')
    if isinstance(x, mne.BaseEpochs) and (not x.preload):
        raise ValueError('Epochs须已preload并记录已有drop_log，禁止普通操作隐式加载/剔除Trial')
    y = x.copy().load_data()
    values = y.get_data()
    if not values.size or np.iscomplexobj(values) or (not np.isfinite(values).all()):
        raise ValueError('空数据、复数或 NaN/Inf，先返回接入异常流程')
    return y

def _ids(ids):
    if not isinstance(ids, (list, tuple)) or not ids or any((not isinstance(i, str) or not i.strip() for i in ids)) or (len(set(ids)) != len(ids)):
        raise ValueError('ID 必须为非空、唯一的字符串列表')

def _channels(x, names, kind='eeg'):
    _ids(names)
    valid = {n for (n, t) in zip(x.ch_names, x.get_channel_types()) if t == kind}
    if not set(names) <= valid:
        raise ValueError(f'需要已有 {kind} 通道列表')

def _out(data=None, model=None, **artifacts):

    def finite(v):
        if isinstance(v, (mne.io.BaseRaw, mne.BaseEpochs)):
            v = v.get_data()
        if isinstance(v, mne.time_frequency.BaseTFR):
            v = v.data
        if isinstance(v, np.ndarray) and (not v.size or not np.isfinite(v).all()):
            raise ValueError('输出为空或包含 NaN/Inf')
        if isinstance(v, (list, tuple)):
            for item in v:
                finite(item)
    finite(data)
    if isinstance(model, dict):
        finite(model.get('estimator'))
    return {'data': data, 'model': model, 'artifacts': artifacts}

def _eeg_bad_channel_mark_mark_channels(op, x, **p):
    y = _copy(x)
    _args(p, 'bads max_fraction')
    if not isinstance(p['bads'], (list, tuple)):
        raise TypeError('bads需要通道名列表/元组')
    _number(p['max_fraction'], 'max_fraction', 0, 1)
    if p['bads']:
        _channels(y, p['bads'])
    names = sorted(set(y.info['bads']) | set(p['bads']))
    eeg = set(np.array(y.ch_names)[mne.pick_types(y.info, eeg=True, exclude=[])])
    if not eeg or not 0 <= p['max_fraction'] < 1 or len(set(names) & eeg) > p['max_fraction'] * len(eeg):
        raise ValueError('坏道超硬限')
    y.info['bads'] = names
    return _out(y, bads=names)

def eeg_bad_channel_mark(op, x, model=None, **p):
    if op == 'mark_channels':
        if model is not None:
            raise ValueError('此操作不接受模型')
        return _eeg_bad_channel_mark_mark_channels(op, x, **p)
    raise NotImplementedError(op)


from fractions import Fraction
from scipy import signal as _sig
from scipy.spatial.distance import cdist as _cdist
from numpy.polynomial.legendre import legval as _legval

def _sig_mark_repaired(x,**p):
    _args(p,'repaired_channels decision_id');y=_copy(x);names=p['repaired_channels']
    if not isinstance(names,(list,tuple)) or len(names)!=len(set(names)) or not all(isinstance(n,str) for n in names):raise ValueError('repaired_channels unique names required')
    if not set(names)<=set(y.info['bads']):raise ValueError('repair list must be current bad channels')
    if any(y.get_channel_types()[y.ch_names.index(n)]!='eeg' for n in names):raise ValueError('only repaired scalp EEG may be cleared')
    if not isinstance(p['decision_id'],str) or not p['decision_id']:raise ValueError('repair decision_id required')
    before=list(y.info['bads']);y.info['bads']=[n for n in before if n not in names]
    return _out(y,bads_before=before,bads_after=list(y.info['bads']),repaired_channels=list(names),decision_id=p['decision_id'])

_legacy_eeg_bad_channel_mark = eeg_bad_channel_mark

def eeg_bad_channel_mark(op,x,model=None,**p):
    if op == 'mark_repaired':
        if model is not None: raise ValueError('operation does not accept model')
        return _sig_mark_repaired(x,**p)
    return _legacy_eeg_bad_channel_mark(op,x,model=model,**p)
",坏道状态更新｜标记坏道，或按确认修复结果清除相应 bads。,操作前后bads、已修复通道及决定ID。,mark_channels 合并标记且满足比例限制；mark_repaired 只清除确认修复项；波形保持。,变体的数值对照、输入保持、边界和无效参数；具体试件见实现审阅报告。,
EEG-BAD-SEGMENT-MARK,Raw 电位（V）；当前输入版本的 BAD 决定；Annotations.orig_time 与 Raw 一致。,data=原波形副本；保留原注释并追加 BAD 注释。,mark_segments: annotations:mne.Annotations；frame:检测输出时间框架。orig_time=None时onset相对当前Raw起点；否则使用测量时基。,"# Python 3.12 | MNE 1.10.2 | NumPy 1.26.4 | SciPy 1.15.3 | scikit-learn 1.6.1
import numpy as np
import mne
from numbers import Integral, Real

def _args(p, keys):
    expected = set(keys.split())
    if set(p) != expected:
        raise ValueError(f'参数缺失={expected - set(p)}; 未定义={set(p) - expected}')

    def finite(value):
        if isinstance(value, (bool, np.bool_)) or (isinstance(value, np.ndarray) and value.dtype.kind == 'b'):
            raise TypeError('数值参数不能使用布尔值')
        if isinstance(value, np.ndarray) and value.dtype.hasobject:
            finite(value.tolist())
        if isinstance(value, (float, complex, np.number)) and (np.iscomplexobj(value) or not np.isfinite(value)):
            raise ValueError('参数必须为有限实数')
        if isinstance(value, np.ndarray) and value.dtype.kind in 'fc' and (np.iscomplexobj(value) or not np.isfinite(value).all()):
            raise ValueError('数组参数包含复数/NaN/Inf')
        if type(value) is dict:
            for item in value.values():
                finite(item)
        if isinstance(value, (list, tuple)):
            for item in value:
                finite(item)
    for (key, value) in p.items():
        if isinstance(value, (bool, np.bool_)):
            raise TypeError(f'{key} 不接受布尔值代替数值/枚举')
        if key not in {'models', 'artifacts', 'forward', 'projs', 'montage', 'annotations'}:
            finite(value)

def _copy(x):
    if not isinstance(x, (mne.io.BaseRaw, mne.BaseEpochs)):
        raise TypeError('需要 MNE Raw/Epochs，电位单位 V')
    if isinstance(x, mne.BaseEpochs) and (not x.preload):
        raise ValueError('Epochs须已preload并记录已有drop_log，禁止普通操作隐式加载/剔除Trial')
    y = x.copy().load_data()
    values = y.get_data()
    if not values.size or np.iscomplexobj(values) or (not np.isfinite(values).all()):
        raise ValueError('空数据、复数或 NaN/Inf，先返回接入异常流程')
    return y

def _frame(raw):
    if not isinstance(raw, mne.io.BaseRaw):
        raise TypeError('需要 Raw')
    return dict(first_samp=raw.first_samp, n_times=raw.n_times, sfreq=raw.info['sfreq'], meas_date=str(raw.info['meas_date']))

def _out(data=None, model=None, **artifacts):

    def finite(v):
        if isinstance(v, (mne.io.BaseRaw, mne.BaseEpochs)):
            v = v.get_data()
        if isinstance(v, mne.time_frequency.BaseTFR):
            v = v.data
        if isinstance(v, np.ndarray) and (not v.size or not np.isfinite(v).all()):
            raise ValueError('输出为空或包含 NaN/Inf')
        if isinstance(v, (list, tuple)):
            for item in v:
                finite(item)
    finite(data)
    if isinstance(model, dict):
        finite(model.get('estimator'))
    return {'data': data, 'model': model, 'artifacts': artifacts}

def _eeg_bad_segment_mark_mark_segments(op, x, **p):
    y = _copy(x)
    _args(p, 'annotations frame')
    ann = p['annotations']
    if p['frame'] != _frame(y):
        raise ValueError('注释来源的时间轴与当前数据不一致')
    if not isinstance(ann, mne.Annotations):
        raise TypeError('需要mne.Annotations')
    if not isinstance(y, mne.io.BaseRaw) or ann.orig_time != y.annotations.orig_time:
        raise ValueError('注释时基不兼容')
    if any((not s.lower().startswith('bad') for s in ann.description)):
        raise ValueError('只接收明确 BAD 注释')
    onsets = ann.onset + (y.first_time if ann.orig_time is None else 0)
    if not np.isfinite(onsets).all() or not np.isfinite(ann.duration).all() or np.any(ann.duration < 0) or np.any(onsets < y.first_time - 1e-10) or np.any(onsets + ann.duration > (y.last_samp + 1) / y.info['sfreq'] + 1e-10):
        raise ValueError('BAD注释超出当前Raw时间范围')
    if any((not set(ch) <= set(y.ch_names) for ch in ann.ch_names)):
        raise ValueError('注释涉及不存在的通道')
    y.annotations.append(onsets, ann.duration, ann.description, ch_names=ann.ch_names)
    return _out(y, annotations=y.annotations.copy())

def eeg_bad_segment_mark(op, x, model=None, **p):
    if op == 'mark_segments':
        if model is not None:
            raise ValueError('此操作不接受模型')
        return _eeg_bad_segment_mark_mark_segments(op, x, **p)
    raise NotImplementedError(op)
",应用坏时段标记。frame 校验时基；运行服务校验 record_id/input_hash/metadata_revision。,annotations：合并后的完整注释。,来源、时基、通道和区间边界有效；原样点保持。,验收项：非零 first_samp、重复偏移、越界和原注释保持,
EEG-BAD-CHANNEL-DROP,Raw/Epochs 电位（V）；指定 EEG 已在 info.bads 中，至少保留一个好 EEG；决定来源对应当前输入。,data=剔除指定坏道后的对象；采样率、时间和事件保持。,drop: channels:非空唯一通道名列表，限已标坏的EEG；reason:非空决定理由。,"# Python 3.12 | MNE 1.10.2 | NumPy 1.26.4 | SciPy 1.15.3 | scikit-learn 1.6.1
import numpy as np
import mne
from numbers import Integral, Real

def _args(p, keys):
    expected = set(keys.split())
    if set(p) != expected:
        raise ValueError(f'参数缺失={expected - set(p)}; 未定义={set(p) - expected}')

    def finite(value):
        if isinstance(value, (bool, np.bool_)) or (isinstance(value, np.ndarray) and value.dtype.kind == 'b'):
            raise TypeError('数值参数不能使用布尔值')
        if isinstance(value, np.ndarray) and value.dtype.hasobject:
            finite(value.tolist())
        if isinstance(value, (float, complex, np.number)) and (np.iscomplexobj(value) or not np.isfinite(value)):
            raise ValueError('参数必须为有限实数')
        if isinstance(value, np.ndarray) and value.dtype.kind in 'fc' and (np.iscomplexobj(value) or not np.isfinite(value).all()):
            raise ValueError('数组参数包含复数/NaN/Inf')
        if type(value) is dict:
            for item in value.values():
                finite(item)
        if isinstance(value, (list, tuple)):
            for item in value:
                finite(item)
    for (key, value) in p.items():
        if isinstance(value, (bool, np.bool_)):
            raise TypeError(f'{key} 不接受布尔值代替数值/枚举')
        if key not in {'models', 'artifacts', 'forward', 'projs', 'montage', 'annotations'}:
            finite(value)

def _copy(x):
    if not isinstance(x, (mne.io.BaseRaw, mne.BaseEpochs)):
        raise TypeError('需要 MNE Raw/Epochs，电位单位 V')
    if isinstance(x, mne.BaseEpochs) and (not x.preload):
        raise ValueError('Epochs须已preload并记录已有drop_log，禁止普通操作隐式加载/剔除Trial')
    y = x.copy().load_data()
    values = y.get_data()
    if not values.size or np.iscomplexobj(values) or (not np.isfinite(values).all()):
        raise ValueError('空数据、复数或 NaN/Inf，先返回接入异常流程')
    return y

def _ids(ids):
    if not isinstance(ids, (list, tuple)) or not ids or any((not isinstance(i, str) or not i.strip() for i in ids)) or (len(set(ids)) != len(ids)):
        raise ValueError('ID 必须为非空、唯一的字符串列表')

def _channels(x, names, kind='eeg'):
    _ids(names)
    valid = {n for (n, t) in zip(x.ch_names, x.get_channel_types()) if t == kind}
    if not set(names) <= valid:
        raise ValueError(f'需要已有 {kind} 通道列表')

def _out(data=None, model=None, **artifacts):

    def finite(v):
        if isinstance(v, (mne.io.BaseRaw, mne.BaseEpochs)):
            v = v.get_data()
        if isinstance(v, mne.time_frequency.BaseTFR):
            v = v.data
        if isinstance(v, np.ndarray) and (not v.size or not np.isfinite(v).all()):
            raise ValueError('输出为空或包含 NaN/Inf')
        if isinstance(v, (list, tuple)):
            for item in v:
                finite(item)
    finite(data)
    if isinstance(model, dict):
        finite(model.get('estimator'))
    return {'data': data, 'model': model, 'artifacts': artifacts}

def _drop_bad(op, x, **p):
    _args(p, 'channels reason')
    y = _copy(x)
    _channels(y, p['channels'])
    if not set(p['channels']) <= set(y.info['bads']):
        raise ValueError('只能剔除已确认坏EEG，不能用本入口选择ROI')
    if not isinstance(p['reason'], str) or not p['reason'].strip():
        raise ValueError('缺少剔除理由')
    if not set((n for (n, t) in zip(y.ch_names, y.get_channel_types()) if t == 'eeg')) - set(p['channels']) - set(y.info['bads']):
        raise ValueError('至少保留一个好EEG')
    y.drop_channels(p['channels'])
    return _out(y, removed=list(p['channels']), kept=y.ch_names, reason=p['reason'])

def eeg_bad_channel_drop(op, x, model=None, **p):
    if op == 'drop':
        if model is not None:
            raise ValueError('此操作不接受模型')
        return _drop_bad(op, x, **p)
    raise NotImplementedError(op)
",剔除已确认坏道。,removed、kept：前后通道映射；reason：决定理由。,只删除已确认坏 EEG；保留通道顺序和决定来源可核对。,验收项：删除集合、未删信号/事件保持，以及未标坏、辅助通道和来源错配拒绝,
EEG-ICA,已加载 Raw/Epochs 电位 V；通道、参考和校准范围已确认。拟合副本高通：FastICA/Infomax ≥1 Hz，Picard ≥0.5 Hz；Epochs baseline=None。,fit 返回 ICA 模型与同数据副本；assess 返回候选成分和分数；apply 返回剔除指定 IC 后的数据。,"ica_fit：method=fastica|picard|infomax；n_components；seed 非负整数；max_iter=auto|正整数（MNE 1.10.2：FastICA auto=1000，其余=500）；scope={role:train|calibration,ids}；reference_id。tol 默认 FastICA 1e-4、Picard 1e-6、Infomax w_change 1e-12；Picard ortho/extended 默认 True，Infomax extended 默认 True，其他 solver 不接受无关选项。Raw 拟合 reject/flat=None|{eeg:正数V}，tstep=2秒；Epochs 在上游剔除 Trial。
eog_assess：ch_name、threshold=auto|正数、l_freq/h_freq Hz、reference_id；reference_role/channel_decision_id 默认 None，仅在经元数据确认的 EEG 代理通道使用。ecg_assess：另需 method=ctps|correlation，threshold=auto|正数，默认8–16 Hz；correlation measure=zscore|correlation（默认zscore）。muscle_assess：mode=spatial|slope、reference_id；threshold=0.5、l_freq=7、h_freq=45、sphere=None；spatial需全部头皮坐标。ica_apply：exclude 唯一零基 IC 索引，reference_id。","# Python 3.12 | MNE 1.10.2 | NumPy 1.26.4 | SciPy 1.15.3 | scikit-learn 1.6.1
import numpy as np
import mne
import warnings
from sklearn.exceptions import ConvergenceWarning
from numbers import Integral, Real

def _number(value, name, low=None, high=None, strict_low=False):
    if isinstance(value, (bool, np.bool_)) or not isinstance(value, Real) or (not np.isfinite(value)):
        raise ValueError(name + '需要有限实数标量')
    if low is not None and (value <= low if strict_low else value < low):
        raise ValueError(name + '低于允许范围')
    if high is not None and value > high:
        raise ValueError(name + '高于允许范围')

def _args(p, keys):
    expected = set(keys.split())
    if set(p) != expected:
        raise ValueError(f'参数缺失={expected - set(p)}; 未定义={set(p) - expected}')

    def finite(value):
        if isinstance(value, (bool, np.bool_)) or (isinstance(value, np.ndarray) and value.dtype.kind == 'b'):
            raise TypeError('数值参数不能使用布尔值')
        if isinstance(value, np.ndarray) and value.dtype.hasobject:
            finite(value.tolist())
        if isinstance(value, (float, complex, np.number)) and (np.iscomplexobj(value) or not np.isfinite(value)):
            raise ValueError('参数必须为有限实数')
        if isinstance(value, np.ndarray) and value.dtype.kind in 'fc' and (np.iscomplexobj(value) or not np.isfinite(value).all()):
            raise ValueError('数组参数包含复数/NaN/Inf')
        if type(value) is dict:
            for item in value.values():
                finite(item)
        if isinstance(value, (list, tuple)):
            for item in value:
                finite(item)
    for (key, value) in p.items():
        if isinstance(value, (bool, np.bool_)):
            raise TypeError(f'{key} 不接受布尔值代替数值/枚举')
        if key not in {'models', 'artifacts', 'forward', 'projs', 'montage', 'annotations'}:
            finite(value)

def _copy(x):
    if not isinstance(x, (mne.io.BaseRaw, mne.BaseEpochs)):
        raise TypeError('需要 MNE Raw/Epochs，电位单位 V')
    if isinstance(x, mne.BaseEpochs) and (not x.preload):
        raise ValueError('Epochs须已preload并记录已有drop_log，禁止普通操作隐式加载/剔除Trial')
    y = x.copy().load_data()
    values = y.get_data()
    if not values.size or np.iscomplexobj(values) or (not np.isfinite(values).all()):
        raise ValueError('空数据、复数或 NaN/Inf，先返回接入异常流程')
    return y

def _scope(s, roles=('train',)):
    if not isinstance(s, dict) or set(s) != {'role', 'ids'} or s['role'] not in roles:
        raise ValueError('scope={role,ids}；仅使用允许的训练/校准对象')
    _ids(s['ids'])

def _ids(ids):
    if not isinstance(ids, (list, tuple)) or not ids or any((not isinstance(i, str) or not i.strip() for i in ids)) or (len(set(ids)) != len(ids)):
        raise ValueError('ID 必须为非空、唯一的字符串列表')

def _integer(v, name, minimum=0):
    if isinstance(v, bool) or not isinstance(v, Integral) or v < minimum:
        raise ValueError(f'{name} 需要 >= {minimum} 的整数')

def _channels(x, names, kind='eeg'):
    _ids(names)
    valid = {n for (n, t) in zip(x.ch_names, x.get_channel_types()) if t == kind}
    if not set(names) <= valid:
        raise ValueError(f'需要已有 {kind} 通道列表')

def _signature(x):
    import hashlib
    projs = tuple(((p['desc'], int(p['kind']), bool(p['active']), tuple(p['data']['col_names']), hashlib.sha256(np.asarray(p['data']['data']).tobytes()).hexdigest()) for p in x.info['projs']))
    return (tuple(x.ch_names), tuple(x.get_channel_types()), tuple(x.info['bads']), int(x.info['custom_ref_applied']), projs)

def _model(m, kind, x=None):
    if not isinstance(m, dict) or m.get('kind') != kind:
        raise ValueError('模型种类不匹配')
    if x is not None and m['signature'] != _signature(x):
        raise ValueError('通道/顺序/bads/参考/投影与拟合数据不兼容')
    if 'estimator' not in m:
        raise ValueError('模型缺 estimator')
    return m['estimator']

def _out(data=None, model=None, **artifacts):

    def finite(v):
        if isinstance(v, (mne.io.BaseRaw, mne.BaseEpochs)):
            v = v.get_data()
        if isinstance(v, mne.time_frequency.BaseTFR):
            v = v.data
        if isinstance(v, np.ndarray) and (not v.size or not np.isfinite(v).all()):
            raise ValueError('输出为空或包含 NaN/Inf')
        if isinstance(v, (list, tuple)):
            for item in v:
                finite(item)
    finite(data)
    if isinstance(model, dict):
        finite(model.get('estimator'))
    return {'data': data, 'model': model, 'artifacts': artifacts}

def _exact(p, required='', **defaults):
    required=set(required.split())
    if required-set(p) or set(p)-required-set(defaults):
        raise ValueError(f'参数缺失={required-set(p)}; 未定义={set(p)-required-set(defaults)}')
    return dict(defaults, **p)


def _eeg_ica_ica_fit(op, x, model=None, **p):
    y = _copy(x)
    p=_exact(p, 'method n_components seed max_iter scope reference_id',
             tol=None,
             ortho=None, extended=None, reject=None, flat=None, tstep=2.)
    if p['tol'] is None:
        p['tol']={'picard':1e-6,'infomax':1e-12}.get(p['method'],1e-4)
    _scope(p['scope'], ('train', 'calibration'))
    _integer(p['seed'], 'seed')
    if not isinstance(p['reference_id'], str) or not p['reference_id'].strip():
        raise ValueError('reference_id缺失')
    if p['method'] not in ('fastica','picard','infomax'):
        raise NotImplementedError(p['method'])
    if y.info['highpass'] < (0.5 if p['method']=='picard' else 1):
        raise ValueError('ICA 拟合高通下限：PICARD 0.5 Hz；FastICA/Infomax 1 Hz')
    if isinstance(y, mne.BaseEpochs) and y.baseline is not None:
        raise ValueError('ICA 前不做基线')
    if p['max_iter'] != 'auto' and (isinstance(p['max_iter'], (bool,np.bool_)) or not isinstance(p['max_iter'], Integral) or p['max_iter'] < 1):
        raise ValueError('max_iter 需要正整数或 auto')
    _number(p['tol'],'tol',0,strict_low=True)
    _number(p['tstep'],'tstep',0,strict_low=True)
    for key in ('ortho','extended'):
        if p[key] is not None and not isinstance(p[key],bool):
            raise ValueError(key+' 必须为 bool 或 None')
    if p['method']=='fastica' and (p['ortho'] is not None or p['extended'] is not None):
        raise ValueError('FastICA 不使用 ortho/extended')
    if p['method']=='infomax' and p['ortho'] is not None:
        raise ValueError('Infomax 不使用 ortho')
    for key in ('reject','flat'):
        if p[key] is not None:
            if not isinstance(p[key],dict) or set(p[key]) != {'eeg'}:
                raise ValueError(key+' 需 None 或 {eeg: 正数V}')
            _number(p[key]['eeg'],key,0,strict_low=True)
    if p['reject'] is not None and p['flat'] is not None and p['flat']['eeg'] >= p['reject']['eeg']:
        raise ValueError('flat 阈值必须低于 reject')
    if isinstance(y,mne.BaseEpochs) and (p['reject'] is not None or p['flat'] is not None or p['tstep'] != 2.):
        raise ValueError('Epochs 输入须在上游剔除 Trial；reject/flat/tstep 仅用于 Raw 拟合分段')
    if p['method']=='picard':
        fit_params=dict(ortho=True if p['ortho'] is None else p['ortho'],
                        extended=True if p['extended'] is None else p['extended'],tol=p['tol'])
    elif p['method']=='infomax':
        fit_params=dict(extended=True if p['extended'] is None else p['extended'],w_change=p['tol'])
    else:
        fit_params=dict(tol=p['tol'])
    ic = mne.preprocessing.ICA(method=p['method'], n_components=p['n_components'], random_state=p['seed'], max_iter=p['max_iter'], fit_params=fit_params)
    with warnings.catch_warnings(record=True) as notices:
        warnings.simplefilter('always')
        stop = None
        if p['method'] == 'infomax':
            stop = _private_infomax_stop(ic, y, picks='eeg', reject_by_annotation=True,
                                        reject=p['reject'], flat=p['flat'], tstep=p['tstep'])
        else:
            ic.fit(y, picks='eeg', reject_by_annotation=True,
                   reject=p['reject'],flat=p['flat'],tstep=p['tstep'])
    for notice in notices:
        if issubclass(notice.category, ConvergenceWarning) or 'did not converge' in str(notice.message).lower():
            raise RuntimeError(f'ICA 未收敛：迭代 {ic.n_iter_} 次，上限 {p[""max_iter""]}；{notice.message}')
        warnings.warn_explicit(str(notice.message), notice.category, notice.filename, notice.lineno)
    if ((p['method'] == 'infomax' and stop['reason'] == 'budget_exhausted')
            or (p['method'] != 'infomax' and ic.n_iter_ >= ic.max_iter)):
        raise RuntimeError(f'ICA 迭代预算耗尽，尚未确认收敛：{ic.n_iter_}/{ic.max_iter}')
    return _out(y, dict(kind='ica', estimator=ic, signature=_signature(y), scope=p['scope'], reference_id=p['reference_id'], sfreq=float(y.info['sfreq'])), iterations=ic.n_iter_, method=p['method'], fit_params=fit_params, fit_channels=list(ic.ch_names), reject_by_annotation=True,
                max_iter_resolved=ic.max_iter,infomax_stop=stop,reject=p['reject'],flat=p['flat'],tstep=p['tstep'],fit_samples=int(ic.n_samples_))

def _eeg_ica_eog_assess(op, x, model=None, **p):
    y = _copy(x)
    p=_exact(p, 'ch_name threshold l_freq h_freq reference_id', reference_role=None, channel_decision_id=None)
    if p['threshold']!='auto': _number(p['threshold'], 'threshold', 0, strict_low=True)
    _number(p['l_freq'], 'l_freq', 0, strict_low=True)
    _number(p['h_freq'], 'h_freq', 0, strict_low=True)
    if not p['l_freq'] < p['h_freq'] < y.info['sfreq'] / 2:
        raise ValueError('检测带通频率需满足0<低<高<Nyquist')
    _assess_channel(y,p,'eog')
    ic = _model(model, 'ica', y).copy()
    if p['reference_id'] != model['reference_id']:
        raise ValueError('参考配置不一致')
    metadata={k:p[k] for k in ('ch_name','reference_role','channel_decision_id')}
    kwargs={k:p[k] for k in ('ch_name','threshold','l_freq','h_freq')}
    (idx, scores) = ic.find_bads_eog(y, **kwargs, reject_by_annotation=True)
    scores = np.asarray(scores)
    if scores.shape != (ic.n_components_,) or not np.isfinite(scores).all():
        raise ValueError('ICA EOG候选分数必须逐组件有限；检查EOG/成分退化')
    return _out(y, model, candidates=idx, scores=scores, channel_metadata=metadata, assessment_params=dict(p))

def _eeg_ica_ica_apply(op, x, model=None, **p):
    y = _copy(x)
    before = y.get_data().copy()
    if isinstance(y, mne.BaseEpochs) and y.baseline is not None:
        raise ValueError('先伪迹校正，后基线；不自动重做基线')
    _args(p, 'exclude reference_id')
    if not isinstance(p['exclude'], (list, tuple)):
        raise TypeError('exclude需要索引列表/元组')
    if len(set(p['exclude'])) != len(p['exclude']):
        raise ValueError('exclude不能含重复成分')
    ic = _model(model, 'ica', y).copy()
    if p['reference_id'] != model['reference_id']:
        raise ValueError('参考配置不一致')
    for i in p['exclude']:
        _integer(i, 'exclude IC')
    if any((i >= ic.n_components_ for i in p['exclude'])):
        raise ValueError('IC 索引越界')
    ic.exclude = list(p['exclude'])
    ic.apply(y, exclude=p['exclude'], n_pca_components=None)
    return _out(y, model, removed=before - y.get_data(), exclude=list(p['exclude']))


def _assess_channel(y,p,kind):
    name=p['ch_name']
    if p['channel_decision_id'] is not None and (not isinstance(p['channel_decision_id'],str) or not p['channel_decision_id'].strip()):raise ValueError('channel_decision_id 需非空字符串或 None')
    if not isinstance(name,str) or name not in y.ch_names:raise ValueError('参照通道必须存在')
    actual=y.get_channel_types()[y.ch_names.index(name)]
    if actual==kind:
        if p['reference_role'] not in (None,kind):raise ValueError('通道类型与声明的参照角色冲突')
    elif actual=='eeg':
        if p['reference_role']!=kind or not isinstance(p['channel_decision_id'],str) or not p['channel_decision_id'].strip():
            raise ValueError('EEG 类型参照需要明确 reference_role 与 channel_decision_id')
    else:raise ValueError('参照通道需为对应生理类型，或经元数据指定的 EEG')

def _eeg_ica_ecg_assess(op,x,model=None,**p):
    y=_copy(x)
    if p.get('method')=='ctps' and 'measure' in p:raise ValueError('CTPS 不使用相关分数 measure')
    p=_exact(p,'ch_name method threshold reference_id',l_freq=8.,h_freq=16.,measure='zscore',reference_role=None,channel_decision_id=None)
    if p['method'] not in ('ctps','correlation'):raise ValueError('method=ctps|correlation')
    if p['method']=='ctps' and not isinstance(y,mne.io.BaseRaw):raise ValueError('本 CTPS 操作从 Raw ECG 检出 R 峰并生成心搏 Epoch')
    if p['measure'] not in ('zscore','correlation'):raise ValueError('measure=zscore|correlation')
    if p['threshold']!='auto':
        _number(p['threshold'],'threshold',0,strict_low=True)
        if (p['method']=='ctps' or p['measure']=='correlation') and p['threshold']>1:raise ValueError('CTPS/相关阈值须≤1')
    _number(p['l_freq'],'l_freq',0,strict_low=True);_number(p['h_freq'],'h_freq',0,strict_low=True)
    if not p['l_freq']<p['h_freq']<y.info['sfreq']/2:raise ValueError('频带须满足0<低<高<Nyquist')
    _assess_channel(y,p,'ecg');ic=_model(model,'ica',y).copy()
    if p['reference_id']!=model['reference_id']:raise ValueError('参考配置不一致')
    kwargs={k:p[k] for k in ('ch_name','method','threshold','l_freq','h_freq','measure')}
    idx,scores=ic.find_bads_ecg(y,**kwargs,reject_by_annotation=True)
    scores=np.asarray(scores)
    if scores.shape!=(ic.n_components_,) or not np.isfinite(scores).all():raise ValueError('ECG 成分评分退化')
    return _out(y,model,candidates=idx,scores=scores,method=p['method'],channel_metadata={k:p[k] for k in ('ch_name','reference_role','channel_decision_id')},assessment_params={k:v for k,v in p.items() if k!='measure' or p['method']=='correlation'})

def _eeg_ica_muscle_assess(op,x,model=None,**p):
    y=_copy(x);p=_exact(p,'mode reference_id',threshold=.5,l_freq=7.,h_freq=45.,sphere=None)
    if p['mode'] not in ('spatial','slope'):raise ValueError('mode=spatial|slope')
    _number(p['threshold'],'threshold',0,1,True);_number(p['l_freq'],'l_freq',0,strict_low=True);_number(p['h_freq'],'h_freq',0,strict_low=True)
    if not p['l_freq']<p['h_freq']<y.info['sfreq']/2:raise ValueError('频带须满足0<低<高<Nyquist')
    ic=_model(model,'ica',y).copy()
    if p['reference_id']!=model['reference_id']:raise ValueError('参考配置不一致')
    assess=y.copy()
    if p['mode']=='spatial':
        xyz=np.asarray([y.info['chs'][y.ch_names.index(n)]['loc'][:3] for n in ic.ch_names])
        if not np.isfinite(xyz).all() or np.any(np.linalg.norm(xyz,axis=1)==0):raise ValueError('spatial 模式需要全部 ICA 通道真实坐标')
        if p['sphere'] is not None:
            sphere=np.asarray(p['sphere'])
            if sphere.shape!=(4,) or sphere.dtype.kind not in 'fiu' or not np.isfinite(sphere).all() or sphere[3]<=0:raise ValueError('sphere 需米单位 (x,y,z,r>0) 或 None')
    else:
        if p['sphere'] is not None:raise ValueError('slope 模式不接受 sphere')
        assess.set_montage(None)
    idx,scores=ic.find_bads_muscle(assess,threshold=p['threshold'],l_freq=p['l_freq'],h_freq=p['h_freq'],sphere=p['sphere'])
    scores=np.asarray(scores)
    if scores.shape!=(ic.n_components_,) or not np.isfinite(scores).all():raise ValueError('肌电成分评分退化')
    return _out(y,model,candidates=idx,scores=scores,mode=p['mode'],criteria_count=3 if p['mode']=='spatial' else 1,assessment_params=dict(p))


def eeg_ica(op, x, model=None, **p):
    if op == 'ica_fit':
        if model is not None:
            raise ValueError('此操作不接受模型')
        return _eeg_ica_ica_fit(op, x, model=model, **p)
    if op == 'eog_assess':
        if model is None:
            raise ValueError('此操作需要已拟合模型')
        return _eeg_ica_eog_assess(op, x, model=model, **p)
    if op == 'ica_apply':
        if model is None:
            raise ValueError('此操作需要已拟合模型')
        return _eeg_ica_ica_apply(op, x, model=model, **p)
    if op in ('ecg_assess','muscle_assess'):
        if model is None:raise ValueError('评估需要已拟合 ICA model')
        return (_eeg_ica_ecg_assess if op=='ecg_assess' else _eeg_ica_muscle_assess)(op,x,model=model,**p)
    raise NotImplementedError(op)


""""""Private MNE 1.10.2 stop receipt; native arithmetic and return values unchanged.""""""
import ast
import hashlib
import inspect
import textwrap
import types
import mne

_INFOMAX_SOURCE_SHA256='3721f9ce83ab4fee1384b9f323b7505e19bcfd0cf1074e4f20e9ee7e28bb0d2b'
_ICA_FIT_SOURCE_SHA256='252c0e6d5b07a824f08bab7ca12381dd1109c4029451bf465c262dd6572bd210'

def _private_infomax_stop(fitted_ica, data, **fit_kwargs):
    from mne.preprocessing import ICA, infomax
    native = inspect.unwrap(infomax)
    src = textwrap.dedent(inspect.getsource(native))
    fit_src = textwrap.dedent(inspect.getsource(ICA._fit))
    if (mne.__version__ != '1.10.2' or hashlib.sha256(src.encode()).hexdigest() != _INFOMAX_SOURCE_SHA256
            or hashlib.sha256(fit_src.encode()).hexdigest() != _ICA_FIT_SOURCE_SHA256):
        raise RuntimeError('Infomax stopping adapter requires verified MNE 1.10.2 sources')
    if fitted_ica.method != 'infomax' or '_fit' in fitted_ica.__dict__:
        raise ValueError('fresh native Infomax estimator required')
    stop = {}
    tree = ast.parse(src)
    counts = {'tolerance': 0, 'small_angle': 0, 'final': 0}
    class AddReceipt(ast.NodeTransformer):
        def visit_Assign(self, node):
            if len(node.targets) == 1 and isinstance(node.targets[0], ast.Name) and isinstance(node.value, ast.Name):
                target, value = node.targets[0].id, node.value.id
                reason = 'tolerance' if (target, value) == ('step', 'max_iter') else 'small_angle' if (target, value) == ('max_iter', 'step') else None
                if reason:
                    counts[reason] += 1
                    extra = ast.parse(""_eeg_stop.update(reason=%r, actual_iterations=int(step), original_budget=int(_eeg_budget), effective_budget=int(max_iter), change=float(change), tolerance=float(w_change), small_angle_count=int(count_small_angle), small_angle_limit=n_small_angle)"" % reason).body[0]
                    return [ast.copy_location(extra, node), node]
            return node
        def visit_If(self, node):
            self.generic_visit(node)
            if isinstance(node.test, ast.Name) and node.test.id == 'return_n_iter':
                counts['final'] += 1
                extra = ast.parse(""\nif not _eeg_stop:\n    _eeg_stop.update(reason='budget_exhausted', actual_iterations=int(step), original_budget=int(_eeg_budget), effective_budget=int(max_iter), change=float(change), tolerance=float(w_change), small_angle_count=int(count_small_angle), small_angle_limit=n_small_angle)\n_eeg_stop['native_reported_iterations'] = int(step)\n_eeg_stop['effective_budget'] = int(max_iter)\n"").body
                return [*(ast.copy_location(n, node) for n in extra), node]
            return node
    tree = AddReceipt().visit(tree)
    if counts != {'tolerance':1,'small_angle':1,'final':1}:
        raise RuntimeError('Infomax source stop anchors changed')
    ast.fix_missing_locations(tree)
    private_globals = native.__globals__.copy()
    private_globals.update(_eeg_stop=stop, _eeg_budget=fitted_ica.max_iter)
    exec(compile(tree, '<mne-1.10.2-infomax-private-stop>', 'exec'), private_globals)
    native_fit = ICA._fit
    fit_globals = native_fit.__globals__.copy()
    fit_globals['infomax'] = private_globals['infomax']
    private_fit = types.FunctionType(native_fit.__code__, fit_globals, native_fit.__name__, native_fit.__defaults__, native_fit.__closure__)
    private_fit.__kwdefaults__ = native_fit.__kwdefaults__
    fitted_ica._fit = types.MethodType(private_fit, fitted_ica)
    try:
        fitted_ica.fit(data, **fit_kwargs)
    finally:
        del fitted_ica.__dict__['_fit']
    if not stop:
        raise RuntimeError('Infomax did not produce a stop receipt')
    return stop
",ICA 分解、EOG/ECG/肌电成分判定及重建。,迭代次数和解析后的上限、实际拟合样点数/通道、拟合参数、候选分数、剔除成分及被移除信号。 Infomax另返回infomax_stop：实际停止理由、实际/原生步数、有效预算、change与容差。,模型与输入/通道/参考/拟合范围绑定。FastICA/Picard按各自收敛检查；Infomax固定MNE 1.10.2源码，记录原生tolerance或small_angle停止，实际budget_exhausted拒绝；原生iterations计数不单独判断收敛。,MNE 1.10.2 API/源码；FastICA、非正交 Picard 与 Infomax 参数分支；低迭代预算反例；ERP 双副本和 ICLabel 1–100 Hz 实际执行。,
EEG-EOG-REGRESSION,Raw/Epochs 电位（V）；EEG/EOG 明确、参考固定，未做基线；拟合不跨断点/BAD 段，所选拟合通道无坏道。,eog_fit：原波形副本及回归 model；eog_apply：校正波形及原 model。,"eog_fit: picks:EEG 名单；picks_artifact:EOG 名单；scope={role:train|calibration,ids:非空唯一字符串列表}；reference_id。eog_apply: model=已拟合 EOG 回归模型；reference_id。固定普通 MNE EOGRegression、proj=False。","# Python 3.12 | MNE 1.10.2 | NumPy 1.26.4 | SciPy 1.15.3 | scikit-learn 1.6.1
import numpy as np
import mne
from numbers import Integral, Real

def _args(p, keys):
    expected = set(keys.split())
    if set(p) != expected:
        raise ValueError(f'参数缺失={expected - set(p)}; 未定义={set(p) - expected}')

    def finite(value):
        if isinstance(value, (bool, np.bool_)) or (isinstance(value, np.ndarray) and value.dtype.kind == 'b'):
            raise TypeError('数值参数不能使用布尔值')
        if isinstance(value, np.ndarray) and value.dtype.hasobject:
            finite(value.tolist())
        if isinstance(value, (float, complex, np.number)) and (np.iscomplexobj(value) or not np.isfinite(value)):
            raise ValueError('参数必须为有限实数')
        if isinstance(value, np.ndarray) and value.dtype.kind in 'fc' and (np.iscomplexobj(value) or not np.isfinite(value).all()):
            raise ValueError('数组参数包含复数/NaN/Inf')
        if type(value) is dict:
            for item in value.values():
                finite(item)
        if isinstance(value, (list, tuple)):
            for item in value:
                finite(item)
    for (key, value) in p.items():
        if isinstance(value, (bool, np.bool_)):
            raise TypeError(f'{key} 不接受布尔值代替数值/枚举')
        if key not in {'models', 'artifacts', 'forward', 'projs', 'montage', 'annotations'}:
            finite(value)

def _copy(x):
    if not isinstance(x, (mne.io.BaseRaw, mne.BaseEpochs)):
        raise TypeError('需要 MNE Raw/Epochs，电位单位 V')
    if isinstance(x, mne.BaseEpochs) and (not x.preload):
        raise ValueError('Epochs须已preload并记录已有drop_log，禁止普通操作隐式加载/剔除Trial')
    y = x.copy().load_data()
    values = y.get_data()
    if not values.size or np.iscomplexobj(values) or (not np.isfinite(values).all()):
        raise ValueError('空数据、复数或 NaN/Inf，先返回接入异常流程')
    return y

def _scope(s, roles=('train',)):
    if not isinstance(s, dict) or set(s) != {'role', 'ids'} or s['role'] not in roles:
        raise ValueError('scope={role,ids}；仅使用允许的训练/校准对象')
    _ids(s['ids'])

def _ids(ids):
    if not isinstance(ids, (list, tuple)) or not ids or any((not isinstance(i, str) or not i.strip() for i in ids)) or (len(set(ids)) != len(ids)):
        raise ValueError('ID 必须为非空、唯一的字符串列表')

def _continuous(raw, bad=False):
    if isinstance(raw, mne.io.BaseRaw):
        prefixes = ('edge', 'bad_acq_skip', 'boundary') + (('bad',) if bad else ())
        if any((d.lower().startswith(prefixes) for d in raw.annotations.description)):
            raise ValueError('存在断点/不允许的BAD段；先按有效连续区间拆分')

def _channels(x, names, kind='eeg'):
    _ids(names)
    valid = {n for (n, t) in zip(x.ch_names, x.get_channel_types()) if t == kind}
    if not set(names) <= valid:
        raise ValueError(f'需要已有 {kind} 通道列表')

def _signature(x):
    import hashlib
    projs = tuple(((p['desc'], int(p['kind']), bool(p['active']), tuple(p['data']['col_names']), hashlib.sha256(np.asarray(p['data']['data']).tobytes()).hexdigest()) for p in x.info['projs']))
    return (tuple(x.ch_names), tuple(x.get_channel_types()), tuple(x.info['bads']), int(x.info['custom_ref_applied']), projs)

def _model(m, kind, x=None):
    if not isinstance(m, dict) or m.get('kind') != kind:
        raise ValueError('模型种类不匹配')
    if x is not None and m['signature'] != _signature(x):
        raise ValueError('通道/顺序/bads/参考/投影与拟合数据不兼容')
    if 'estimator' not in m:
        raise ValueError('模型缺 estimator')
    return m['estimator']

def _out(data=None, model=None, **artifacts):

    def finite(v):
        if isinstance(v, (mne.io.BaseRaw, mne.BaseEpochs)):
            v = v.get_data()
        if isinstance(v, mne.time_frequency.BaseTFR):
            v = v.data
        if isinstance(v, np.ndarray) and (not v.size or not np.isfinite(v).all()):
            raise ValueError('输出为空或包含 NaN/Inf')
        if isinstance(v, (list, tuple)):
            for item in v:
                finite(item)
    finite(data)
    if isinstance(model, dict):
        finite(model.get('estimator'))
    return {'data': data, 'model': model, 'artifacts': artifacts}

def _eeg_eog_regression_eog_fit(op, x, model=None, **p):
    y = _copy(x)
    before = y.get_data().copy()
    if isinstance(y, mne.BaseEpochs) and y.baseline is not None:
        raise ValueError('先伪迹校正，后基线；不自动重做基线')
    _args(p, 'picks picks_artifact scope reference_id')
    _scope(p['scope'], ('train', 'calibration'))
    _channels(y, p['picks'])
    _channels(y, p['picks_artifact'], 'eog')
    if set(p['picks'] + p['picks_artifact']) & set(y.info['bads']):
        raise ValueError('回归通道含坏道')
    _continuous(y, bad=True)
    if not isinstance(p['reference_id'], str) or not p['reference_id'].strip():
        raise ValueError('reference_id缺失')
    est = mne.preprocessing.EOGRegression(picks=p['picks'], picks_artifact=p['picks_artifact'], proj=False).fit(y)
    return _out(y, dict(kind='eog', estimator=est, signature=_signature(y), scope=p['scope'], reference_id=p['reference_id']))

def _eeg_eog_regression_eog_apply(op, x, model=None, **p):
    y = _copy(x)
    before = y.get_data().copy()
    if isinstance(y, mne.BaseEpochs) and y.baseline is not None:
        raise ValueError('先伪迹校正，后基线；不自动重做基线')
    _args(p, 'reference_id')
    _model(model, 'eog', y)
    if p['reference_id'] != model['reference_id']:
        raise ValueError('参考配置不一致')
    y = _model(model, 'eog', y).apply(y, copy=True)
    return _out(y, model, removed=before - y.get_data())

def eeg_eog_regression(op, x, model=None, **p):
    if op == 'eog_fit':
        if model is not None:
            raise ValueError('此操作不接受模型')
        return _eeg_eog_regression_eog_fit(op, x, model=model, **p)
    if op == 'eog_apply':
        if model is None:
            raise ValueError('此操作需要已拟合模型')
        return _eeg_eog_regression_eog_apply(op, x, model=model, **p)
    raise NotImplementedError(op)
",眼电线性回归｜ MNE EOGRegression。,apply：removed。拟合系数、scope、参考和签名在 model 内。,应用通道、参考和投影与拟合兼容；不改写调用方模型。,验收项：已知线性混合恢复、通道/参考/模型错配拒绝,
EEG-SSP,Raw/Epochs 电位（V）；非空、已审核 MNE Projection 列表；无已有 projector，未做基线。,data=投影后的电位波形。,ssp_apply: projs:已生成并审核的MNE Projection列表。,"# Python 3.12 | MNE 1.10.2 | NumPy 1.26.4 | SciPy 1.15.3 | scikit-learn 1.6.1
import numpy as np
import mne
from numbers import Integral, Real

def _args(p, keys):
    expected = set(keys.split())
    if set(p) != expected:
        raise ValueError(f'参数缺失={expected - set(p)}; 未定义={set(p) - expected}')

    def finite(value):
        if isinstance(value, (bool, np.bool_)) or (isinstance(value, np.ndarray) and value.dtype.kind == 'b'):
            raise TypeError('数值参数不能使用布尔值')
        if isinstance(value, np.ndarray) and value.dtype.hasobject:
            finite(value.tolist())
        if isinstance(value, (float, complex, np.number)) and (np.iscomplexobj(value) or not np.isfinite(value)):
            raise ValueError('参数必须为有限实数')
        if isinstance(value, np.ndarray) and value.dtype.kind in 'fc' and (np.iscomplexobj(value) or not np.isfinite(value).all()):
            raise ValueError('数组参数包含复数/NaN/Inf')
        if type(value) is dict:
            for item in value.values():
                finite(item)
        if isinstance(value, (list, tuple)):
            for item in value:
                finite(item)
    for (key, value) in p.items():
        if isinstance(value, (bool, np.bool_)):
            raise TypeError(f'{key} 不接受布尔值代替数值/枚举')
        if key not in {'models', 'artifacts', 'forward', 'projs', 'montage', 'annotations'}:
            finite(value)

def _copy(x):
    if not isinstance(x, (mne.io.BaseRaw, mne.BaseEpochs)):
        raise TypeError('需要 MNE Raw/Epochs，电位单位 V')
    if isinstance(x, mne.BaseEpochs) and (not x.preload):
        raise ValueError('Epochs须已preload并记录已有drop_log，禁止普通操作隐式加载/剔除Trial')
    y = x.copy().load_data()
    values = y.get_data()
    if not values.size or np.iscomplexobj(values) or (not np.isfinite(values).all()):
        raise ValueError('空数据、复数或 NaN/Inf，先返回接入异常流程')
    return y

def _out(data=None, model=None, **artifacts):

    def finite(v):
        if isinstance(v, (mne.io.BaseRaw, mne.BaseEpochs)):
            v = v.get_data()
        if isinstance(v, mne.time_frequency.BaseTFR):
            v = v.data
        if isinstance(v, np.ndarray) and (not v.size or not np.isfinite(v).all()):
            raise ValueError('输出为空或包含 NaN/Inf')
        if isinstance(v, (list, tuple)):
            for item in v:
                finite(item)
    finite(data)
    if isinstance(model, dict):
        finite(model.get('estimator'))
    return {'data': data, 'model': model, 'artifacts': artifacts}

def _eeg_ssp_ssp_apply(op, x, model=None, **p):
    y = _copy(x)
    before = y.get_data().copy()
    if isinstance(y, mne.BaseEpochs) and y.baseline is not None:
        raise ValueError('先伪迹校正，后基线；不自动重做基线')
    _args(p, 'projs')
    if not p['projs'] or y.info['projs']:
        raise ValueError('需非空已审核 projector；模板禁止叠加已有 projector')
    y.add_proj(p['projs']).apply_proj()
    return _out(y, model, removed=before - y.get_data())

def eeg_ssp(op, x, model=None, **p):
    if op == 'ssp_apply':
        if model is not None:
            raise ValueError('此操作不接受模型')
        return _eeg_ssp_ssp_apply(op, x, model=model, **p)
    raise NotImplementedError(op)
",信号空间投影 SSP。应用已审核的投影模型。,removed：移除信号。,投影与通道兼容；输入无已有投影；秩变化符合所应用投影。,验收项：投影数值/秩变化，以及空列表和叠加投影拒绝,
EEG-BRIDGE-DETECT,连续 Raw 多通道 EEG 电位（V）；epoch_duration 用于内部检测分窗，频带和时长足够。,data=原波形副本。,"bridge_detect: lm_cutoff:有限正实数 µV²，为 KDE 局部极小搜索上界而非最终逐窗阈值；epoch_threshold:有限实数比例[0,1]；l_freq,h_freq:有限实数 Hz，0<低<高<Nyquist，不接受反序带阻；epoch_duration:有限正实数 s。固定 MNE compute_bridged_electrodes。","# Python 3.12 | MNE 1.10.2 | NumPy 1.26.4 | SciPy 1.15.3 | scikit-learn 1.6.1
import numpy as np
import mne
from numbers import Integral, Real

def _number(value, name, low=None, high=None, strict_low=False):
    if isinstance(value, (bool, np.bool_)) or not isinstance(value, Real) or (not np.isfinite(value)):
        raise ValueError(name + '需要有限实数标量')
    if low is not None and (value <= low if strict_low else value < low):
        raise ValueError(name + '低于允许范围')
    if high is not None and value > high:
        raise ValueError(name + '高于允许范围')

def _args(p, keys):
    expected = set(keys.split())
    if set(p) != expected:
        raise ValueError(f'参数缺失={expected - set(p)}; 未定义={set(p) - expected}')

    def finite(value):
        if isinstance(value, (bool, np.bool_)) or (isinstance(value, np.ndarray) and value.dtype.kind == 'b'):
            raise TypeError('数值参数不能使用布尔值')
        if isinstance(value, np.ndarray) and value.dtype.hasobject:
            finite(value.tolist())
        if isinstance(value, (float, complex, np.number)) and (np.iscomplexobj(value) or not np.isfinite(value)):
            raise ValueError('参数必须为有限实数')
        if isinstance(value, np.ndarray) and value.dtype.kind in 'fc' and (np.iscomplexobj(value) or not np.isfinite(value).all()):
            raise ValueError('数组参数包含复数/NaN/Inf')
        if type(value) is dict:
            for item in value.values():
                finite(item)
        if isinstance(value, (list, tuple)):
            for item in value:
                finite(item)
    for (key, value) in p.items():
        if isinstance(value, (bool, np.bool_)):
            raise TypeError(f'{key} 不接受布尔值代替数值/枚举')
        if key not in {'models', 'artifacts', 'forward', 'projs', 'montage', 'annotations'}:
            finite(value)

def _copy(x):
    if not isinstance(x, (mne.io.BaseRaw, mne.BaseEpochs)):
        raise TypeError('需要 MNE Raw/Epochs，电位单位 V')
    if isinstance(x, mne.BaseEpochs) and (not x.preload):
        raise ValueError('Epochs须已preload并记录已有drop_log，禁止普通操作隐式加载/剔除Trial')
    y = x.copy().load_data()
    values = y.get_data()
    if not values.size or np.iscomplexobj(values) or (not np.isfinite(values).all()):
        raise ValueError('空数据、复数或 NaN/Inf，先返回接入异常流程')
    return y

def _out(data=None, model=None, **artifacts):

    def finite(v):
        if isinstance(v, (mne.io.BaseRaw, mne.BaseEpochs)):
            v = v.get_data()
        if isinstance(v, mne.time_frequency.BaseTFR):
            v = v.data
        if isinstance(v, np.ndarray) and (not v.size or not np.isfinite(v).all()):
            raise ValueError('输出为空或包含 NaN/Inf')
        if isinstance(v, (list, tuple)):
            for item in v:
                finite(item)
    finite(data)
    if isinstance(model, dict):
        finite(model.get('estimator'))
    return {'data': data, 'model': model, 'artifacts': artifacts}

def _eeg_bridge_detect_bridge_detect(op, x, **p):
    y = _copy(x)
    before = y.get_data().copy()
    _args(p, 'lm_cutoff epoch_threshold l_freq h_freq epoch_duration')
    _number(p['l_freq'], 'l_freq', 0, strict_low=True)
    _number(p['h_freq'], 'h_freq', 0, strict_low=True)
    if not p['l_freq'] < p['h_freq'] < y.info['sfreq'] / 2:
        raise ValueError('检测带通频率需满足0<低<高<Nyquist')
    if not isinstance(y, mne.io.BaseRaw):
        raise TypeError('当前桥接方法只接受Raw')
    _number(p['lm_cutoff'], 'lm_cutoff', 0, strict_low=True)
    _number(p['epoch_threshold'], 'epoch_threshold', 0, 1)
    _number(p['epoch_duration'], 'epoch_duration', 0, strict_low=True)
    (pairs, distance) = mne.preprocessing.compute_bridged_electrodes(y, **p)
    return _out(y, pairs=pairs, electrical_distance=distance, distance_unit='uV^2', distance_channel_indices=mne.pick_types(y.info, eeg=True, exclude='bads').tolist(), distance_channel_names=[y.ch_names[i] for i in mne.pick_types(y.info, eeg=True, exclude='bads')])

def eeg_bridge_detect(op, x, model=None, **p):
    if op == 'bridge_detect':
        if model is not None:
            raise ValueError('此操作不接受模型')
        return _eeg_bridge_detect_bridge_detect(op, x, **p)
    raise NotImplementedError(op)
",电极桥接检测｜ MNE 电距离/KDE 方法。,pairs 索引原 Raw 通道；electrical_distance 为窗×好 EEG×好 EEG，单位 µV²，仅上三角有效，其余 NaN 为结构占位。distance_channel_indices、distance_channel_names 和 distance_unit 给出映射。,通道对与距离轴可映射；KDE 退化时报错。,验收项：共同脑活动负例、复制通道退化、电距离单位/轴及输入保持,
EEG-BRIDGE-REPAIR,Raw 电位（V）；同一输入上确认的桥接对，有效 EEG 坐标。,data=修复后的 Raw；空间结构和秩可能改变。,bridge_repair: bridged_idx:list/tuple，可空；每对为长度 2 的一维序列，两个不同的有效 EEG 整数索引；bad_limit:正整数，最大可修复桥接簇限制。,"# Python 3.12 | MNE 1.10.2 | NumPy 1.26.4 | SciPy 1.15.3 | scikit-learn 1.6.1
import numpy as np
import mne
from numbers import Integral, Real

def _sequence(value, name, length=None):
    if not isinstance(value, (list, tuple, np.ndarray)) or (isinstance(value, np.ndarray) and value.ndim != 1):
        raise TypeError(name + '需要一维列表/元组/数组')
    if length is not None and len(value) != length:
        raise ValueError(name + '长度错误')

def _args(p, keys):
    expected = set(keys.split())
    if set(p) != expected:
        raise ValueError(f'参数缺失={expected - set(p)}; 未定义={set(p) - expected}')

    def finite(value):
        if isinstance(value, (bool, np.bool_)) or (isinstance(value, np.ndarray) and value.dtype.kind == 'b'):
            raise TypeError('数值参数不能使用布尔值')
        if isinstance(value, np.ndarray) and value.dtype.hasobject:
            finite(value.tolist())
        if isinstance(value, (float, complex, np.number)) and (np.iscomplexobj(value) or not np.isfinite(value)):
            raise ValueError('参数必须为有限实数')
        if isinstance(value, np.ndarray) and value.dtype.kind in 'fc' and (np.iscomplexobj(value) or not np.isfinite(value).all()):
            raise ValueError('数组参数包含复数/NaN/Inf')
        if type(value) is dict:
            for item in value.values():
                finite(item)
        if isinstance(value, (list, tuple)):
            for item in value:
                finite(item)
    for (key, value) in p.items():
        if isinstance(value, (bool, np.bool_)):
            raise TypeError(f'{key} 不接受布尔值代替数值/枚举')
        if key not in {'models', 'artifacts', 'forward', 'projs', 'montage', 'annotations'}:
            finite(value)

def _copy(x):
    if not isinstance(x, (mne.io.BaseRaw, mne.BaseEpochs)):
        raise TypeError('需要 MNE Raw/Epochs，电位单位 V')
    if isinstance(x, mne.BaseEpochs) and (not x.preload):
        raise ValueError('Epochs须已preload并记录已有drop_log，禁止普通操作隐式加载/剔除Trial')
    y = x.copy().load_data()
    values = y.get_data()
    if not values.size or np.iscomplexobj(values) or (not np.isfinite(values).all()):
        raise ValueError('空数据、复数或 NaN/Inf，先返回接入异常流程')
    return y

def _integer(v, name, minimum=0):
    if isinstance(v, bool) or not isinstance(v, Integral) or v < minimum:
        raise ValueError(f'{name} 需要 >= {minimum} 的整数')

def _out(data=None, model=None, **artifacts):

    def finite(v):
        if isinstance(v, (mne.io.BaseRaw, mne.BaseEpochs)):
            v = v.get_data()
        if isinstance(v, mne.time_frequency.BaseTFR):
            v = v.data
        if isinstance(v, np.ndarray) and (not v.size or not np.isfinite(v).all()):
            raise ValueError('输出为空或包含 NaN/Inf')
        if isinstance(v, (list, tuple)):
            for item in v:
                finite(item)
    finite(data)
    if isinstance(model, dict):
        finite(model.get('estimator'))
    return {'data': data, 'model': model, 'artifacts': artifacts}

def _eeg_bridge_repair_bridge_repair(op, x, **p):
    y = _copy(x)
    before = y.get_data().copy()
    _args(p, 'bridged_idx bad_limit')
    if not isinstance(y, mne.io.BaseRaw):
        raise TypeError('当前桥接方法只接受Raw')
    if not isinstance(p['bridged_idx'], (list, tuple)):
        raise TypeError('bridged_idx需要索引对列表/元组')
    for pair in p['bridged_idx']:
        _sequence(pair, 'bridged_idx pair', 2)
    _integer(p['bad_limit'], 'bad_limit', 1)
    eeg = set(mne.pick_types(y.info, eeg=True, exclude=[]))
    for pair in p['bridged_idx']:
        if len(pair) != 2 or pair[0] == pair[1] or (not set(pair) <= eeg):
            raise ValueError('桥接对必须指向两个不同的EEG通道')
        for i in pair:
            _integer(i, 'bridged_idx')
    if p['bridged_idx']:
        y = mne.preprocessing.interpolate_bridged_electrodes(y, **p)
    return _out(y, pairs=p['bridged_idx'], before=before)

def eeg_bridge_repair(op, x, model=None, **p):
    if op == 'bridge_repair':
        if model is not None:
            raise ValueError('此操作不接受模型')
        return _eeg_bridge_repair_bridge_repair(op, x, **p)
    raise NotImplementedError(op)
",桥接电极插值修复。使用已确认桥接对。,pairs：实际修复对；before：修复前信号。,决定来源匹配；对内索引不同；超大桥接簇须拒绝。,验收项：索引/来源/坐标失败、修复影响范围和秩,
EEG-INTERPOLATE,Raw 或已加载 Epochs，电位 V；正常供体及待插值 EEG 的位置已确定。interpolate/spherical 至少4个好EEG；interpolate_native 使用原生 MNE 几何/通道可解性条件。 trial_interpolate仅接受已加载有限Epochs；全部EEG坐标有效，全局EEG bads已合入逐Trial固定掩码并清空，每Trial至少4个好EEG。,data 为插值后同类型信号；interpolate/spherical 保留原 bads。interpolate_native 默认清除已修复 EEG 标记，reset_bads=False 时保留；辅助坏道不修复且保留。 trial_interpolate保持Trial数、events、selection、ID及掩码外样点，保留输入辅助坏道标记。,"interpolate_native：source_profile=pyprep_071，origin=auto|三坐标米，reset_bads=True，nonfinite=propagate|reject。固定 MNE1.10.2 EEG球面样条，按 info.bads 选择待插值 EEG，全部已有坏道排除作供体，辅助坏道保留。通道数与几何可解性由原生 MNE 检查，无额外比例上限。
interpolate: max_fraction:有限实数[0,1)；origin=""auto""或三个有限实数(x,y,z)米，即使无坏道也校验，不接受 None/其他字符串/错误长度。固定球面样条、reset_bads=False。
spherical: bad_channels 唯一坏 EEG 名称；origin=(x,y,z)米；kernel=eeglab|perrin；regularization≥0；stiffness整数≥2；terms整数1..500；max_fraction∈[0,1)。EEGLAB 配方0/4/7，Perrin可绑定1e-5/4/50；至少4个好 EEG，保留 bads。 donors排除全部当前bads；bad_channels指定本次修复目标。
trial_interpolate: mask、trial_ids、decision_id 必填；max_fraction=0.1（按 EEG 通道数）、origin=auto 或米单位三坐标。固定 MNE 1.10.2 球面样条，逐 Trial 至少 4 个好 EEG；仅插值掩码标记的 EEG。","# Python 3.12 | MNE 1.10.2 | NumPy 1.26.4 | SciPy 1.15.3
import numpy as np
import mne
from numbers import Real
from scipy.spatial.distance import cdist as _cdist
from numpy.polynomial.legendre import legval as _legval
import importlib.metadata as _core_metadata
import warnings as _core_warnings

def _args(p, keys):
    expected = set(keys.split())
    if set(p) != expected:
        raise ValueError(f'参数缺失={expected - set(p)}; 未定义={set(p) - expected}')

    def finite(value):
        if isinstance(value, (bool, np.bool_)) or (isinstance(value, np.ndarray) and value.dtype.kind == 'b'):
            raise TypeError('数值参数不能使用布尔值')
        if isinstance(value, np.ndarray) and value.dtype.hasobject:
            finite(value.tolist())
        if isinstance(value, (float, complex, np.number)) and (np.iscomplexobj(value) or not np.isfinite(value)):
            raise ValueError('参数必须为有限实数')
        if isinstance(value, np.ndarray) and value.dtype.kind in 'fc' and (np.iscomplexobj(value) or not np.isfinite(value).all()):
            raise ValueError('数组参数包含复数/NaN/Inf')
        if type(value) is dict:
            for item in value.values():
                finite(item)
        if isinstance(value, (list, tuple)):
            for item in value:
                finite(item)
    for (key, value) in p.items():
        if isinstance(value, (bool, np.bool_)):
            raise TypeError(f'{key} 不接受布尔值代替数值/枚举')
        if key not in {'models', 'artifacts', 'forward', 'projs', 'montage', 'annotations'}:
            finite(value)

def _copy(x):
    if not isinstance(x, (mne.io.BaseRaw, mne.BaseEpochs)):
        raise TypeError('需要 MNE Raw/Epochs，电位单位 V')
    if isinstance(x, mne.BaseEpochs) and (not x.preload):
        raise ValueError('Epochs须已preload并记录已有drop_log，禁止普通操作隐式加载/剔除Trial')
    y = x.copy().load_data()
    values = y.get_data()
    if not values.size or np.iscomplexobj(values) or (not np.isfinite(values).all()):
        raise ValueError('空数据、复数或 NaN/Inf，先返回接入异常流程')
    return y

def _operation_interpolate(op, x, **p):
    y = _copy(x)
    before = y.get_data().copy()
    _args(p, 'max_fraction origin')
    if 'eeg' not in y.get_channel_types():
        raise ValueError('插值输入必须含有EEG通道')
    _number(p['max_fraction'], 'max_fraction', 0, 1)
    if not isinstance(p['origin'], str) or p['origin'] != 'auto':
        _vector(p['origin'], 'origin', 3)
    eeg = set(np.array(y.ch_names)[mne.pick_types(y.info, eeg=True, exclude=[])])
    bads = [name for name in y.info['bads'] if name in eeg]
    auxiliary = [name for name in y.info['bads'] if name not in eeg]
    n = len(eeg)
    if not 0 <= p['max_fraction'] < 1 or len(bads) > n * p['max_fraction']:
        raise ValueError('插值比例超限')
    if bads and len(eeg - set(bads)) < 4:
        raise ValueError('当前模板要求至少4个好EEG通道用于插值')
    if bads:
        y.interpolate_bads(reset_bads=False, method=dict(eeg='spline'), origin=p['origin'], exclude=auxiliary)
    return _out(y, repaired=bads, before=before)

def _number(value, name, low=None, high=None, strict_low=False):
    if isinstance(value, (bool, np.bool_)) or not isinstance(value, (int, float, np.integer, np.floating)) or (not np.isfinite(value)):
        raise ValueError(name + ' requires finite real scalar')
    if low is not None and (value <= low if strict_low else value < low):
        raise ValueError(name + ' below permitted range')
    if high is not None and value > high:
        raise ValueError(name + ' above permitted range')

def _out(data=None, model=None, **artifacts):

    def finite(v):
        if isinstance(v, (mne.io.BaseRaw, mne.BaseEpochs)):
            v = v.get_data()
        if isinstance(v, mne.time_frequency.BaseTFR):
            v = v.data
        if isinstance(v, np.ndarray) and (not v.size or not np.isfinite(v).all()):
            raise ValueError('输出为空或包含 NaN/Inf')
        if isinstance(v, (list, tuple)):
            for item in v:
                finite(item)
    finite(data)
    if isinstance(model, dict):
        finite(model.get('estimator'))
    return {'data': data, 'model': model, 'artifacts': artifacts}

def _sequence(value, name, length=None):
    if not isinstance(value, (list, tuple, np.ndarray)) or (isinstance(value, np.ndarray) and value.ndim != 1):
        raise TypeError(name + '需要一维列表/元组/数组')
    if length is not None and len(value) != length:
        raise ValueError(name + '长度错误')

def _vector(value, name, length):
    _sequence(value, name, length)
    for item in value:
        _number(item, name)

def _sig_int(value, name, minimum=0):
    if isinstance(value, (bool, np.bool_)) or not isinstance(value, (int, np.integer)) or value < minimum:
        raise ValueError(name + ' requires an integer >= ' + str(minimum))
    return int(value)

def _operation_spherical(x, **p):
    _args(p, 'bad_channels origin kernel regularization stiffness terms max_fraction')
    y = _copy(x)
    bad = p['bad_channels']
    if not isinstance(bad, (list, tuple)) or len(set(bad)) != len(bad) or (not all((isinstance(k, str) for k in bad))):
        raise ValueError('bad_channels requires unique names')
    eeg = mne.pick_types(y.info, eeg=True, exclude=[])
    names = [y.ch_names[i] for i in eeg]
    if not len(eeg) or any((k not in names for k in bad)):
        raise ValueError('unknown or non-EEG bad channel')
    _number(p['max_fraction'], 'max_fraction', 0, 1)
    if p['max_fraction'] >= 1 or len(bad) > len(eeg) * p['max_fraction']:
        raise ValueError('interpolation proportion exceeded')
    o = np.asarray(p['origin'])
    if o.dtype.kind not in 'iuf' or o.shape != (3,) or (not np.isfinite(o).all()):
        raise ValueError('origin requires 3 coordinates in meters')
    if p['kernel'] not in ('eeglab', 'perrin'):
        raise ValueError('kernel must be eeglab or perrin')
    _number(p['regularization'], 'regularization', 0)
    m = _sig_int(p['stiffness'], 'stiffness', 2)
    n = _sig_int(p['terms'], 'terms', 1)
    if n > 500:
        raise ValueError('terms >500 unsupported')
    excluded = set(bad) | set(y.info['bads'])
    good = [i for i in eeg if y.ch_names[i] not in excluded]
    bad_idx = [y.ch_names.index(k) for k in bad]
    if not bad:
        return _out(y, repaired=[], interpolation_matrix=np.empty((0, len(good))), good_channels=[y.ch_names[i] for i in good])
    if len(good) < 4:
        raise ValueError('at least four good EEG channels required')
    positions = np.array([y.info['chs'][i]['loc'][:3] for i in good + bad_idx], float) - o
    radii = np.linalg.norm(positions, axis=1)
    if not np.isfinite(positions).all() or np.any(radii <= 0):
        raise ValueError('valid nonzero geometry required')
    pos = positions / radii[:, None]
    src = pos[:len(good)]
    dst = pos[len(good):]
    if np.min(_cdist(src, src) + np.eye(len(src)) * 10) < 1e-08:
        raise ValueError('duplicate good-channel geometry')
    factors = [0.0] + [(2 * k + 1) / (k ** m * (k + 1) ** m * 4 * np.pi) for k in range(1, n + 1)]
    arg = lambda a, b: 1 - _cdist(a, b) if p['kernel'] == 'eeglab' else np.clip(a @ b.T, -1, 1)
    G = _legval(arg(src, src), factors)
    H = _legval(arg(dst, src), factors)
    G += p['regularization'] * np.eye(len(good))
    if p['kernel'] == 'eeglab':
        centering = np.eye(len(good)) - np.ones((len(good), len(good))) / len(good)
        coeff = np.linalg.pinv(np.vstack([G, np.ones((1, len(good)))])) @ np.vstack([centering, np.zeros((1, len(good)))])
        matrix = H @ coeff + np.ones((len(bad), len(good))) / len(good)
    else:
        C = np.block([[G, np.ones((len(good), 1))], [np.ones((1, len(good))), np.zeros((1, 1))]])
        matrix = np.column_stack([H, np.ones(len(bad))]) @ np.linalg.pinv(C)[:, :len(good)]
    before = y.get_data()
    if before.ndim == 2:
        y._data[bad_idx] = matrix @ before[good]
    else:
        y._data[:, bad_idx, :] = np.einsum('bg,egt->ebt', matrix, before[:, good, :])
    return _out(y, repaired=list(bad), good_channels=[y.ch_names[i] for i in good], interpolation_matrix=matrix, kernel=p['kernel'], bads_preserved=list(y.info['bads']))

def _core_bool(value, name):
    if not isinstance(value, (bool, np.bool_)):
        raise TypeError(name + ' must be boolean')
    return bool(value)

def _core_kwargs(p, defaults, required=()):
    missing = set(required) - set(p)
    unknown = set(p) - set(defaults)
    if missing or unknown:
        raise ValueError('missing parameters=' + str(sorted(missing)) + '; unknown=' + str(sorted(unknown)))
    return dict(defaults, **p)

def _core_nonfinite_policy(value):
    if value not in ('reject', 'propagate'):
        raise ValueError('nonfinite must be reject or propagate')
    return value == 'propagate'

def _core_out(data, model=None, **artifacts):
    return {'data': data, 'model': model, 'artifacts': artifacts}

def _core_raw(x, allow_nan=False, epochs=False):
    if not isinstance(x, (mne.io.BaseRaw, mne.BaseEpochs) if epochs else mne.io.BaseRaw):
        raise TypeError('expected ' + ('Raw/Epochs' if epochs else 'Raw'))
    if isinstance(x, mne.BaseEpochs) and (not x.preload):
        raise ValueError('Epochs must be preloaded')
    y = x.copy().load_data()
    a = y.get_data()
    if not a.size or np.iscomplexobj(a) or np.isinf(a).any() or (not allow_nan and np.isnan(a).any()):
        raise ValueError('empty, complex or unsupported nonfinite signal')
    return y

def _core_versions():
    if _core_metadata.version('pyprep') != '0.7.1' or mne.__version__ != '1.10.2':
        raise RuntimeError('profile requires PyPREP 0.7.1 and MNE 1.10.2')

def _operation_interpolate_native(op, x, model=None, **p):
    if model is not None:
        raise ValueError('interpolate_native does not accept model')
    p = _core_kwargs(p, {'source_profile': 'pyprep_071', 'origin': 'auto', 'reset_bads': True, 'nonfinite': 'propagate'})
    if p['source_profile'] != 'pyprep_071':
        raise ValueError('unknown source profile')
    _core_versions()
    _core_bool(p['reset_bads'], 'reset_bads')
    if not isinstance(p['origin'], str):
        origin = np.asarray(p['origin'])
        if origin.shape != (3,) or origin.dtype.kind not in 'fiu' or (not np.isfinite(origin).all()):
            raise ValueError('invalid origin')
    elif p['origin'] != 'auto':
        raise ValueError('origin must be auto or xyz')
    y = _core_raw(x, allow_nan=_core_nonfinite_policy(p['nonfinite']), epochs=True)
    eeg = {n for (n, t) in zip(y.ch_names, y.get_channel_types()) if t == 'eeg'}
    if not eeg:
        raise ValueError('EEG required')
    bads = [n for n in y.info['bads'] if n in eeg]
    aux = [n for n in y.info['bads'] if n not in eeg]
    before = y.get_data().copy()
    with _core_warnings.catch_warnings(record=True) as caught:
        _core_warnings.simplefilter('always')
        if bads:
            y.interpolate_bads(reset_bads=bool(p['reset_bads']), method={'eeg': 'spline'}, origin=p['origin'], exclude=aux)
    if bads and (not np.isfinite(y.get_data(picks=bads)).all()):
        raise ValueError('interpolation left nonfinite repaired EEG')
    return _core_out(y, repaired=bads, retained_bads=list(y.info['bads']), source_profile=p['source_profile'], before=before, warnings=[str(w.message) for w in caught])

def _epochs(x):
    y = _copy(x)
    if not isinstance(y, mne.BaseEpochs):
        raise TypeError('需要已加载 Epochs')
    return y

def _exact(p, required='', **defaults):
    required = set(required.split())
    if required - set(p) or set(p) - required - set(defaults):
        raise ValueError(f'参数缺失={required - set(p)}; 未定义={set(p) - required - set(defaults)}')
    return dict(defaults, **p)

def _finite_array(a, name, ndim=None):
    a = np.asarray(a)
    if a.dtype.kind not in 'fiu' or not np.isfinite(a).all() or (ndim is not None and a.ndim != ndim):
        raise ValueError(name + '需要有限实数数组')
    return a.astype(float, copy=False)

def _ids(ids):
    if not isinstance(ids, (list, tuple)) or not ids or any((not isinstance(i, str) or not i.strip() for i in ids)) or (len(set(ids)) != len(ids)):
        raise ValueError('ID 必须为非空、唯一的字符串列表')

def _mask(a, shape, name='mask'):
    a = np.asarray(a)
    if a.dtype.kind != 'b' or a.shape != shape:
        raise ValueError(f'{name} 需要形状 {shape} 的布尔数组')
    return a

def _eeg_trial_interpolate_number(value, name, low=None, high=None, strict_low=False):
    if isinstance(value, (bool, np.bool_)) or not isinstance(value, Real) or (not np.isfinite(value)):
        raise ValueError(name + '需要有限实数标量')
    if low is not None and (value <= low if strict_low else value < low):
        raise ValueError(name + '低于允许范围')
    if high is not None and value > high:
        raise ValueError(name + '高于允许范围')

def _ref(s):
    if not isinstance(s, str) or not s.strip():
        raise ValueError('需要非空 reference_id')

def _operation_trial_interpolate(op, x, model=None, **p):
    if op != 'trial_interpolate':
        raise NotImplementedError(op)
    if model is not None:
        raise ValueError('固定掩码插值不接受模型')
    y = _epochs(x)
    p = _exact(p, 'mask trial_ids decision_id', max_fraction=0.1, origin='auto')
    _ids(p['trial_ids'])
    _ref(p['decision_id'])
    _eeg_trial_interpolate_number(p['max_fraction'], 'max_fraction', 0, 1)
    if len(p['trial_ids']) != len(y):
        raise ValueError('trial_ids 必须逐 Epoch 对齐')
    mask = _mask(p['mask'], (len(y), len(y.ch_names)))
    eeg = np.array(y.get_channel_types()) == 'eeg'
    if np.any(mask[:, ~eeg]):
        raise ValueError('只能插值 EEG 通道')
    if any((n in y.info['bads'] for (n, t) in zip(y.ch_names, y.get_channel_types()) if t == 'eeg')):
        raise ValueError('固定逐 Trial 掩码必须包含全部已知坏道；先清理全局 bads 并冻结掩码')
    coords = np.array([ch['loc'][:3] for (ch, t) in zip(y.info['chs'], y.get_channel_types()) if t == 'eeg'])
    if not np.isfinite(coords).all() or np.any(np.linalg.norm(coords, axis=1) == 0):
        raise ValueError('插值需要全部 EEG 的坐标')
    if not isinstance(p['origin'], str):
        origin = _finite_array(p['origin'], 'origin', 1)
        if origin.shape != (3,):
            raise ValueError('origin 必须为 3 坐标或 auto')
    elif p['origin'] != 'auto':
        raise ValueError('origin=auto 或米单位三坐标')
    before = y.get_data().copy()
    repairs = []
    for j in range(len(y)):
        names = [n for (n, bad) in zip(y.ch_names, mask[j]) if bad]
        if len(names) > p['max_fraction'] * eeg.sum():
            raise ValueError(f""Trial {p['trial_ids'][j]} 插值比例超限"")
        if names:
            if eeg.sum() - len(names) < 4:
                raise ValueError('每个 Trial 至少 4 个好 EEG')
            one = y[j:j + 1].copy()
            one.info['bads'] = names
            one.interpolate_bads(reset_bads=True, method=dict(eeg='spline'), origin=p['origin'], verbose=False)
            y._data[j, mask[j], :] = one.get_data()[0, mask[j], :]
        repairs.append(names)
    if not np.array_equal(before[~mask], y.get_data()[~mask]):
        raise RuntimeError('掩码外数据被改变')
    return _out(y, None, mask=mask.copy(), trial_ids=list(p['trial_ids']), decision_id=p['decision_id'], repaired_channels=repairs, selection=y.selection.copy())

def eeg_interpolate(op, x, model=None, **p):
    if model is not None:
        raise ValueError('operation does not accept model')
    if op == 'interpolate':
        return _operation_interpolate(op, x, **p)
    if op == 'spherical':
        return _operation_spherical(x, **p)
    if op == 'interpolate_native':
        return _operation_interpolate_native(op, x, model=None, **p)
    if op == 'trial_interpolate':
        return _operation_trial_interpolate(op, x, model=None, **p)
    raise NotImplementedError(op)
",球面样条插值：按全局坏道或逐 Trial 固定掩码，从正常 EEG 供体重建目标通道。,修复通道、保留坏道、警告与来源profile。 trial_interpolate另返mask、repaired_channels、trial_ids、decision_id、selection。,供体位置可用于球面插值；待修复 EEG 输出有限。,固定版本逐值对照、原输入保持、非法参数及操作迁移测试；见 proposal/core/results。,
EEG-EPOCH,Raw 电位（V）；events/event_id已绑定原Trial，picks为唯一已有通道名，可同时保留EEG和EOG等辅助通道。,data=所选通道的Epochs，保留EEG/辅助类型、原事件索引及drop_log；无默认baseline/detrend。,"epoch: events:严格递增整数 n×3 原记录绝对样点；event_id:非空 dict，非空字符串名→正整数码，拒绝布尔/浮点/非正码；tmin,tmax:s，含端点；picks:唯一已有通道名单（含所需辅助通道）。固定 baseline=None,detrend=None,proj=False,reject=None,flat=None,reject_by_annotation=True；重复事件报错。
epoch_with_nonfinite: events/event_id/tmin/tmax/picks 同 epoch。对 picks 中非有限样点建立 BAD_nonfinite 区间，丢弃相交 Trial；只输出其余有限 Epochs。全部丢弃为记录失败。","# Python 3.12 | MNE 1.10.2 | NumPy 1.26.4 | SciPy 1.15.3 | scikit-learn 1.6.1
import numpy as np
import mne
from numbers import Integral, Real

def _args(p, keys):
    expected = set(keys.split())
    if set(p) != expected:
        raise ValueError(f'参数缺失={expected - set(p)}; 未定义={set(p) - expected}')

    def finite(value):
        if isinstance(value, (bool, np.bool_)) or (isinstance(value, np.ndarray) and value.dtype.kind == 'b'):
            raise TypeError('数值参数不能使用布尔值')
        if isinstance(value, np.ndarray) and value.dtype.hasobject:
            finite(value.tolist())
        if isinstance(value, (float, complex, np.number)) and (np.iscomplexobj(value) or not np.isfinite(value)):
            raise ValueError('参数必须为有限实数')
        if isinstance(value, np.ndarray) and value.dtype.kind in 'fc' and (np.iscomplexobj(value) or not np.isfinite(value).all()):
            raise ValueError('数组参数包含复数/NaN/Inf')
        if type(value) is dict:
            for item in value.values():
                finite(item)
        if isinstance(value, (list, tuple)):
            for item in value:
                finite(item)
    for (key, value) in p.items():
        if isinstance(value, (bool, np.bool_)):
            raise TypeError(f'{key} 不接受布尔值代替数值/枚举')
        if key not in {'models', 'artifacts', 'forward', 'projs', 'montage', 'annotations'}:
            finite(value)

def _copy(x):
    if not isinstance(x, (mne.io.BaseRaw, mne.BaseEpochs)):
        raise TypeError('需要 MNE Raw/Epochs，电位单位 V')
    if isinstance(x, mne.BaseEpochs) and (not x.preload):
        raise ValueError('Epochs须已preload并记录已有drop_log，禁止普通操作隐式加载/剔除Trial')
    y = x.copy().load_data()
    values = y.get_data()
    if not values.size or np.iscomplexobj(values) or (not np.isfinite(values).all()):
        raise ValueError('空数据、复数或 NaN/Inf，先返回接入异常流程')
    return y

def _ids(ids):
    if not isinstance(ids, (list, tuple)) or not ids or any((not isinstance(i, str) or not i.strip() for i in ids)) or (len(set(ids)) != len(ids)):
        raise ValueError('ID 必须为非空、唯一的字符串列表')

def _events(events, raw=None):
    e = np.asarray(events)
    if e.dtype.kind not in 'iu' or e.ndim != 2 or e.shape[1] != 3:
        raise ValueError('events 必须为整数 n×3，禁止自动截断小数')
    if len(e) and (np.any(e[:, 0] < 0) or np.any(np.diff(e[:, 0].astype(float)) <= 0)):
        raise ValueError('events 样点必须非负且严格递增；有重复/碰撞')
    if raw is not None and len(e) and (e[0, 0] < raw.first_samp or e[-1, 0] > raw.last_samp):
        raise ValueError('events 超出当前 Raw 范围')
    return e.astype(np.int64, copy=True)

def _channels(x, names, kind='eeg'):
    _ids(names)
    valid = {n for (n, t) in zip(x.ch_names, x.get_channel_types()) if t == kind}
    if not set(names) <= valid:
        raise ValueError(f'需要已有 {kind} 通道列表')

def _out(data=None, model=None, **artifacts):

    def finite(v):
        if isinstance(v, (mne.io.BaseRaw, mne.BaseEpochs)):
            v = v.get_data()
        if isinstance(v, mne.time_frequency.BaseTFR):
            v = v.data
        if isinstance(v, np.ndarray) and (not v.size or not np.isfinite(v).all()):
            raise ValueError('输出为空或包含 NaN/Inf')
        if isinstance(v, (list, tuple)):
            for item in v:
                finite(item)
    finite(data)
    if isinstance(model, dict):
        finite(model.get('estimator'))
    return {'data': data, 'model': model, 'artifacts': artifacts}

def _eeg_epoch_epoch(op, x, **p):
    y = _copy(x)
    _args(p, 'events event_id tmin tmax picks')
    if not isinstance(p['event_id'], dict) or not p['event_id']:
        raise ValueError('event_id需要非空显式名称到正整数码字典')
    for (name, code) in p['event_id'].items():
        if not isinstance(name, str) or not name.strip():
            raise ValueError('事件名称必须是非空字符串')
        if isinstance(code, (bool, np.bool_)) or not isinstance(code, Integral) or code <= 0:
            raise ValueError('事件码必须是正整数')
    if not isinstance(y, mne.io.BaseRaw):
        raise TypeError('epoch需要Raw')
    p['events'] = _events(p['events'], y)
    _sig_epoch_picks(y, p['picks'])
    boundary_annotations = []
    for annotation in list(y.annotations):
        if annotation['description'].lower().startswith(('edge', 'boundary')):
            item = dict(onset=float(annotation['onset']), duration=float(annotation['duration']), original_description=annotation['description'])
            boundary_annotations.append(item)
            y.annotations.append(item['onset'], item['duration'], 'BAD_acquisition_boundary')
    y = mne.Epochs(y, **p, baseline=None, detrend=None, proj=False, reject=None, flat=None, reject_by_annotation=True, event_repeated='error', preload=True)
    return _out(y, kept=y.selection.copy(), drop_log=y.drop_log, boundary_annotations=boundary_annotations)

def eeg_epoch(op, x, model=None, **p):
    if op == 'epoch':
        if model is not None:
            raise ValueError('此操作不接受模型')
        return _eeg_epoch_epoch(op, x, **p)
    raise NotImplementedError(op)


from fractions import Fraction
from scipy import signal as _sig
from scipy.spatial.distance import cdist as _cdist
from numpy.polynomial.legendre import legval as _legval

def _sig_epoch_picks(y,names):
    if not isinstance(names,(list,tuple)) or not names or not all(isinstance(k,str) for k in names) or len(names)!=len(set(names)) or not set(names)<=set(y.ch_names):raise ValueError('picks requires unique existing channel names')

def _sig_epoch_nonfinite(x,**p):
    _args(p,'events event_id tmin tmax picks')
    if not isinstance(x,mne.io.BaseRaw):raise ValueError('epoch_with_nonfinite requires Raw')
    y=x.copy().load_data()
    _sig_epoch_picks(y,p['picks']);data=y.get_data(picks=p['picks'])
    if np.iscomplexobj(data):raise ValueError('complex input not supported')
    invalid=~np.isfinite(data).all(axis=0);changes=np.diff(np.r_[False,invalid,False].astype(int));starts=np.flatnonzero(changes==1);stops=np.flatnonzero(changes==-1)
    for a,b in zip(starts,stops):y.annotations.append(y.first_time+a/y.info['sfreq'],(b-a)/y.info['sfreq'],'BAD_nonfinite')
    # Only invalid samples are replaced, and every intersecting Epoch is rejected.
    # This copy exists solely for Epoch extraction; repaired Raw is never returned.
    y._data[~np.isfinite(y._data)]=0
    result=_eeg_epoch_epoch('epoch',y,**p)
    result['artifacts'].update(nonfinite_intervals=np.column_stack([starts,stops]),nonfinite_policy='drop intersecting selected-channel trials',input_event_indices=result['data'].selection.copy())
    return result

_legacy_eeg_epoch = eeg_epoch

def eeg_epoch(op,x,model=None,**p):
    if op == 'epoch_with_nonfinite':
        if model is not None: raise ValueError('operation does not accept model')
        return _sig_epoch_nonfinite(x,**p)
    return _legacy_eeg_epoch(op,x,model=model,**p)
",事件分段｜普通分段及拒绝含非有限样点的目标 Trial。,保留事件索引、drop_log、边界；扩展操作返回非有限样点区间。,时间窗不跨不可用采集段；所有原事件有保留/剔除解释。,变体的数值对照、输入保持、边界和无效参数；具体试件见实现审阅报告。,
EEG-TRIAL-REJECT,预加载电位 Epochs（V），保留原 selection/drop_log。,data=保留Epochs；removed为当前输入Trial位置，removed_selection另存原selection；drop_mask同时返回Trial ID。,"reject_trials: reject,flat:按通道类型的峰峰值/平直阈值dict或None；max_fraction:[0,1)。阈值按MNE电位单位V。
drop_mask: reject_mask 长度等于当前 Trial 数的布尔数组；trial_ids 同长唯一非空字符串；decision_id 非空。按确认掩码删除；全拒绝返回记录级失败。","# Python 3.12 | MNE 1.10.2 | NumPy 1.26.4 | SciPy 1.15.3 | scikit-learn 1.6.1
import numpy as np
import mne
from numbers import Integral, Real

def _args(p, keys):
    expected = set(keys.split())
    if set(p) != expected:
        raise ValueError(f'参数缺失={expected - set(p)}; 未定义={set(p) - expected}')

    def finite(value):
        if isinstance(value, (bool, np.bool_)) or (isinstance(value, np.ndarray) and value.dtype.kind == 'b'):
            raise TypeError('数值参数不能使用布尔值')
        if isinstance(value, np.ndarray) and value.dtype.hasobject:
            finite(value.tolist())
        if isinstance(value, (float, complex, np.number)) and (np.iscomplexobj(value) or not np.isfinite(value)):
            raise ValueError('参数必须为有限实数')
        if isinstance(value, np.ndarray) and value.dtype.kind in 'fc' and (np.iscomplexobj(value) or not np.isfinite(value).all()):
            raise ValueError('数组参数包含复数/NaN/Inf')
        if type(value) is dict:
            for item in value.values():
                finite(item)
        if isinstance(value, (list, tuple)):
            for item in value:
                finite(item)
    for (key, value) in p.items():
        if isinstance(value, (bool, np.bool_)):
            raise TypeError(f'{key} 不接受布尔值代替数值/枚举')
        if key not in {'models', 'artifacts', 'forward', 'projs', 'montage', 'annotations'}:
            finite(value)

def _copy(x):
    if not isinstance(x, (mne.io.BaseRaw, mne.BaseEpochs)):
        raise TypeError('需要 MNE Raw/Epochs，电位单位 V')
    if isinstance(x, mne.BaseEpochs) and (not x.preload):
        raise ValueError('Epochs须已preload并记录已有drop_log，禁止普通操作隐式加载/剔除Trial')
    y = x.copy().load_data()
    values = y.get_data()
    if not values.size or np.iscomplexobj(values) or (not np.isfinite(values).all()):
        raise ValueError('空数据、复数或 NaN/Inf，先返回接入异常流程')
    return y

def _out(data=None, model=None, **artifacts):

    def finite(v):
        if isinstance(v, (mne.io.BaseRaw, mne.BaseEpochs)):
            v = v.get_data()
        if isinstance(v, mne.time_frequency.BaseTFR):
            v = v.data
        if isinstance(v, np.ndarray) and (not v.size or not np.isfinite(v).all()):
            raise ValueError('输出为空或包含 NaN/Inf')
        if isinstance(v, (list, tuple)):
            for item in v:
                finite(item)
    finite(data)
    if isinstance(model, dict):
        finite(model.get('estimator'))
    return {'data': data, 'model': model, 'artifacts': artifacts}

def _eeg_trial_reject_reject_trials(op, x, **p):
    y = _copy(x)
    _args(p, 'reject flat max_fraction')
    if not isinstance(y, mne.BaseEpochs):
        raise TypeError('需要 Epochs')
    before = y.selection.copy()
    y.drop_bad(reject=p['reject'], flat=p['flat'])
    if not 0 <= p['max_fraction'] < 1 or len(y) < (1 - p['max_fraction']) * len(before):
        raise ValueError('Trial 剔除超硬限')
    return _out(y, kept=y.selection.copy(), removed=np.setdiff1d(before, y.selection), drop_log=y.drop_log)

def eeg_trial_reject(op, x, model=None, **p):
    if op == 'reject_trials':
        if model is not None:
            raise ValueError('此操作不接受模型')
        return _eeg_trial_reject_reject_trials(op, x, **p)
    raise NotImplementedError(op)


from fractions import Fraction
from scipy import signal as _sig
from scipy.spatial.distance import cdist as _cdist
from numpy.polynomial.legendre import legval as _legval

def _number(value,name,low=None,high=None,strict_low=False):
    if isinstance(value,(bool,np.bool_)) or not isinstance(value,(int,float,np.integer,np.floating)) or not np.isfinite(value):raise ValueError(name+' requires finite real scalar')
    if low is not None and (value<=low if strict_low else value<low):raise ValueError(name+' below permitted range')
    if high is not None and value>high:raise ValueError(name+' above permitted range')

def _sig_trial_drop(x,**p):
    if set(p)!=set('reject_mask trial_ids decision_id'.split()):raise ValueError('drop_mask parameter keys mismatch')
    y=_copy(x)
    if not isinstance(y,mne.BaseEpochs):raise ValueError('drop_mask requires Epochs')
    mask=np.asarray(p['reject_mask']);ids=p['trial_ids']
    if mask.dtype.kind!='b' or mask.shape!=(len(y),):raise ValueError('reject_mask requires one boolean per current Trial')
    if not isinstance(ids,(list,tuple)) or len(ids)!=len(y) or len(set(ids))!=len(ids) or not all(isinstance(i,str) and i for i in ids):raise ValueError('unique trial_ids required')
    if not isinstance(p['decision_id'],str) or not p['decision_id']:raise ValueError('decision_id required')
    if mask.all():raise ValueError('all trials rejected; return record-level failure with supplied mask')
    removed=np.flatnonzero(mask);y.drop(removed,reason='CONFIRMED_MASK',verbose=False)
    return _out(y,removed=removed,removed_trial_ids=[i for i,m in zip(ids,mask) if m],retained_trial_ids=[i for i,m in zip(ids,mask) if not m],decision_id=p['decision_id'])

def _sig_reject_trials(x,**p):
    _args(p,'reject flat max_fraction');y=_copy(x)
    if not isinstance(y,mne.BaseEpochs):raise ValueError('reject_trials requires Epochs')
    _number(p['max_fraction'],'max_fraction',0,1)
    if p['max_fraction']>=1:raise ValueError('max_fraction must be <1')
    original=y.selection.copy();probe=y.copy();probe.selection=np.arange(len(y));probe.drop_log=tuple(() for _ in range(len(y)))
    probe.drop_bad(reject=p['reject'],flat=p['flat'],verbose=False);positions=probe.selection.copy();removed=np.setdiff1d(np.arange(len(y)),positions)
    if len(removed)>len(y)*p['max_fraction']:raise ValueError('Trial rejection fraction exceeded')
    y.drop_bad(reject=p['reject'],flat=p['flat'],verbose=False)
    if len(y)!=len(probe) or not np.array_equal(y.get_data(),probe.get_data()):raise RuntimeError('Trial selection remapping differs from native rejection')
    return _out(y,kept=y.selection.copy(),kept_positions=positions,removed=removed,removed_selection=original[removed],input_selection=original,drop_log=y.drop_log,current_drop_log=probe.drop_log)

_legacy_eeg_trial_reject = eeg_trial_reject

def eeg_trial_reject(op,x,model=None,**p):
    if op == 'reject_trials':
        if model is not None: raise ValueError('operation does not accept model')
        return _sig_reject_trials(x,**p)
    if op == 'drop_mask':
        if model is not None: raise ValueError('operation does not accept model')
        return _sig_trial_drop(x,**p)
    return _legacy_eeg_trial_reject(op,x,model=model,**p)
",Epoch 拒绝｜峰峰值／平直阈值和应用确认拒绝掩码。,保留/移除Trial与确认决定ID。,reject_trials 满足比例限制；drop_mask 按确认掩码执行。保留与移除 Trial 身份守恒，至少保留一项。,变体的数值对照、输入保持、边界和无效参数；具体试件见实现审阅报告。,
EEG-BASELINE,电位 Epochs（V）；任务支持真实基线窗，伪迹校正已完成。,data=同形 Epochs；逐 Epoch、逐通道减去基线均值。,baseline: baseline 为长度 2 的一维序列，端点=有限实数 s|None（表示边界）；整项不接受 None，拒绝嵌套/布尔值。,"# Python 3.12 | MNE 1.10.2 | NumPy 1.26.4 | SciPy 1.15.3 | scikit-learn 1.6.1
import numpy as np
import mne
from numbers import Integral, Real

def _sequence(value, name, length=None):
    if not isinstance(value, (list, tuple, np.ndarray)) or (isinstance(value, np.ndarray) and value.ndim != 1):
        raise TypeError(name + '需要一维列表/元组/数组')
    if length is not None and len(value) != length:
        raise ValueError(name + '长度错误')

def _number(value, name, low=None, high=None, strict_low=False):
    if isinstance(value, (bool, np.bool_)) or not isinstance(value, Real) or (not np.isfinite(value)):
        raise ValueError(name + '需要有限实数标量')
    if low is not None and (value <= low if strict_low else value < low):
        raise ValueError(name + '低于允许范围')
    if high is not None and value > high:
        raise ValueError(name + '高于允许范围')

def _args(p, keys):
    expected = set(keys.split())
    if set(p) != expected:
        raise ValueError(f'参数缺失={expected - set(p)}; 未定义={set(p) - expected}')

    def finite(value):
        if isinstance(value, (bool, np.bool_)) or (isinstance(value, np.ndarray) and value.dtype.kind == 'b'):
            raise TypeError('数值参数不能使用布尔值')
        if isinstance(value, np.ndarray) and value.dtype.hasobject:
            finite(value.tolist())
        if isinstance(value, (float, complex, np.number)) and (np.iscomplexobj(value) or not np.isfinite(value)):
            raise ValueError('参数必须为有限实数')
        if isinstance(value, np.ndarray) and value.dtype.kind in 'fc' and (np.iscomplexobj(value) or not np.isfinite(value).all()):
            raise ValueError('数组参数包含复数/NaN/Inf')
        if type(value) is dict:
            for item in value.values():
                finite(item)
        if isinstance(value, (list, tuple)):
            for item in value:
                finite(item)
    for (key, value) in p.items():
        if isinstance(value, (bool, np.bool_)):
            raise TypeError(f'{key} 不接受布尔值代替数值/枚举')
        if key not in {'models', 'artifacts', 'forward', 'projs', 'montage', 'annotations'}:
            finite(value)

def _copy(x):
    if not isinstance(x, (mne.io.BaseRaw, mne.BaseEpochs)):
        raise TypeError('需要 MNE Raw/Epochs，电位单位 V')
    if isinstance(x, mne.BaseEpochs) and (not x.preload):
        raise ValueError('Epochs须已preload并记录已有drop_log，禁止普通操作隐式加载/剔除Trial')
    y = x.copy().load_data()
    values = y.get_data()
    if not values.size or np.iscomplexobj(values) or (not np.isfinite(values).all()):
        raise ValueError('空数据、复数或 NaN/Inf，先返回接入异常流程')
    return y

def _out(data=None, model=None, **artifacts):

    def finite(v):
        if isinstance(v, (mne.io.BaseRaw, mne.BaseEpochs)):
            v = v.get_data()
        if isinstance(v, mne.time_frequency.BaseTFR):
            v = v.data
        if isinstance(v, np.ndarray) and (not v.size or not np.isfinite(v).all()):
            raise ValueError('输出为空或包含 NaN/Inf')
        if isinstance(v, (list, tuple)):
            for item in v:
                finite(item)
    finite(data)
    if isinstance(model, dict):
        finite(model.get('estimator'))
    return {'data': data, 'model': model, 'artifacts': artifacts}

def _eeg_baseline_baseline(op, x, **p):
    y = _copy(x)
    _args(p, 'baseline')
    _sequence(p['baseline'], 'baseline', 2)
    for bound in p['baseline']:
        if bound is not None:
            _number(bound, 'baseline')
    if not isinstance(y, mne.BaseEpochs) or p['baseline'] is None:
        raise ValueError('需要 Epochs 和基线区间')
    y.apply_baseline(p['baseline'])
    return _out(y)

def eeg_baseline(op, x, model=None, **p):
    if op == 'baseline':
        if model is not None:
            raise ValueError('此操作不接受模型')
        return _eeg_baseline_baseline(op, x, **p)
    raise NotImplementedError(op)
",均值基线校正。,baseline 和实际区间保留在对象内。,基线窗有效，与任务定义一致。,验收项：基线均值近零、shape 和事件保持,
EEG-ZAPLINE,连续 MNE Raw，整数 sfreq>120 Hz，≥5 个未标坏 EEG picks，时长≥16秒；采集断点先拆段。,同形 Raw 副本，仅更新 picks；保留辅助道、时间和事件。,"zapline_plus: source_root, octave_path, picks, noise_frequencies=唯一 Hz 列表|line|[]（显式频率、50/60选择、17–min(99,Nyquist−detection_width/2−1)自动搜索）, chunk_seconds=0|正整数（0 自适应；固定时 min_chunk_seconds≤chunk_seconds≤时长），min_chunk_seconds≥2且≤时长/2，prominence_quantile∈[0,1]，chunk_filter_order∈[1,12]，adaptive_sigma 布尔，fixed_remove∈[0,floor(C/5)]，0.1≤min_sigma≤sigma≤max_sigma≤20，detection_width∈[1,min(20,sfreq/4)]Hz，spectrum_window_seconds∈[1,floor(时长/8)]整数，timeout_seconds∈[1,3600]。所有检测窗口须在 (0,Nyquist)；line 模式同时满足 50/60 边界。显式频率的最短块 FFT 网格须覆盖 f±0.05 Hz；adaptive_sigma=True 时完整谱网格也须覆盖该区间。自动检测需兼容全谱/块网格。固定 profile：1秒协方差段、Butterworth prototype_order 的零相位 SOS 带通（线频±detection_width/2，SciPy odd padding）、SciPy 峰突出度、半重叠 Hann Welch；adaptiveNremove=1、全部 PCA 维度，作者其余阈值固定于源码版本。","import numpy as np
import mne
from pathlib import Path
import tempfile,subprocess,sys,shutil,hashlib,json,shlex
from scipy.io import savemat,loadmat
from numbers import Real,Integral

def _args(p,keys):
    if set(p)!=set(keys.split()): raise ValueError('参数缺失或包含未定义参数：'+str(set(p)^set(keys.split())))

def _number(v,name,lo,hi):
    if isinstance(v,(bool,np.bool_)) or not isinstance(v,Real) or not np.isfinite(v) or not lo<=v<=hi: raise ValueError(name+' 超出有限数值范围')
    return float(v)

def _integer(v,name,lo,hi):
    if isinstance(v,(bool,np.bool_)) or not isinstance(v,Integral) or not lo<=v<=hi: raise ValueError(name+' 超出整数范围')
    return int(v)

def _input(x,p):
    import scipy
    if mne.__version__!='1.10.2' or np.__version__!='1.26.4' or scipy.__version__!='1.15.3': raise RuntimeError('需要冻结的 MNE 1.10.2 / NumPy 1.26.4 / SciPy 1.15.3 profile')
    if not isinstance(x,mne.io.BaseRaw): raise TypeError('输入必须是连续 MNE Raw')
    if any('boundary' in d.lower() or d.lower().startswith(('bad_acq_skip','edge')) for d in x.annotations.description): raise ValueError('请按采集断点拆为连续段后执行')
    picks=p['picks']
    if not isinstance(picks,(list,tuple)) or not picks or len(set(picks))!=len(picks): raise ValueError('picks 需要唯一 EEG 通道名')
    types=dict(zip(x.ch_names,x.get_channel_types()))
    if any(c not in types or types[c]!='eeg' or c in x.info['bads'] for c in picks): raise ValueError('只能选择存在且未标坏的 EEG 通道')
    idx=[x.ch_names.index(c) for c in picks];data=np.asarray(x.get_data(picks=idx),dtype=np.float64)
    if not np.isfinite(data).all(): raise ValueError('输入包含 NaN/Inf')
    sfreq=float(x.info['sfreq']);timeout=_number(p['timeout_seconds'],'timeout_seconds',1,3600)
    runtime=Path(p['octave_path']).expanduser().resolve();source=Path(p['source_root']).expanduser().resolve()
    if not runtime.is_file(): raise FileNotFoundError('octave_path 不是可执行文件')
    for relative,digest in SOURCE_HASHES.items():
        path=source/relative
        if not path.is_file() or hashlib.sha256(path.read_bytes()).hexdigest()!=digest: raise ValueError('作者源码缺失/版本不符：'+relative)
    return data,idx,sfreq,timeout,runtime,source

def _quote(s): return ""'""+str(s).replace(""'"",""''"")+""'""

def _replace_once(text,old,new,count=1):
    if count!=1 or text.count(old)!=1: raise RuntimeError('作者源码观察器定位不唯一')
    return text.replace(old,new,1)

def _run(data,fs,cfg,source,runtime,timeout,mode,order=4):
    from scipy.signal.windows import dpss
    with tempfile.TemporaryDirectory(prefix='eeg_line_') as temp:
        work=Path(temp);native=work/'native';compat=work/'compat';native.mkdir();compat.mkdir()
        for relative in SOURCE_HASHES:
            target=native/relative;target.parent.mkdir(parents=True,exist_ok=True);shutil.copy2(source/relative,target)
        traces=''
        if mode=='cleanline':
            # Observer only: record the author window loop and iterative stopping inputs.
            fp=native/'removeLinesMovingWindow.m';s=fp.read_text();s=_replace_once(s,'Fs = getStructureParameters',""global BA_TRACE BA_CALL; BA_CALL=BA_CALL+1;\nFs = getStructureParameters"",1)
            s=_replace_once(s,'for iteration = 1:lineNoise.maximumIterations','for iteration = 1:lineNoise.maximumIterations\n    BA_TESTED_FREQS=f0; BA_LAST_REDUCTION=[];',1);s=_replace_once(s,'        dBReduction = initialSpectrum - cleanedSpectrum;','        dBReduction = initialSpectrum - cleanedSpectrum; BA_LAST_REDUCTION=dBReduction(fidx);',1)
            s=_replace_once(s,'    if isempty(f0)',""    BA_TRACE(end+1).call=BA_CALL; BA_TRACE(end).iteration=iteration; BA_TRACE(end).remaining_frequencies=f0; BA_TRACE(end).significant=f0Mask; BA_TRACE(end).tested_frequencies=BA_TESTED_FREQS; BA_TRACE(end).line_db_reduction=BA_LAST_REDUCTION;\n    if isempty(f0)"",1);fp.write_text(s)
            nwin=int(round(fs*cfg['taperWindowSize']));nw=cfg['taperBandWidth']*cfg['taperWindowSize']/2;k=int(np.floor(2*nw-1));tapers,ratios=dpss(nwin,nw,k,sym=True,norm=2,return_ratios=True)
            savemat(work/'tapers.mat',dict(tapers=tapers.T,eigenvalues=ratios,N=nwin,NW=nw,K=k))
            (compat/'dpss.m').write_text(""function [tapers,eigenvalues]=dpss(N,NW,K)\n d=load(""+_quote(work/'tapers.mat')+""); if N~=d.N || NW~=d.NW || K~=d.K; error('DPSS profile mismatch'); end; tapers=d.tapers; eigenvalues=d.eigenvalues(:);\nend\n"")
            invocation=""signal=struct('data',data,'srate',srate); [signal,effective]=cleanLineNoise(signal,cfg); cleaned=signal.data; [F,A,f,sig]=testSignificantFrequencies(data(1,1:size(effective.tapers,1)),effective); analytics=struct('first_window_F',F,'first_window_amplitude',A,'frequencies',f,'F_threshold',sig);""
        else:
            fp=native/'clean_data_with_zapline_plus.m';s=fp.read_text();
            if s.count('addOptional(p,')!=29: raise RuntimeError('作者 name-value 参数声明数量不符')
            s=s.replace('addOptional(p,','addParameter(p,');s=_replace_once(s,'    nChunks = length(chunkIndices)-1;',""    global BA_TRACE; BA_TRACE(end+1).frequency=noisefreq; BA_TRACE(end).chunk_indices=chunkIndices;\n    nChunks = length(chunkIndices)-1;"",1);fp.write_text(s)
            (compat/'round.m').write_text(""function y=round(x,n)\n if nargin==1; y=builtin('round',x); else; factor=10.^n; y=builtin('round',x.*factor)./factor; end\nend\n"");(compat/'pwelch.m').write_text(PWELCH_CODE);(work/'callback.py').write_text(CALLBACK_CODE)
            command=shlex.quote(sys.executable)+' '+shlex.quote(str(work/'callback.py'))
            callback=""request=[tempname() '.mat']; response=[tempname() '.mat']; save('-mat7-binary',request,VARS); [status,message]=system([PREFIX ' \""' request '\"" \""' response '\""']); if status~=0; error(message); end; result=load(response); delete(request);delete(response);""
            findbody=callback.replace('VARS',""'data','minprominence','mindistance'"").replace('PREFIX',_quote(command+' findpeaks'))
            (compat/'findpeaks.m').write_text(""function [pks,locs,widths,proms]=findpeaks(data,varargin)\n minprominence=-1;mindistance=0; for k=1:2:numel(varargin); if strcmp(varargin{k},'MinPeakProminence'); minprominence=varargin{k+1}; elseif strcmp(varargin{k},'MinPeakDistance'); mindistance=varargin{k+1}; else; error('Unsupported peak option'); end; end\n""+findbody+""\npks=result.pks;locs=result.locs;widths=result.widths;proms=result.proms;\nend\n"")
            filterbody=callback.replace('VARS',""'data','frequency','srate','prototype_order'"").replace('PREFIX',_quote(command+' bandpass'))
            (compat/'bandpass.m').write_text(""function filtered=bandpass(data,frequency,srate)\nprototype_order=""+str(order)+"";\n""+filterbody+""\nfiltered=result.filtered;\nend\n"")
            invocation=""[cleaned,effective,analytics]=clean_data_with_zapline_plus(data,srate,cfg);""
        matcfg={key:(np.asarray(value,dtype=float) if isinstance(value,(int,float,bool,np.number,np.ndarray,list,tuple)) else value) for key,value in cfg.items()}
        savemat(work/'input.mat',dict(data=data,srate=float(fs),cfg=matcfg))
        script=""warning('off','Octave:shadowed-function'); pkg load signal; pkg load statistics; if ~strncmp(version,'11.3.',5);error('Octave 11.3.x required');end; if ~strcmp(ver('signal').Version,'1.4.8') || ~strcmp(ver('statistics').Version,'1.7.7');error('Package version mismatch');end; addpath(genpath(""+_quote(native)+""));addpath(""+_quote(compat)+"",'-begin'); load(""+_quote(work/'input.mat')+""); global BA_TRACE BA_CALL; BA_TRACE=struct([]);BA_CALL=0; ""+invocation+"" trace=BA_TRACE; save('-mat7-binary',""+_quote(work/'output.mat')+"",'cleaned','effective','analytics','trace');""
        (work/'run.m').write_text(script)
        result=subprocess.run([str(runtime),'--quiet','--no-gui',str(work/'run.m')],capture_output=True,text=True,timeout=timeout)
        if result.returncode!=0 or not (work/'output.mat').exists(): raise RuntimeError('Octave 作者算法执行失败：'+(result.stdout+result.stderr)[-6000:])
        out=loadmat(work/'output.mat',simplify_cells=True)
        value=np.asarray(out['cleaned'])
        if np.iscomplexobj(value) and np.max(np.abs(value.imag))>1e-12*max(1.,np.max(np.abs(value.real))): raise RuntimeError('作者输出含复信号')
        if value.size!=data.size: raise RuntimeError('作者输出样点数量错误')
        cleaned=np.asarray(value.real,dtype=float).reshape(data.shape)
        if cleaned.shape!=data.shape or not np.isfinite(cleaned).all(): raise RuntimeError('作者算法输出形状/有限性错误')
        return cleaned,dict(effective_parameters=out['effective'],analytics=out['analytics'],trace=out['trace'],runtime_log=result.stdout+result.stderr,source_commit=SOURCE_COMMIT,source_sha256=SOURCE_HASHES,profile=mode+'-octave-11.3-scipy-1.15.3',compatibility_patches=(['DPSS from scipy.signal.windows.dpss norm=2 sym=True','numeric config encoded as MATLAB double','iteration observer'] if mode=='cleanline' else ['inputParser addOptional converted to addParameter for name-value parsing','numeric config encoded as MATLAB double','explicit real-matrix Welch profile','SciPy find_peaks prominence profile','explicit Butterworth chunk bandpass','decimal round compatibility','chunk observer']))

SOURCE_COMMIT='f4628a32f4ec53cebfb07b1f6a8f465f44f1377a'
SOURCE_HASHES={'nt_regcov.m': '659d41fdab77d9934f2989aab416f6a82ecaa7cedf79d9477a015a1b9d196c19', 'nt_zapline_plus.m': '4f08ae167dac04ff2d1367e5ca211a553aec551130f392324db0470b43f2de14', 'clean_data_with_zapline_plus_eeglab_wrapper.m': 'd1b7aad1ab14a57f9dc6d49a69becc79de7958be4e9116417262b645b97e805b', 'nt_demean.m': '2863cf477a70264d76e5e44d13796a22378db4b4b74225a9fb0681c0a7b24b70', 'nt_dss0.m': '6c8c3bf741768cd0d781986f86d768a97880626a35cb280f3dadfc5091656736', 'nt_normcol.m': '2bf6cf8b8ecb72b78dc4840f8f3be52fe3c7fcd3a30f146c5ca7b5d4ed4af1b8', 'clean_data_with_zapline_plus.m': '27e292b7e04c98b8c79ac0bd900971856a94b3cd4fc80a14524bf33ecf614a8b', 'nt_bias_fft.m': 'ba01b651569b6107fccd75c244e6ddfa3416574d982711e82b5226d42f79d195', 'nt_unfold.m': '716da208df6812ec889ba1e7f43322b7d38a4a147ab90ca401369d762144c633', 'nt_smooth.m': '8a7038e96d8c2302580ee4f4b609b22acae1f5c988b92a08ec96f363dec2972d', 'find_next_noisefreq.m': '682aab66c3576889274dfcc7419f7d38ebdb00d37db22e0771bfc53f4e19ba04', 'nt_version.m': '2599ff3c189e8a492147cbf58d96aeed9de677da31055188427251710ba62396', 'iterative_outlier_removal.m': '9e922b54b3a79f666429e17e30890e61e9bc89719be5f63979216f700d16954f', 'nt_mmat.m': 'fc016e715580250d3a253db5b85fed5dd3090af58398a5a0c6a7ee502ef8b9c8', 'nt_pca.m': 'f90e20267e7ed1b917114492765c105ef7a15d6fca780d29c656b334a5776667', 'eegplugin_zapline_plus.m': '0a08f2bfdaebbcbb274bd3aebe7cf08ba8d8fa26c17bfb8073a7189e4255f58a', 'nt_xcov.m': '102734f915e6ac7a17065262b808ec12efbd592428d9b5510cff687e2c83548f', 'nt_vecmult.m': 'ad19b85d4b1e66bdb9b6f464a303be8ab365b8f1655de206f44e9826714953bc', 'nt_vecadd.m': 'fa4604fda3d4aa1e6c31c8033398db4022a34df90039b212acd52d41dd5358f8', 'nt_tsr.m': 'c8b05cf73a9da014ec780d115793616e43e19325c7acf734840c374b6f72f8ae', 'nt_cov.m': '90986240014616d507422fa39f0c89022aa35d9d0be5e8a8c1ece3d10a0651a4', 'nt_fold.m': 'ee6b6fef9c2bf86079ef4b78e981819ce6fc6269ab5619eaa8191585b18370df', 'pop_zapline_plus.m': '27804a0c25233d1ba0d08c05510bd238888b64cad731032185484f7b3e8deeb7', 'nt_pcarot.m': '78aed329cb254b4e5c43950e7db3799377fc398f57acbe191a3aa34f86949901', 'nt_multishift.m': '34d7cfa10131db01ebf91e6c9358243f0d8ce4239bdb0524fd3d697ca86a726c', 'nt_greetings.m': 'abc03a2a77cb6f8c9614a5e859553fba08e25e04366e5e3f49f8fe08f2b6e82b', 'LICENSE': '3972dc9744f6499f0f9b2dbf76696f2ae7ad8af9b23dde66d6af86c9dfb36986'}
PWELCH_CODE=""function [power, frequencies] = pwelch(data, window, overlap, nfft, srate)\n  if nargin ~= 5 || ~isreal(data) || isscalar(window)\n    error('Only the frozen real matrix / explicit window / Fs Welch profile is supported');\n  end\n  if isrow(data); data=data'; end\n  window=window(:); L=length(window);\n  if isempty(overlap); overlap=floor(L/2); end\n  if isempty(nfft); nfft=max(256,2^nextpow2(L)); end\n  if L<2 || L>size(data,1) || overlap<0 || overlap>=L || nfft<L; error('Invalid Welch window'); end\n  starts=1:(L-overlap):(size(data,1)-L+1);\n  power=zeros(floor(nfft/2)+1,size(data,2));\n  for start=starts\n    spectrum=fft(bsxfun(@times,data(start:start+L-1,:),window),nfft,1);\n    power=power+abs(spectrum(1:floor(nfft/2)+1,:)).^2;\n  end\n  power=power/(numel(starts)*srate*sum(window.^2));\n  if mod(nfft,2)==0; power(2:end-1,:)=2*power(2:end-1,:); else; power(2:end,:)=2*power(2:end,:); end\n  frequencies=(0:floor(nfft/2))'*srate/nfft;\nend\n""
CALLBACK_CODE=""import sys\nimport numpy as np\nfrom scipy.io import loadmat,savemat\nfrom scipy.signal import find_peaks,peak_prominences,peak_widths,butter,sosfiltfilt\noperation,inputfile,outputfile=sys.argv[1:]\nd=loadmat(inputfile,squeeze_me=True)\nif operation=='findpeaks':\n x=np.asarray(d['data']).ravel(); kwargs={}\n if float(d['minprominence'])>=0: kwargs['prominence']=float(d['minprominence'])\n if float(d['mindistance'])>0: kwargs['distance']=float(d['mindistance'])\n peaks,_=find_peaks(x,**kwargs); prominence=peak_prominences(x,peaks)[0] if len(peaks) else np.array([]); widths=peak_widths(x,peaks,rel_height=.5)[0] if len(peaks) else np.array([])\n savemat(outputfile,{'pks':x[peaks][:,None],'locs':(peaks+1)[:,None],'widths':widths[:,None],'proms':prominence[:,None]})\nelif operation=='bandpass':\n x=np.asarray(d['data']); fs=float(d['srate']); order=int(d['prototype_order']); bands=np.asarray(d['frequency']).ravel(); sos=butter(order,bands,btype='bandpass',fs=fs,output='sos')\n savemat(outputfile,{'filtered':sosfiltfilt(sos,x,axis=0),'sos':sos})\nelse: raise ValueError(operation)\n""
def eeg_zapline(op,x,model=None,**p):
    if op!='zapline_plus': raise NotImplementedError(op)
    _args(p,'source_root octave_path picks noise_frequencies chunk_seconds min_chunk_seconds prominence_quantile chunk_filter_order adaptive_sigma fixed_remove sigma min_sigma max_sigma detection_width spectrum_window_seconds timeout_seconds')
    if model is not None: raise ValueError('Zapline-plus 不接受模型')
    data,idx,fs,timeout,runtime,source=_input(x,p)
    if fs!=round(fs) or fs<=120 or len(idx)<5 or data.shape[1]/fs<16: raise ValueError('此 profile 需要整数 sfreq>120、≥5 EEG 通道、≥16秒连续数据')
    freqs=p['noise_frequencies']
    if isinstance(freqs,str):
        if freqs!='line': raise ValueError('频率字符串只能是 line')
    else:
        freqs=np.asarray(freqs)
        if freqs.dtype.kind not in 'fiu' or freqs.ndim!=1 or not np.isfinite(freqs).all() or len(np.unique(freqs))!=len(freqs) or np.any(freqs<=3) or np.any(freqs>=fs/2-3): raise ValueError('频率必须唯一且扫描窗口位于 (0,Nyquist)；空列表自动检测')
    duration=data.shape[1]/fs;chunk=_integer(p['chunk_seconds'],'chunk_seconds',0,int(duration));minimum=_integer(p['min_chunk_seconds'],'min_chunk_seconds',2,int(duration/2));quant=_number(p['prominence_quantile'],'prominence_quantile',0,1)
    order=_integer(p['chunk_filter_order'],'chunk_filter_order',1,12);fixed=_integer(p['fixed_remove'],'fixed_remove',0,max(1,len(idx)//5));sigma=_number(p['sigma'],'sigma',.1,20);minsig=_number(p['min_sigma'],'min_sigma',.1,sigma);maxsig=_number(p['max_sigma'],'max_sigma',sigma,20)
    if type(p['adaptive_sigma']) is not bool: raise ValueError('adaptive_sigma 需要布尔值')
    width=_number(p['detection_width'],'detection_width',1,min(20,fs/4));window=_integer(p['spectrum_window_seconds'],'spectrum_window_seconds',1,int(duration/8))
    if isinstance(freqs,str) and 60+width/2>=fs/2: raise ValueError('line 模式需让 50/60 Hz 两个检测窗口都低于 Nyquist')
    if not isinstance(freqs,str) and len(freqs) and (np.any(freqs-width/2<=0) or np.any(freqs+width/2>=fs/2)): raise ValueError('检测频带越界')
    if chunk and chunk<minimum: raise ValueError('固定块长须不小于最短块长')
    if not np.any(np.std(data,axis=1)>0): raise ValueError('所有通道均为常量')
    global_nfft=max(256,2**int(np.ceil(np.log2(window*fs))))
    block_nfft=max(256,2**int(np.ceil(np.log2((chunk or minimum)*fs))))
    if not isinstance(freqs,str) and len(freqs):
        nearest_block=np.round(freqs*block_nfft/fs)*fs/block_nfft
        if np.any(np.abs(nearest_block-freqs)>=.05): raise ValueError('最短块 FFT 网格未覆盖线频 ±0.05 Hz；增加块长')
        nearest_global=np.round(freqs*global_nfft/fs)*fs/global_nfft
        if p['adaptive_sigma'] and np.any(np.abs(nearest_global-freqs)>=.05): raise ValueError('完整谱 FFT 网格未覆盖线频 ±0.05 Hz；增加 spectrum_window_seconds')
    elif block_nfft<global_nfft and fs/block_nfft>=.1:
        raise ValueError('自动检测频率的全谱/最短块 FFT 网格不兼容；增加块长')
    cfg=dict(noisefreqs=freqs,adaptiveNremove=1,adaptiveSigma=int(p['adaptive_sigma']),fixedNremove=fixed,noiseCompDetectSigma=sigma,minsigma=minsig,maxsigma=maxsig,chunkLength=chunk,segmentLength=1,minChunkLength=minimum,prominenceQuantile=quant,nkeep=len(idx),plotResults=0,overwritePlot=1,saveSpectra=1,winSizeCompleteSpectrum=window,detectionWinsize=width,minfreq=17,maxfreq=min(99,fs/2-width/2-1),searchIndividualNoise=1)
    cleaned,artifacts=_run(data*1e6,fs,cfg,source,runtime,timeout,'zapline_plus',order=order);cleaned=cleaned*1e-6;out=x.copy().load_data();out._data[idx]=cleaned
    trace=artifacts['trace']; traces=[trace] if isinstance(trace,dict) else list(trace)
    artifacts['chunk_boundaries']=[dict(frequency=float(item['frequency']),samples=(np.asarray(item['chunk_indices']).ravel().astype(int)-1).tolist()) for item in traces]
    for item in artifacts['chunk_boundaries']:
        bounds=item['samples']
        if bounds[0]!=0 or bounds[-1]!=data.shape[1] or any(b-a<minimum*fs for a,b in zip(bounds[:-1],bounds[1:])): raise RuntimeError('作者分块边界未覆盖数据')
    artifacts.update(native_unit='uV',output_unit='V',picks=list(p['picks']),removed=data-cleaned,chunk_filter=dict(design='Butterworth',prototype_order=order,phase='zero',padding='scipy.sosfiltfilt odd/default',band='line frequency +/- detection_width/2'),peak_detector='scipy.signal.find_peaks 1.15.3; half-prominence width',segment_seconds=1)
    return {'data':out,'model':None,'artifacts':artifacts}
",Zapline-plus｜执行作者自适应分块、逐块频峰识别、DSS 成分选择和清理强度迭代；使用显式 Octave/SciPy 分块滤波 profile。[作者源码](https://github.com/MariusKlug/zapline-plus/tree/f4628a32f4ec53cebfb07b1f6a8f465f44f1377a),有效配置、从零计数的块边界、每块实际频率/成分数/得分、最终 sigma、清理前后谱与功率比例、移除波形、profile、源码摘要和日志。作者运算 µV，Raw 为 V。,源码与依赖匹配；自适应/固定块覆盖全部样点；输出有限、同形。source_root 哈希锁定作者算法；分块带通、峰规则和 Welch 配置由本 profile 固定。,已实际运行自适应与固定分块、成分/σ迭代及重放；Welch 与独立 SciPy 公式一致。60秒非平稳线噪试件自适应分为4块，50 Hz 带功率下降36.80 dB；保留10 Hz功率比0.885。,
EEG-BAD-CHANNEL-ENSEMBLE,Raw 电位 V；native 检测副本接受 NaN，由作者构造器识别 NaN/平道/人工坏道；Inf 拒绝。,原数据、通道、bads 和事件保持；返回独立副本。,"prep_detect_native：do_detrend=True；random_state=None|uint32种子|MT19937状态字典{bit_generator:MT19937,keys:uint32[624],pos:0..624,has_gauss:0|1,cached_gaussian:有限数}，None复制调用时全局状态；reject_by_annotation=None|omit；ransac=True，correlation=True，channel_wise=False，max_chunk_size=None|正整数（须channel_wise及ransac）。criteria 允许逐项覆盖：deviation{deviation_threshold:5}、hfnoise{HF_zscore_threshold:5}、correlation{correlation_secs:1,correlation_threshold:0.4,frac_bad:0.01}、psd{zscore_threshold:3,fmin:1,fmax:45}、ransac{n_samples:50,sample_prop:0.25,corr_thresh:0.75,frac_bad:0.4,corr_window_secs:5}。SNR由HF与相关结果交集产生。native固定 matlab_strict=False。
prep_detect：{""do_detrend"": true, ""matlab_strict"": true, ""random_state"": 0, ""reject_by_annotation"": null, ""criteria"": {""deviation"": {""deviation_threshold"": 5.0}, ""hfnoise"": {""HF_zscore_threshold"": 5.0}, ""correlation"": {""correlation_secs"": 1.0, ""correlation_threshold"": 0.4, ""frac_bad"": 0.01}, ""snr"": {}, ""ransac"": {""n_samples"": 50, ""sample_prop"": 0.25, ""corr_thresh"": 0.75, ""frac_bad"": 0.4, ""corr_window_secs"": 5.0, ""channel_wise"": false, ""max_chunk_size"": null}}}；拒绝未知参数。
prep_detect retained_bandwidth_policy=require|author_attenuated（默认require）；后者在已低通≤50Hz时继续作者HF计算，返回 hf_band_attenuated=True，不修改数据或频带元信息。 op选择参数化检测或PyPREP 0.7.1原生联合算法；联合状态与独立重建状态的单判据调用分别验收。","""""""EEG detection basic unit; inputs are read-only, values use SI volts.""""""
import numpy as np
import mne
from scipy import signal, stats

def _params(p, defaults):
    unknown=set(p)-set(defaults)
    if unknown: raise TypeError('unknown parameters: '+str(sorted(unknown)))
    return dict(defaults, **p)

def _start(op, expected, x, model, allow_epochs=False, picks=None):
    if op != expected: raise ValueError('operation must be '+expected)
    if model is not None: raise ValueError('detection does not accept a fitted model')
    valid=(mne.io.BaseRaw,mne.BaseEpochs) if allow_epochs else (mne.io.BaseRaw,)
    if not isinstance(x,valid): raise TypeError('expected Raw or supported Epochs')
    if picks is None: picks=mne.pick_types(x.info, eeg=True, exclude='bads').tolist()
    else:
        if not isinstance(picks,(list,tuple)) or not picks or len(set(picks))!=len(picks): raise ValueError('picks must be unique channel names')
        if any(c not in x.ch_names for c in picks): raise ValueError('unknown channel')
        picks=[x.ch_names.index(c) for c in picks]
    if not picks: raise ValueError('no selected channels')
    a=x.get_data(picks=picks)
    if not np.isfinite(a).all(): raise ValueError('selected data must be finite')
    return a,[x.ch_names[k] for k in picks],float(x.info['sfreq'])

def _positive(v, name, zero=False):
    if isinstance(v,(bool,np.bool_)) or not np.isscalar(v) or not np.isfinite(v) or (v<0 if zero else v<=0): raise ValueError(name+' must be finite '+('nonnegative' if zero else 'positive'))
    return float(v)

def _fraction(v,name):
    v=_positive(v,name,True)
    if v>1: raise ValueError(name+' must be in [0,1]')
    return v

def _samples(seconds, sf, name):
    n=_positive(seconds,name)*sf
    if n<1 or not np.isclose(n,round(n),rtol=0,atol=1e-8): raise ValueError(name+' must contain an integer number of samples')
    return int(round(n))

def _segments(x, intervals=None):
    n=x.n_times
    if intervals is not None:
        v=np.asarray(intervals)
        if v.ndim!=2 or v.shape[1]!=2 or not len(v) or v.dtype.kind not in 'iu': raise ValueError('valid_intervals must be nonempty integer [start, stop) sample pairs')
        if np.any(v[:,0]<0) or np.any(v[:,1]>n) or np.any(v[:,1]<=v[:,0]) or np.any(v[1:,0]<v[:-1,1]): raise ValueError('invalid/overlapping intervals')
        return v
    from mne.annotations import _annotations_starts_stops
    starts,ends=_annotations_starts_stops(x,('bad','edge'),invert=True)
    return np.array([(s,e) for s,e in zip(starts,ends) if e>s],dtype=int).reshape(-1,2)

def _windows(x,a,p):
    sf=float(x.info['sfreq']);win=_samples(p['window_s'],sf,'window_s');step=_samples(p['stride_s'],sf,'stride_s')
    if p['tail']!='drop': raise ValueError('tail must be drop')
    iv=_segments(x,p['valid_intervals']);bounds=np.array([(s,e) for lo,hi in iv for s in range(lo,hi-win+1,step) for e in [s+win]],dtype=int).reshape(-1,2)
    if len(bounds)<p['min_windows'] or not isinstance(p['min_windows'],int) or isinstance(p['min_windows'],bool) or p['min_windows']<1: raise ValueError('insufficient valid windows or invalid min_windows')
    return np.stack([a[:,s:e] for s,e in bounds],axis=1),bounds

def _result(x,names,**artifacts):
    return {'data':x.copy(),'model':None,'artifacts':{'channel_names':names,**artifacts}}

def _candidates(names,mask): return [n for n,b in zip(names,np.asarray(mask,dtype=bool)) if b]

def _epoch_axes(x,names):
    return {'channel_names':names,'epoch_selection':np.asarray(x.selection).copy(),'events':x.events.copy(),'times_s':x.times.copy()}


import copy
import importlib.metadata
from pyprep import NoisyChannels
from pyprep.utils import _mat_iqr, _mad

def _prep(x, model, p, methods):
    bandwidth_policy=p.pop('retained_bandwidth_policy','require')
    if bandwidth_policy not in ('require','author_attenuated'):raise ValueError('invalid retained_bandwidth_policy')
    if model is not None:raise ValueError('no model accepted')
    if not isinstance(x,mne.io.BaseRaw):raise TypeError('PyPREP detection requires Raw')
    if importlib.metadata.version('pyprep')!='0.7.1':raise RuntimeError('requires pyprep==0.7.1')
    for key in ('do_detrend','matlab_strict'):
        if not isinstance(p[key],bool):raise TypeError(key+' must be boolean')
    if not isinstance(p['random_state'],int) or isinstance(p['random_state'],bool) or not 0<=p['random_state']<2**32:raise ValueError('random_state must be a uint32 seed')
    if p['reject_by_annotation'] not in (None,'omit'):raise ValueError('reject_by_annotation must be None or omit')
    if p['matlab_strict'] and p['reject_by_annotation'] is not None:raise ValueError('matlab_strict cannot honor annotation omission; choose one explicitly')
    allowed={'deviation':{'deviation_threshold':5.},'hfnoise':{'HF_zscore_threshold':5.},'correlation':{'correlation_secs':1.,'correlation_threshold':.4,'frac_bad':.01},'snr':{},'ransac':{'n_samples':50,'sample_prop':.25,'corr_thresh':.75,'frac_bad':.4,'corr_window_secs':5.,'channel_wise':False,'max_chunk_size':None}}
    if not isinstance(methods,dict) or not methods or set(methods)-set(allowed):raise ValueError('invalid criteria')
    cfg={}
    for name,kw in methods.items():
        if not isinstance(kw,dict):raise TypeError('criterion parameters must be dict')
        cfg[name]=_params(kw,allowed[name])
    if 'snr' in cfg and not {'hfnoise','correlation'}<=set(cfg):raise ValueError('SNR requires explicit hfnoise and correlation')
    if 'ransac' in cfg and not {'deviation','correlation'}<=set(cfg):raise ValueError('RANSAC requires explicit deviation and correlation')
    obj=NoisyChannels(x.copy().load_data(),**p,ransac='ransac' in cfg,correlation='correlation' in cfg)
    if obj.n_chans_new<2:raise ValueError('fewer than two usable EEG channels after constructor NaN/flat checks')
    if np.isinf(obj.EEGData).any():raise ValueError('infinite data is invalid')
    native_reasons={'nan':list(obj.bad_by_nan),'flat':list(obj.bad_by_flat),'manual':list(obj.bad_by_manual)};status={};rng_before=obj.random_state.get_state();measures={}
    for name in allowed:
        if name not in cfg:continue
        kw=cfg[name]
        if name=='deviation':
            _positive(kw['deviation_threshold'],'deviation_threshold');amp=_mat_iqr(obj.EEGData,axis=1)*.7413;scale=_mat_iqr(amp)*.7413
            if not np.isfinite(scale) or scale<=0:raise ValueError('deviation undefined: zero population amplitude scale')
            measures['channel_amplitude_V']=amp
            obj.find_bad_by_deviation(**kw)
        elif name=='hfnoise':
            _positive(kw['HF_zscore_threshold'],'HF_zscore_threshold')
            if obj.sample_rate<=100:raise ValueError('HF ratio not applicable at sfreq <= 100 Hz')
            if x.info.get('lowpass') is not None and x.info['lowpass']<=50 and bandwidth_policy=='require':raise ValueError('HF ratio not applicable after lowpass <= 50 Hz')
            if obj.EEGFiltered is None:obj.EEGFiltered=obj._get_filtered_data()
            num=_mad(obj.EEGData-obj.EEGFiltered,axis=1);den=_mad(obj.EEGFiltered,axis=1)
            if np.any(den<=0):raise ValueError('HF ratio undefined: zero denominator')
            ratio=num/den;scale=np.median(abs(ratio-np.median(ratio)))*1.4826
            if not np.isfinite(scale) or scale<=0:raise ValueError('HF ratio undefined: zero population scale')
            measures.update(hf_numerator_V=num,hf_denominator_V=den,hf_noisiness=ratio)
            obj.find_bad_by_hfnoise(**kw)
        elif name=='correlation':
            win=_samples(kw['correlation_secs'],obj.sample_rate,'correlation_secs');_fraction(kw['correlation_threshold'],'correlation_threshold');_fraction(kw['frac_bad'],'frac_bad')
            count=len(np.arange(1,obj.n_samples-win,win))
            if count<1:raise ValueError('insufficient PyPREP correlation windows')
            if obj.EEGFiltered is None:obj.EEGFiltered=obj._get_filtered_data()
            for w in range(count):
                if np.sum(_mad(obj.EEGFiltered[:,w*win:(w+1)*win],axis=1)>0)<2:raise ValueError('correlation window has fewer than two nonflat channels')
            measures['correlation_windows_work_samples']=np.array([[w*win,(w+1)*win] for w in range(count)])
            obj.find_bad_by_correlation(**kw)
        elif name=='snr':obj.bad_by_SNR=sorted(set(obj.bad_by_hf_noise)&set(obj.bad_by_correlation))
        elif name=='ransac':
            for key in ('corr_thresh','frac_bad','sample_prop'):_fraction(kw[key],key)
            if not 0<kw['sample_prop']<1:raise ValueError('sample_prop must be in (0,1)')
            _positive(kw['corr_window_secs'],'corr_window_secs')
            if not isinstance(kw['n_samples'],int) or isinstance(kw['n_samples'],bool) or kw['n_samples']<1:raise ValueError('n_samples must be positive integer')
            if not isinstance(kw['channel_wise'],bool):raise ValueError('channel_wise must be boolean')
            chunk=kw['max_chunk_size']
            if chunk is not None and (not isinstance(chunk,int) or isinstance(chunk,bool) or chunk<1 or not kw['channel_wise']):raise ValueError('max_chunk_size needs channel_wise and positive integer')
            xyz=obj.raw_mne._get_channel_positions(obj.raw_mne.ch_names)[obj.usable_idx]
            if not np.isfinite(xyz).all() or np.any(np.linalg.norm(xyz,axis=1)==0):raise ValueError('RANSAC requires valid electrode positions')
            obj.find_bad_by_ransac(**kw)
        status[name]='executed'
    attr={'deviation':'bad_by_deviation','hfnoise':'bad_by_hf_noise','correlation':'bad_by_correlation','snr':'bad_by_SNR','ransac':'bad_by_ransac'}
    by={name:list(getattr(obj,attr[name])) for name in cfg}
    if 'correlation' in cfg:by['dropout']=list(obj.bad_by_dropout)
    candidates=set(obj.bad_by_nan+obj.bad_by_flat)
    for vals in by.values():candidates.update(vals)
    names=list(obj.ch_names_original);original_index=np.arange(x.n_times)
    if p['reject_by_annotation']=='omit':
        _,tt=x.get_data(picks=[0],reject_by_annotation='omit',return_times=True);original_index=np.rint(tt*x.info['sfreq']).astype(int)
    return _result(x,names,candidates=[n for n in names if n in candidates],criterion_candidates=by,constructor_reasons=native_reasons,usable_channel_names=list(obj.ch_names_new),scores=copy.deepcopy(obj._extra_info),measures=measures,work_to_raw_sample=original_index,raw_first_samp=x.first_samp,status=status,parameters={'constructor':p,'criteria':cfg},pyprep_version='0.7.1',retained_bandwidth_policy=bandwidth_policy,hf_band_attenuated=bool(x.info.get('lowpass') is not None and x.info['lowpass']<=50),rng_before=rng_before,rng_after=obj.random_state.get_state(),detection_copy={'detrend':p['do_detrend'],'lowpass':'PyPREP 100th-order FIR pass 0–45 Hz transition 45–50 Hz, filtfilt' if obj.EEGFiltered is not None and obj.sample_rate>100 else None,'annotation_omission_concatenates':p['reject_by_annotation']=='omit'})

def eeg_bad_channel_ensemble(op,x,model=None,**p):
    if op != 'prep_detect':raise ValueError(""invalid operation"")
    p=_params(p,{'retained_bandwidth_policy':'require','do_detrend': True, 'matlab_strict': True, 'random_state': 0, 'reject_by_annotation': None, 'criteria': {'deviation': {'deviation_threshold': 5.0}, 'hfnoise': {'HF_zscore_threshold': 5.0}, 'correlation': {'correlation_secs': 1.0, 'correlation_threshold': 0.4, 'frac_bad': 0.01}, 'snr': {}, 'ransac': {'n_samples': 50, 'sample_prop': 0.25, 'corr_thresh': 0.75, 'frac_bad': 0.4, 'corr_window_secs': 5.0, 'channel_wise': False, 'max_chunk_size': None}}})
    methods=p.pop('criteria')
    return _prep(x,model,p,methods)


# Extensions for the frozen MNE 1.10.2 / PyPREP 0.7.1 contracts.
import copy as _core_copylib
import hashlib as _core_hashlib
import importlib.metadata as _core_metadata
import warnings as _core_warnings
import json as _core_json
import numpy as np
import mne

def _core_kwargs(p, defaults, required=()):
    missing=set(required)-set(p);unknown=set(p)-set(defaults)
    if missing or unknown:raise ValueError('missing parameters='+str(sorted(missing))+'; unknown='+str(sorted(unknown)))
    return dict(defaults,**p)

def _core_bool(value,name):
    if not isinstance(value,(bool,np.bool_)):raise TypeError(name+' must be boolean')
    return bool(value)

def _core_int(value,name,low=0,high=None):
    if isinstance(value,(bool,np.bool_)) or not isinstance(value,(int,np.integer)) or value<low or (high is not None and value>high):raise ValueError(name+' invalid integer')
    return int(value)

def _core_real(value,name,low=None,high=None,strict=False):
    if isinstance(value,(bool,np.bool_)) or not isinstance(value,(int,float,np.integer,np.floating)) or not np.isfinite(value):raise ValueError(name+' must be finite real')
    if low is not None and (value<=low if strict else value<low):raise ValueError(name+' below range')
    if high is not None and value>high:raise ValueError(name+' above range')
    return float(value)

def _core_raw(x,allow_nan=False,epochs=False):
    if not isinstance(x,(mne.io.BaseRaw,mne.BaseEpochs) if epochs else mne.io.BaseRaw):raise TypeError('expected '+('Raw/Epochs' if epochs else 'Raw'))
    if isinstance(x,mne.BaseEpochs) and not x.preload:raise ValueError('Epochs must be preloaded')
    y=x.copy().load_data();a=y.get_data()
    if not a.size or np.iscomplexobj(a) or np.isinf(a).any() or (not allow_nan and np.isnan(a).any()):raise ValueError('empty, complex or unsupported nonfinite signal')
    return y

def _core_names(y,names,allow_empty=False):
    if not isinstance(names,(list,tuple)) or (not names and not allow_empty) or any(not isinstance(n,str) for n in names) or len(set(names))!=len(names):raise ValueError('channel names must be unique')
    good={n for n,t in zip(y.ch_names,y.get_channel_types()) if t=='eeg'}
    if not set(names)<=good:raise ValueError('existing EEG names required')
    return [y.ch_names.index(n) for n in names]

def _core_array_hash(a):
    a=np.ascontiguousarray(a)
    return _core_hashlib.sha256(str((a.dtype.str,a.shape)).encode()+a.tobytes()).hexdigest()

def _core_frame(y):
    return {'sfreq':float(y.info['sfreq']),'n_times':len(y.times),
            'first_samp':int(y.first_samp) if isinstance(y,mne.io.BaseRaw) else None,
            'epoch_selection':None if isinstance(y,mne.io.BaseRaw) else y.selection.tolist(),
            'epoch_events':None if isinstance(y,mne.io.BaseRaw) else y.events.tolist(),
            'tmin':float(y.times[0]),'meas_date':str(y.info.get('meas_date'))}

def _core_raw_hash(y):
    return _core_value_hash({'frame':_core_frame(y),'names':y.ch_names,'types':y.get_channel_types(),
        'bads':y.info['bads'],'data':y.get_data(),'locs':[c['loc'] for c in y.info['chs']],
        'dig':y.info['dig'],'projs':[dict(v) for v in y.info['projs']],
        'custom_ref_applied':int(y.info['custom_ref_applied']),
        'highpass':y.info['highpass'],'lowpass':y.info['lowpass'],
        'annotations':None if y.annotations is None else {'onset':y.annotations.onset,'duration':y.annotations.duration,
            'description':y.annotations.description,'ch_names':y.annotations.ch_names,
            'orig_time':str(y.annotations.orig_time)}})

def _core_value_hash(v):
    def plain(a):
        if isinstance(a,np.ndarray):
            if a.dtype.kind=='O':return {'shape':list(a.shape),'values':plain(a.tolist())}
            return {'dtype':a.dtype.str,'shape':list(a.shape),'hash':_core_array_hash(a)}
        if isinstance(a,np.generic):return plain(a.item())
        if isinstance(a,dict):return {str(k):plain(v) for k,v in a.items()}
        if isinstance(a,(list,tuple)):return [plain(v) for v in a]
        if isinstance(a,(str,int,float,bool)) or a is None:return a
        raise TypeError('unsupported state value: '+str(type(a)))
    return _core_hashlib.sha256(_core_json.dumps(plain(v),sort_keys=True,separators=(',',':'),allow_nan=True).encode()).hexdigest()

def _core_out(data,model=None,**artifacts):
    return {'data':data,'model':model,'artifacts':artifacts}

def _core_rng_dump(rng):
    name,keys,pos,has,cached=rng.get_state()
    return {'bit_generator':name,'keys':keys.copy(),'pos':int(pos),'has_gauss':int(has),'cached_gaussian':float(cached)}

def _core_rng(value):
    if value is None:
        rng=np.random.RandomState();rng.set_state(np.random.get_state());return rng
    if isinstance(value,(int,np.integer)) and not isinstance(value,(bool,np.bool_)):
        return np.random.RandomState(_core_int(value,'random_state',0,2**32-1))
    if not isinstance(value,dict) or set(value)!={'bit_generator','keys','pos','has_gauss','cached_gaussian'} or value['bit_generator']!='MT19937':raise ValueError('random_state must be None, uint32 seed, or MT19937 state')
    keys=np.asarray(value['keys'])
    if keys.shape!=(624,) or keys.dtype.kind not in 'iu' or np.any(keys<0) or np.any(keys>2**32-1):raise ValueError('invalid MT19937 keys')
    pos=_core_int(value['pos'],'pos',0,624);has=_core_int(value['has_gauss'],'has_gauss',0,1);cached=_core_real(value['cached_gaussian'],'cached_gaussian')
    rng=np.random.RandomState();rng.set_state(('MT19937',keys.astype(np.uint32),pos,has,cached));return rng

def _core_versions():
    if _core_metadata.version('pyprep')!='0.7.1' or mne.__version__!='1.10.2':raise RuntimeError('profile requires PyPREP 0.7.1 and MNE 1.10.2')

def _core_nonfinite_policy(value):
    if value not in ('reject','propagate'):raise ValueError('nonfinite must be reject or propagate')
    return value=='propagate'

_core_previous_prep=eeg_bad_channel_ensemble

def eeg_bad_channel_ensemble(op,x,model=None,**p):
    if op!='prep_detect_native':return _core_previous_prep(op,x,model=model,**p)
    if model is not None:raise ValueError('detector model is supplied as random_state parameter')
    _core_versions()
    p=_core_kwargs(p,{'do_detrend':True,'random_state':None,'reject_by_annotation':None,
        'ransac':True,'channel_wise':False,'max_chunk_size':None,'correlation':True,
        'criteria':{}})
    for k in ('do_detrend','ransac','channel_wise','correlation'):p[k]=_core_bool(p[k],k)
    if p['reject_by_annotation'] not in (None,'omit'):raise ValueError('invalid reject_by_annotation')
    if p['max_chunk_size'] is not None:
        _core_int(p['max_chunk_size'],'max_chunk_size',1)
        if not p['channel_wise'] or not p['ransac']:raise ValueError('max_chunk_size needs channel-wise RANSAC')
    cfg={'deviation':{'deviation_threshold':5.},'hfnoise':{'HF_zscore_threshold':5.},
        'correlation':{'correlation_secs':1.,'correlation_threshold':.4,'frac_bad':.01},
        'psd':{'zscore_threshold':3.,'fmin':1.,'fmax':45.},
        'ransac':{'n_samples':50,'sample_prop':.25,'corr_thresh':.75,'frac_bad':.4,'corr_window_secs':5.}}
    if not isinstance(p['criteria'],dict) or set(p['criteria'])-set(cfg):raise ValueError('unknown criterion')
    for name,overrides in p['criteria'].items():
        if (name=='ransac' and not p['ransac']) or (name=='correlation' and not p['correlation']):raise ValueError('parameters for disabled criterion')
        cfg[name]=_core_kwargs(overrides,cfg[name])
    for name,vals in cfg.items():
        for key,val in vals.items():
            if key=='n_samples':_core_int(val,key,1)
            elif key in ('sample_prop','corr_thresh','frac_bad','correlation_threshold'):
                _core_real(val,key,0,1)
                if key=='sample_prop' and not 0<val<1:raise ValueError('sample_prop outside (0,1)')
            else:_core_real(val,key,0,strict=key!='fmin')
    if cfg['psd']['fmin']>=cfg['psd']['fmax']:raise ValueError('PSD fmin must be below fmax')
    y=_core_raw(x,allow_nan=True);rng=_core_rng(p['random_state']);before=_core_rng_dump(rng)
    from pyprep import NoisyChannels
    with _core_warnings.catch_warnings(record=True) as caught:
        _core_warnings.simplefilter('always')
        obj=NoisyChannels(y.copy(),do_detrend=p['do_detrend'],random_state=rng,
            matlab_strict=False,ransac=p['ransac'],correlation=p['correlation'],reject_by_annotation=p['reject_by_annotation'])
        obj.find_bad_by_deviation(**cfg['deviation'])
        obj.find_bad_by_hfnoise(**cfg['hfnoise'])
        if p['correlation']:obj.find_bad_by_correlation(**cfg['correlation'])
        obj.find_bad_by_SNR()
        obj.find_bad_by_PSD(**cfg['psd'])
        if p['ransac']:obj.find_bad_by_ransac(**cfg['ransac'],channel_wise=p['channel_wise'],max_chunk_size=p['max_chunk_size'])
    by=obj.get_bads(as_dict=True)
    return _core_out(y,candidates=by['bad_all'],criterion_candidates=by,
        usable_channel_names=list(obj.ch_names_new),scores=_core_copylib.deepcopy(obj._extra_info),
        rng_before=before,rng_after=_core_rng_dump(rng),parameters={**p,'criteria':cfg},
        source_profile='pyprep_071',warnings=[str(w.message) for w in caught])
",联合坏道估计：在共享初始化、去趋势、NaN/平道状态和随机流上依序计算多个判据，输出候选并集及各判据状态。,逐判据候选、原生测量、有效通道、推进前后随机状态和警告。,各启用判据具备所需长度/频带/坐标；相继检测传入上次 rng_after。,通过固定版本数值对照、输入保持和无效参数检查；验收收据见 core/results。,
EEG-BAD-CHANNEL-DEVIATION,Raw EEG（V）；已知坏道固定；检测不变更参考。,原数据、通道、bads 和事件保持；返回独立副本。,"deviation_detect：{""do_detrend"": true, ""matlab_strict"": true, ""random_state"": 0, ""reject_by_annotation"": null, ""deviation_threshold"": 5.0}；拒绝未知参数。","""""""EEG detection basic unit; inputs are read-only, values use SI volts.""""""
import numpy as np
import mne
from scipy import signal, stats

def _params(p, defaults):
    unknown=set(p)-set(defaults)
    if unknown: raise TypeError('unknown parameters: '+str(sorted(unknown)))
    return dict(defaults, **p)

def _start(op, expected, x, model, allow_epochs=False, picks=None):
    if op != expected: raise ValueError('operation must be '+expected)
    if model is not None: raise ValueError('detection does not accept a fitted model')
    valid=(mne.io.BaseRaw,mne.BaseEpochs) if allow_epochs else (mne.io.BaseRaw,)
    if not isinstance(x,valid): raise TypeError('expected Raw or supported Epochs')
    if picks is None: picks=mne.pick_types(x.info, eeg=True, exclude='bads').tolist()
    else:
        if not isinstance(picks,(list,tuple)) or not picks or len(set(picks))!=len(picks): raise ValueError('picks must be unique channel names')
        if any(c not in x.ch_names for c in picks): raise ValueError('unknown channel')
        picks=[x.ch_names.index(c) for c in picks]
    if not picks: raise ValueError('no selected channels')
    a=x.get_data(picks=picks)
    if not np.isfinite(a).all(): raise ValueError('selected data must be finite')
    return a,[x.ch_names[k] for k in picks],float(x.info['sfreq'])

def _positive(v, name, zero=False):
    if isinstance(v,(bool,np.bool_)) or not np.isscalar(v) or not np.isfinite(v) or (v<0 if zero else v<=0): raise ValueError(name+' must be finite '+('nonnegative' if zero else 'positive'))
    return float(v)

def _fraction(v,name):
    v=_positive(v,name,True)
    if v>1: raise ValueError(name+' must be in [0,1]')
    return v

def _samples(seconds, sf, name):
    n=_positive(seconds,name)*sf
    if n<1 or not np.isclose(n,round(n),rtol=0,atol=1e-8): raise ValueError(name+' must contain an integer number of samples')
    return int(round(n))

def _segments(x, intervals=None):
    n=x.n_times
    if intervals is not None:
        v=np.asarray(intervals)
        if v.ndim!=2 or v.shape[1]!=2 or not len(v) or v.dtype.kind not in 'iu': raise ValueError('valid_intervals must be nonempty integer [start, stop) sample pairs')
        if np.any(v[:,0]<0) or np.any(v[:,1]>n) or np.any(v[:,1]<=v[:,0]) or np.any(v[1:,0]<v[:-1,1]): raise ValueError('invalid/overlapping intervals')
        return v
    from mne.annotations import _annotations_starts_stops
    starts,ends=_annotations_starts_stops(x,('bad','edge'),invert=True)
    return np.array([(s,e) for s,e in zip(starts,ends) if e>s],dtype=int).reshape(-1,2)

def _windows(x,a,p):
    sf=float(x.info['sfreq']);win=_samples(p['window_s'],sf,'window_s');step=_samples(p['stride_s'],sf,'stride_s')
    if p['tail']!='drop': raise ValueError('tail must be drop')
    iv=_segments(x,p['valid_intervals']);bounds=np.array([(s,e) for lo,hi in iv for s in range(lo,hi-win+1,step) for e in [s+win]],dtype=int).reshape(-1,2)
    if len(bounds)<p['min_windows'] or not isinstance(p['min_windows'],int) or isinstance(p['min_windows'],bool) or p['min_windows']<1: raise ValueError('insufficient valid windows or invalid min_windows')
    return np.stack([a[:,s:e] for s,e in bounds],axis=1),bounds

def _result(x,names,**artifacts):
    return {'data':x.copy(),'model':None,'artifacts':{'channel_names':names,**artifacts}}

def _candidates(names,mask): return [n for n,b in zip(names,np.asarray(mask,dtype=bool)) if b]

def _epoch_axes(x,names):
    return {'channel_names':names,'epoch_selection':np.asarray(x.selection).copy(),'events':x.events.copy(),'times_s':x.times.copy()}


import copy
import importlib.metadata
from pyprep import NoisyChannels
from pyprep.utils import _mat_iqr, _mad

def _prep(x, model, p, methods):
    if model is not None:raise ValueError('no model accepted')
    if not isinstance(x,mne.io.BaseRaw):raise TypeError('PyPREP detection requires Raw')
    if importlib.metadata.version('pyprep')!='0.7.1':raise RuntimeError('requires pyprep==0.7.1')
    for key in ('do_detrend','matlab_strict'):
        if not isinstance(p[key],bool):raise TypeError(key+' must be boolean')
    if not isinstance(p['random_state'],int) or isinstance(p['random_state'],bool) or not 0<=p['random_state']<2**32:raise ValueError('random_state must be a uint32 seed')
    if p['reject_by_annotation'] not in (None,'omit'):raise ValueError('reject_by_annotation must be None or omit')
    if p['matlab_strict'] and p['reject_by_annotation'] is not None:raise ValueError('matlab_strict cannot honor annotation omission; choose one explicitly')
    allowed={'deviation':{'deviation_threshold':5.},'hfnoise':{'HF_zscore_threshold':5.},'correlation':{'correlation_secs':1.,'correlation_threshold':.4,'frac_bad':.01},'snr':{},'ransac':{'n_samples':50,'sample_prop':.25,'corr_thresh':.75,'frac_bad':.4,'corr_window_secs':5.,'channel_wise':False,'max_chunk_size':None}}
    if not isinstance(methods,dict) or not methods or set(methods)-set(allowed):raise ValueError('invalid criteria')
    cfg={}
    for name,kw in methods.items():
        if not isinstance(kw,dict):raise TypeError('criterion parameters must be dict')
        cfg[name]=_params(kw,allowed[name])
    if 'snr' in cfg and not {'hfnoise','correlation'}<=set(cfg):raise ValueError('SNR requires explicit hfnoise and correlation')
    if 'ransac' in cfg and not {'deviation','correlation'}<=set(cfg):raise ValueError('RANSAC requires explicit deviation and correlation')
    obj=NoisyChannels(x.copy().load_data(),**p,ransac='ransac' in cfg,correlation='correlation' in cfg)
    if obj.n_chans_new<2:raise ValueError('fewer than two usable EEG channels after constructor NaN/flat checks')
    if np.isinf(obj.EEGData).any():raise ValueError('infinite data is invalid')
    native_reasons={'nan':list(obj.bad_by_nan),'flat':list(obj.bad_by_flat),'manual':list(obj.bad_by_manual)};status={};rng_before=obj.random_state.get_state();measures={}
    for name in allowed:
        if name not in cfg:continue
        kw=cfg[name]
        if name=='deviation':
            _positive(kw['deviation_threshold'],'deviation_threshold');amp=_mat_iqr(obj.EEGData,axis=1)*.7413;scale=_mat_iqr(amp)*.7413
            if not np.isfinite(scale) or scale<=0:raise ValueError('deviation undefined: zero population amplitude scale')
            measures['channel_amplitude_V']=amp
            obj.find_bad_by_deviation(**kw)
        elif name=='hfnoise':
            _positive(kw['HF_zscore_threshold'],'HF_zscore_threshold')
            if obj.sample_rate<=100:raise ValueError('HF ratio not applicable at sfreq <= 100 Hz')
            if x.info.get('lowpass') is not None and x.info['lowpass']<=50:raise ValueError('HF ratio not applicable after lowpass <= 50 Hz')
            if obj.EEGFiltered is None:obj.EEGFiltered=obj._get_filtered_data()
            num=_mad(obj.EEGData-obj.EEGFiltered,axis=1);den=_mad(obj.EEGFiltered,axis=1)
            if np.any(den<=0):raise ValueError('HF ratio undefined: zero denominator')
            ratio=num/den;scale=np.median(abs(ratio-np.median(ratio)))*1.4826
            if not np.isfinite(scale) or scale<=0:raise ValueError('HF ratio undefined: zero population scale')
            measures.update(hf_numerator_V=num,hf_denominator_V=den,hf_noisiness=ratio)
            obj.find_bad_by_hfnoise(**kw)
        elif name=='correlation':
            win=_samples(kw['correlation_secs'],obj.sample_rate,'correlation_secs');_fraction(kw['correlation_threshold'],'correlation_threshold');_fraction(kw['frac_bad'],'frac_bad')
            count=len(np.arange(1,obj.n_samples-win,win))
            if count<1:raise ValueError('insufficient PyPREP correlation windows')
            if obj.EEGFiltered is None:obj.EEGFiltered=obj._get_filtered_data()
            for w in range(count):
                if np.sum(_mad(obj.EEGFiltered[:,w*win:(w+1)*win],axis=1)>0)<2:raise ValueError('correlation window has fewer than two nonflat channels')
            measures['correlation_windows_work_samples']=np.array([[w*win,(w+1)*win] for w in range(count)])
            obj.find_bad_by_correlation(**kw)
        elif name=='snr':obj.bad_by_SNR=sorted(set(obj.bad_by_hf_noise)&set(obj.bad_by_correlation))
        elif name=='ransac':
            for key in ('corr_thresh','frac_bad','sample_prop'):_fraction(kw[key],key)
            if not 0<kw['sample_prop']<1:raise ValueError('sample_prop must be in (0,1)')
            _positive(kw['corr_window_secs'],'corr_window_secs')
            if not isinstance(kw['n_samples'],int) or isinstance(kw['n_samples'],bool) or kw['n_samples']<1:raise ValueError('n_samples must be positive integer')
            if not isinstance(kw['channel_wise'],bool):raise ValueError('channel_wise must be boolean')
            chunk=kw['max_chunk_size']
            if chunk is not None and (not isinstance(chunk,int) or isinstance(chunk,bool) or chunk<1 or not kw['channel_wise']):raise ValueError('max_chunk_size needs channel_wise and positive integer')
            xyz=obj.raw_mne._get_channel_positions(obj.raw_mne.ch_names)[obj.usable_idx]
            if not np.isfinite(xyz).all() or np.any(np.linalg.norm(xyz,axis=1)==0):raise ValueError('RANSAC requires valid electrode positions')
            obj.find_bad_by_ransac(**kw)
        status[name]='executed'
    attr={'deviation':'bad_by_deviation','hfnoise':'bad_by_hf_noise','correlation':'bad_by_correlation','snr':'bad_by_SNR','ransac':'bad_by_ransac'}
    by={name:list(getattr(obj,attr[name])) for name in cfg}
    if 'correlation' in cfg:by['dropout']=list(obj.bad_by_dropout)
    candidates=set(obj.bad_by_nan+obj.bad_by_flat)
    for vals in by.values():candidates.update(vals)
    names=list(obj.ch_names_original);original_index=np.arange(x.n_times)
    if p['reject_by_annotation']=='omit':
        _,tt=x.get_data(picks=[0],reject_by_annotation='omit',return_times=True);original_index=np.rint(tt*x.info['sfreq']).astype(int)
    return _result(x,names,candidates=[n for n in names if n in candidates],criterion_candidates=by,constructor_reasons=native_reasons,usable_channel_names=list(obj.ch_names_new),scores=copy.deepcopy(obj._extra_info),measures=measures,work_to_raw_sample=original_index,raw_first_samp=x.first_samp,status=status,parameters={'constructor':p,'criteria':cfg},pyprep_version='0.7.1',rng_before=rng_before,rng_after=obj.random_state.get_state(),detection_copy={'detrend':p['do_detrend'],'lowpass':'PyPREP 100th-order FIR pass 0–45 Hz transition 45–50 Hz, filtfilt' if obj.EEGFiltered is not None and obj.sample_rate>100 else None,'annotation_omission_concatenates':p['reject_by_annotation']=='omit'})

def eeg_bad_channel_deviation(op,x,model=None,**p):
    if op != 'deviation_detect':raise ValueError(""invalid operation"")
    p=_params(p,{'do_detrend': True, 'matlab_strict': True, 'random_state': 0, 'reject_by_annotation': None, 'deviation_threshold': 5.0})
    methods={'deviation':{k:p.pop(k) for k in ['deviation_threshold']}}
    return _prep(x,model,p,methods)
",PyPREP 幅度偏差检测。[PyPREP 官方 API](https://pyprep.readthedocs.io/en/stable/generated/pyprep.NoisyChannels.html)。,构造检查、逐判据分数和候选、工作样点到原样点映射、随机状态及执行配置。,实际阈值传入各检测方法；零群体尺度/无有效窗报无法判定。,与固定 PyPREP 原生对象逐值对比，覆盖自定义阈值、随机复现、BAD 注释与原对象保持。,
EEG-BAD-CHANNEL-CORRELATION,Raw EEG（V）；已知坏道固定；检测不变更参考。,原数据、通道、bads 和事件保持；返回独立副本。,"correlation_detect：{""do_detrend"": true, ""matlab_strict"": true, ""random_state"": 0, ""reject_by_annotation"": null, ""correlation_secs"": 1.0, ""correlation_threshold"": 0.4, ""frac_bad"": 0.01}；拒绝未知参数。","""""""EEG detection basic unit; inputs are read-only, values use SI volts.""""""
import numpy as np
import mne
from scipy import signal, stats

def _params(p, defaults):
    unknown=set(p)-set(defaults)
    if unknown: raise TypeError('unknown parameters: '+str(sorted(unknown)))
    return dict(defaults, **p)

def _start(op, expected, x, model, allow_epochs=False, picks=None):
    if op != expected: raise ValueError('operation must be '+expected)
    if model is not None: raise ValueError('detection does not accept a fitted model')
    valid=(mne.io.BaseRaw,mne.BaseEpochs) if allow_epochs else (mne.io.BaseRaw,)
    if not isinstance(x,valid): raise TypeError('expected Raw or supported Epochs')
    if picks is None: picks=mne.pick_types(x.info, eeg=True, exclude='bads').tolist()
    else:
        if not isinstance(picks,(list,tuple)) or not picks or len(set(picks))!=len(picks): raise ValueError('picks must be unique channel names')
        if any(c not in x.ch_names for c in picks): raise ValueError('unknown channel')
        picks=[x.ch_names.index(c) for c in picks]
    if not picks: raise ValueError('no selected channels')
    a=x.get_data(picks=picks)
    if not np.isfinite(a).all(): raise ValueError('selected data must be finite')
    return a,[x.ch_names[k] for k in picks],float(x.info['sfreq'])

def _positive(v, name, zero=False):
    if isinstance(v,(bool,np.bool_)) or not np.isscalar(v) or not np.isfinite(v) or (v<0 if zero else v<=0): raise ValueError(name+' must be finite '+('nonnegative' if zero else 'positive'))
    return float(v)

def _fraction(v,name):
    v=_positive(v,name,True)
    if v>1: raise ValueError(name+' must be in [0,1]')
    return v

def _samples(seconds, sf, name):
    n=_positive(seconds,name)*sf
    if n<1 or not np.isclose(n,round(n),rtol=0,atol=1e-8): raise ValueError(name+' must contain an integer number of samples')
    return int(round(n))

def _segments(x, intervals=None):
    n=x.n_times
    if intervals is not None:
        v=np.asarray(intervals)
        if v.ndim!=2 or v.shape[1]!=2 or not len(v) or v.dtype.kind not in 'iu': raise ValueError('valid_intervals must be nonempty integer [start, stop) sample pairs')
        if np.any(v[:,0]<0) or np.any(v[:,1]>n) or np.any(v[:,1]<=v[:,0]) or np.any(v[1:,0]<v[:-1,1]): raise ValueError('invalid/overlapping intervals')
        return v
    from mne.annotations import _annotations_starts_stops
    starts,ends=_annotations_starts_stops(x,('bad','edge'),invert=True)
    return np.array([(s,e) for s,e in zip(starts,ends) if e>s],dtype=int).reshape(-1,2)

def _windows(x,a,p):
    sf=float(x.info['sfreq']);win=_samples(p['window_s'],sf,'window_s');step=_samples(p['stride_s'],sf,'stride_s')
    if p['tail']!='drop': raise ValueError('tail must be drop')
    iv=_segments(x,p['valid_intervals']);bounds=np.array([(s,e) for lo,hi in iv for s in range(lo,hi-win+1,step) for e in [s+win]],dtype=int).reshape(-1,2)
    if len(bounds)<p['min_windows'] or not isinstance(p['min_windows'],int) or isinstance(p['min_windows'],bool) or p['min_windows']<1: raise ValueError('insufficient valid windows or invalid min_windows')
    return np.stack([a[:,s:e] for s,e in bounds],axis=1),bounds

def _result(x,names,**artifacts):
    return {'data':x.copy(),'model':None,'artifacts':{'channel_names':names,**artifacts}}

def _candidates(names,mask): return [n for n,b in zip(names,np.asarray(mask,dtype=bool)) if b]

def _epoch_axes(x,names):
    return {'channel_names':names,'epoch_selection':np.asarray(x.selection).copy(),'events':x.events.copy(),'times_s':x.times.copy()}


import copy
import importlib.metadata
from pyprep import NoisyChannels
from pyprep.utils import _mat_iqr, _mad

def _prep(x, model, p, methods):
    if model is not None:raise ValueError('no model accepted')
    if not isinstance(x,mne.io.BaseRaw):raise TypeError('PyPREP detection requires Raw')
    if importlib.metadata.version('pyprep')!='0.7.1':raise RuntimeError('requires pyprep==0.7.1')
    for key in ('do_detrend','matlab_strict'):
        if not isinstance(p[key],bool):raise TypeError(key+' must be boolean')
    if not isinstance(p['random_state'],int) or isinstance(p['random_state'],bool) or not 0<=p['random_state']<2**32:raise ValueError('random_state must be a uint32 seed')
    if p['reject_by_annotation'] not in (None,'omit'):raise ValueError('reject_by_annotation must be None or omit')
    if p['matlab_strict'] and p['reject_by_annotation'] is not None:raise ValueError('matlab_strict cannot honor annotation omission; choose one explicitly')
    allowed={'deviation':{'deviation_threshold':5.},'hfnoise':{'HF_zscore_threshold':5.},'correlation':{'correlation_secs':1.,'correlation_threshold':.4,'frac_bad':.01},'snr':{},'ransac':{'n_samples':50,'sample_prop':.25,'corr_thresh':.75,'frac_bad':.4,'corr_window_secs':5.,'channel_wise':False,'max_chunk_size':None}}
    if not isinstance(methods,dict) or not methods or set(methods)-set(allowed):raise ValueError('invalid criteria')
    cfg={}
    for name,kw in methods.items():
        if not isinstance(kw,dict):raise TypeError('criterion parameters must be dict')
        cfg[name]=_params(kw,allowed[name])
    if 'snr' in cfg and not {'hfnoise','correlation'}<=set(cfg):raise ValueError('SNR requires explicit hfnoise and correlation')
    if 'ransac' in cfg and not {'deviation','correlation'}<=set(cfg):raise ValueError('RANSAC requires explicit deviation and correlation')
    obj=NoisyChannels(x.copy().load_data(),**p,ransac='ransac' in cfg,correlation='correlation' in cfg)
    if obj.n_chans_new<2:raise ValueError('fewer than two usable EEG channels after constructor NaN/flat checks')
    if np.isinf(obj.EEGData).any():raise ValueError('infinite data is invalid')
    native_reasons={'nan':list(obj.bad_by_nan),'flat':list(obj.bad_by_flat),'manual':list(obj.bad_by_manual)};status={};rng_before=obj.random_state.get_state();measures={}
    for name in allowed:
        if name not in cfg:continue
        kw=cfg[name]
        if name=='deviation':
            _positive(kw['deviation_threshold'],'deviation_threshold');amp=_mat_iqr(obj.EEGData,axis=1)*.7413;scale=_mat_iqr(amp)*.7413
            if not np.isfinite(scale) or scale<=0:raise ValueError('deviation undefined: zero population amplitude scale')
            measures['channel_amplitude_V']=amp
            obj.find_bad_by_deviation(**kw)
        elif name=='hfnoise':
            _positive(kw['HF_zscore_threshold'],'HF_zscore_threshold')
            if obj.sample_rate<=100:raise ValueError('HF ratio not applicable at sfreq <= 100 Hz')
            if x.info.get('lowpass') is not None and x.info['lowpass']<=50:raise ValueError('HF ratio not applicable after lowpass <= 50 Hz')
            if obj.EEGFiltered is None:obj.EEGFiltered=obj._get_filtered_data()
            num=_mad(obj.EEGData-obj.EEGFiltered,axis=1);den=_mad(obj.EEGFiltered,axis=1)
            if np.any(den<=0):raise ValueError('HF ratio undefined: zero denominator')
            ratio=num/den;scale=np.median(abs(ratio-np.median(ratio)))*1.4826
            if not np.isfinite(scale) or scale<=0:raise ValueError('HF ratio undefined: zero population scale')
            measures.update(hf_numerator_V=num,hf_denominator_V=den,hf_noisiness=ratio)
            obj.find_bad_by_hfnoise(**kw)
        elif name=='correlation':
            win=_samples(kw['correlation_secs'],obj.sample_rate,'correlation_secs');_fraction(kw['correlation_threshold'],'correlation_threshold');_fraction(kw['frac_bad'],'frac_bad')
            count=len(np.arange(1,obj.n_samples-win,win))
            if count<1:raise ValueError('insufficient PyPREP correlation windows')
            if obj.EEGFiltered is None:obj.EEGFiltered=obj._get_filtered_data()
            for w in range(count):
                if np.sum(_mad(obj.EEGFiltered[:,w*win:(w+1)*win],axis=1)>0)<2:raise ValueError('correlation window has fewer than two nonflat channels')
            measures['correlation_windows_work_samples']=np.array([[w*win,(w+1)*win] for w in range(count)])
            obj.find_bad_by_correlation(**kw)
        elif name=='snr':obj.bad_by_SNR=sorted(set(obj.bad_by_hf_noise)&set(obj.bad_by_correlation))
        elif name=='ransac':
            for key in ('corr_thresh','frac_bad','sample_prop'):_fraction(kw[key],key)
            if not 0<kw['sample_prop']<1:raise ValueError('sample_prop must be in (0,1)')
            _positive(kw['corr_window_secs'],'corr_window_secs')
            if not isinstance(kw['n_samples'],int) or isinstance(kw['n_samples'],bool) or kw['n_samples']<1:raise ValueError('n_samples must be positive integer')
            if not isinstance(kw['channel_wise'],bool):raise ValueError('channel_wise must be boolean')
            chunk=kw['max_chunk_size']
            if chunk is not None and (not isinstance(chunk,int) or isinstance(chunk,bool) or chunk<1 or not kw['channel_wise']):raise ValueError('max_chunk_size needs channel_wise and positive integer')
            xyz=obj.raw_mne._get_channel_positions(obj.raw_mne.ch_names)[obj.usable_idx]
            if not np.isfinite(xyz).all() or np.any(np.linalg.norm(xyz,axis=1)==0):raise ValueError('RANSAC requires valid electrode positions')
            obj.find_bad_by_ransac(**kw)
        status[name]='executed'
    attr={'deviation':'bad_by_deviation','hfnoise':'bad_by_hf_noise','correlation':'bad_by_correlation','snr':'bad_by_SNR','ransac':'bad_by_ransac'}
    by={name:list(getattr(obj,attr[name])) for name in cfg}
    if 'correlation' in cfg:by['dropout']=list(obj.bad_by_dropout)
    candidates=set(obj.bad_by_nan+obj.bad_by_flat)
    for vals in by.values():candidates.update(vals)
    names=list(obj.ch_names_original);original_index=np.arange(x.n_times)
    if p['reject_by_annotation']=='omit':
        _,tt=x.get_data(picks=[0],reject_by_annotation='omit',return_times=True);original_index=np.rint(tt*x.info['sfreq']).astype(int)
    return _result(x,names,candidates=[n for n in names if n in candidates],criterion_candidates=by,constructor_reasons=native_reasons,usable_channel_names=list(obj.ch_names_new),scores=copy.deepcopy(obj._extra_info),measures=measures,work_to_raw_sample=original_index,raw_first_samp=x.first_samp,status=status,parameters={'constructor':p,'criteria':cfg},pyprep_version='0.7.1',rng_before=rng_before,rng_after=obj.random_state.get_state(),detection_copy={'detrend':p['do_detrend'],'lowpass':'PyPREP 100th-order FIR pass 0–45 Hz transition 45–50 Hz, filtfilt' if obj.EEGFiltered is not None and obj.sample_rate>100 else None,'annotation_omission_concatenates':p['reject_by_annotation']=='omit'})

def eeg_bad_channel_correlation(op,x,model=None,**p):
    if op != 'correlation_detect':raise ValueError(""invalid operation"")
    p=_params(p,{'do_detrend': True, 'matlab_strict': True, 'random_state': 0, 'reject_by_annotation': None, 'correlation_secs': 1.0, 'correlation_threshold': 0.4, 'frac_bad': 0.01})
    methods={'correlation':{k:p.pop(k) for k in ['correlation_secs', 'correlation_threshold', 'frac_bad']}}
    return _prep(x,model,p,methods)
",PyPREP 通道相关性检测。[PyPREP 官方 API](https://pyprep.readthedocs.io/en/stable/generated/pyprep.NoisyChannels.html)。,构造检查、逐判据分数和候选、工作样点到原样点映射、随机状态及执行配置。,实际阈值传入各检测方法；零群体尺度/无有效窗报无法判定。,与固定 PyPREP 原生对象逐值对比，覆盖自定义阈值、随机复现、BAD 注释与原对象保持。,
EEG-BAD-CHANNEL-HF-RATIO,Raw EEG（V）；已知坏道固定；检测不变更参考。,原数据、通道、bads 和事件保持；返回独立副本。,"hf_ratio_detect：{""do_detrend"": true, ""matlab_strict"": true, ""random_state"": 0, ""reject_by_annotation"": null, ""HF_zscore_threshold"": 5.0}；拒绝未知参数。","""""""EEG detection basic unit; inputs are read-only, values use SI volts.""""""
import numpy as np
import mne
from scipy import signal, stats

def _params(p, defaults):
    unknown=set(p)-set(defaults)
    if unknown: raise TypeError('unknown parameters: '+str(sorted(unknown)))
    return dict(defaults, **p)

def _start(op, expected, x, model, allow_epochs=False, picks=None):
    if op != expected: raise ValueError('operation must be '+expected)
    if model is not None: raise ValueError('detection does not accept a fitted model')
    valid=(mne.io.BaseRaw,mne.BaseEpochs) if allow_epochs else (mne.io.BaseRaw,)
    if not isinstance(x,valid): raise TypeError('expected Raw or supported Epochs')
    if picks is None: picks=mne.pick_types(x.info, eeg=True, exclude='bads').tolist()
    else:
        if not isinstance(picks,(list,tuple)) or not picks or len(set(picks))!=len(picks): raise ValueError('picks must be unique channel names')
        if any(c not in x.ch_names for c in picks): raise ValueError('unknown channel')
        picks=[x.ch_names.index(c) for c in picks]
    if not picks: raise ValueError('no selected channels')
    a=x.get_data(picks=picks)
    if not np.isfinite(a).all(): raise ValueError('selected data must be finite')
    return a,[x.ch_names[k] for k in picks],float(x.info['sfreq'])

def _positive(v, name, zero=False):
    if isinstance(v,(bool,np.bool_)) or not np.isscalar(v) or not np.isfinite(v) or (v<0 if zero else v<=0): raise ValueError(name+' must be finite '+('nonnegative' if zero else 'positive'))
    return float(v)

def _fraction(v,name):
    v=_positive(v,name,True)
    if v>1: raise ValueError(name+' must be in [0,1]')
    return v

def _samples(seconds, sf, name):
    n=_positive(seconds,name)*sf
    if n<1 or not np.isclose(n,round(n),rtol=0,atol=1e-8): raise ValueError(name+' must contain an integer number of samples')
    return int(round(n))

def _segments(x, intervals=None):
    n=x.n_times
    if intervals is not None:
        v=np.asarray(intervals)
        if v.ndim!=2 or v.shape[1]!=2 or not len(v) or v.dtype.kind not in 'iu': raise ValueError('valid_intervals must be nonempty integer [start, stop) sample pairs')
        if np.any(v[:,0]<0) or np.any(v[:,1]>n) or np.any(v[:,1]<=v[:,0]) or np.any(v[1:,0]<v[:-1,1]): raise ValueError('invalid/overlapping intervals')
        return v
    from mne.annotations import _annotations_starts_stops
    starts,ends=_annotations_starts_stops(x,('bad','edge'),invert=True)
    return np.array([(s,e) for s,e in zip(starts,ends) if e>s],dtype=int).reshape(-1,2)

def _windows(x,a,p):
    sf=float(x.info['sfreq']);win=_samples(p['window_s'],sf,'window_s');step=_samples(p['stride_s'],sf,'stride_s')
    if p['tail']!='drop': raise ValueError('tail must be drop')
    iv=_segments(x,p['valid_intervals']);bounds=np.array([(s,e) for lo,hi in iv for s in range(lo,hi-win+1,step) for e in [s+win]],dtype=int).reshape(-1,2)
    if len(bounds)<p['min_windows'] or not isinstance(p['min_windows'],int) or isinstance(p['min_windows'],bool) or p['min_windows']<1: raise ValueError('insufficient valid windows or invalid min_windows')
    return np.stack([a[:,s:e] for s,e in bounds],axis=1),bounds

def _result(x,names,**artifacts):
    return {'data':x.copy(),'model':None,'artifacts':{'channel_names':names,**artifacts}}

def _candidates(names,mask): return [n for n,b in zip(names,np.asarray(mask,dtype=bool)) if b]

def _epoch_axes(x,names):
    return {'channel_names':names,'epoch_selection':np.asarray(x.selection).copy(),'events':x.events.copy(),'times_s':x.times.copy()}


import copy
import importlib.metadata
from pyprep import NoisyChannels
from pyprep.utils import _mat_iqr, _mad

def _prep(x, model, p, methods):
    if model is not None:raise ValueError('no model accepted')
    if not isinstance(x,mne.io.BaseRaw):raise TypeError('PyPREP detection requires Raw')
    if importlib.metadata.version('pyprep')!='0.7.1':raise RuntimeError('requires pyprep==0.7.1')
    for key in ('do_detrend','matlab_strict'):
        if not isinstance(p[key],bool):raise TypeError(key+' must be boolean')
    if not isinstance(p['random_state'],int) or isinstance(p['random_state'],bool) or not 0<=p['random_state']<2**32:raise ValueError('random_state must be a uint32 seed')
    if p['reject_by_annotation'] not in (None,'omit'):raise ValueError('reject_by_annotation must be None or omit')
    if p['matlab_strict'] and p['reject_by_annotation'] is not None:raise ValueError('matlab_strict cannot honor annotation omission; choose one explicitly')
    allowed={'deviation':{'deviation_threshold':5.},'hfnoise':{'HF_zscore_threshold':5.},'correlation':{'correlation_secs':1.,'correlation_threshold':.4,'frac_bad':.01},'snr':{},'ransac':{'n_samples':50,'sample_prop':.25,'corr_thresh':.75,'frac_bad':.4,'corr_window_secs':5.,'channel_wise':False,'max_chunk_size':None}}
    if not isinstance(methods,dict) or not methods or set(methods)-set(allowed):raise ValueError('invalid criteria')
    cfg={}
    for name,kw in methods.items():
        if not isinstance(kw,dict):raise TypeError('criterion parameters must be dict')
        cfg[name]=_params(kw,allowed[name])
    if 'snr' in cfg and not {'hfnoise','correlation'}<=set(cfg):raise ValueError('SNR requires explicit hfnoise and correlation')
    if 'ransac' in cfg and not {'deviation','correlation'}<=set(cfg):raise ValueError('RANSAC requires explicit deviation and correlation')
    obj=NoisyChannels(x.copy().load_data(),**p,ransac='ransac' in cfg,correlation='correlation' in cfg)
    if obj.n_chans_new<2:raise ValueError('fewer than two usable EEG channels after constructor NaN/flat checks')
    if np.isinf(obj.EEGData).any():raise ValueError('infinite data is invalid')
    native_reasons={'nan':list(obj.bad_by_nan),'flat':list(obj.bad_by_flat),'manual':list(obj.bad_by_manual)};status={};rng_before=obj.random_state.get_state();measures={}
    for name in allowed:
        if name not in cfg:continue
        kw=cfg[name]
        if name=='deviation':
            _positive(kw['deviation_threshold'],'deviation_threshold');amp=_mat_iqr(obj.EEGData,axis=1)*.7413;scale=_mat_iqr(amp)*.7413
            if not np.isfinite(scale) or scale<=0:raise ValueError('deviation undefined: zero population amplitude scale')
            measures['channel_amplitude_V']=amp
            obj.find_bad_by_deviation(**kw)
        elif name=='hfnoise':
            _positive(kw['HF_zscore_threshold'],'HF_zscore_threshold')
            if obj.sample_rate<=100:raise ValueError('HF ratio not applicable at sfreq <= 100 Hz')
            if x.info.get('lowpass') is not None and x.info['lowpass']<=50:raise ValueError('HF ratio not applicable after lowpass <= 50 Hz')
            if obj.EEGFiltered is None:obj.EEGFiltered=obj._get_filtered_data()
            num=_mad(obj.EEGData-obj.EEGFiltered,axis=1);den=_mad(obj.EEGFiltered,axis=1)
            if np.any(den<=0):raise ValueError('HF ratio undefined: zero denominator')
            ratio=num/den;scale=np.median(abs(ratio-np.median(ratio)))*1.4826
            if not np.isfinite(scale) or scale<=0:raise ValueError('HF ratio undefined: zero population scale')
            measures.update(hf_numerator_V=num,hf_denominator_V=den,hf_noisiness=ratio)
            obj.find_bad_by_hfnoise(**kw)
        elif name=='correlation':
            win=_samples(kw['correlation_secs'],obj.sample_rate,'correlation_secs');_fraction(kw['correlation_threshold'],'correlation_threshold');_fraction(kw['frac_bad'],'frac_bad')
            count=len(np.arange(1,obj.n_samples-win,win))
            if count<1:raise ValueError('insufficient PyPREP correlation windows')
            if obj.EEGFiltered is None:obj.EEGFiltered=obj._get_filtered_data()
            for w in range(count):
                if np.sum(_mad(obj.EEGFiltered[:,w*win:(w+1)*win],axis=1)>0)<2:raise ValueError('correlation window has fewer than two nonflat channels')
            measures['correlation_windows_work_samples']=np.array([[w*win,(w+1)*win] for w in range(count)])
            obj.find_bad_by_correlation(**kw)
        elif name=='snr':obj.bad_by_SNR=sorted(set(obj.bad_by_hf_noise)&set(obj.bad_by_correlation))
        elif name=='ransac':
            for key in ('corr_thresh','frac_bad','sample_prop'):_fraction(kw[key],key)
            if not 0<kw['sample_prop']<1:raise ValueError('sample_prop must be in (0,1)')
            _positive(kw['corr_window_secs'],'corr_window_secs')
            if not isinstance(kw['n_samples'],int) or isinstance(kw['n_samples'],bool) or kw['n_samples']<1:raise ValueError('n_samples must be positive integer')
            if not isinstance(kw['channel_wise'],bool):raise ValueError('channel_wise must be boolean')
            chunk=kw['max_chunk_size']
            if chunk is not None and (not isinstance(chunk,int) or isinstance(chunk,bool) or chunk<1 or not kw['channel_wise']):raise ValueError('max_chunk_size needs channel_wise and positive integer')
            xyz=obj.raw_mne._get_channel_positions(obj.raw_mne.ch_names)[obj.usable_idx]
            if not np.isfinite(xyz).all() or np.any(np.linalg.norm(xyz,axis=1)==0):raise ValueError('RANSAC requires valid electrode positions')
            obj.find_bad_by_ransac(**kw)
        status[name]='executed'
    attr={'deviation':'bad_by_deviation','hfnoise':'bad_by_hf_noise','correlation':'bad_by_correlation','snr':'bad_by_SNR','ransac':'bad_by_ransac'}
    by={name:list(getattr(obj,attr[name])) for name in cfg}
    if 'correlation' in cfg:by['dropout']=list(obj.bad_by_dropout)
    candidates=set(obj.bad_by_nan+obj.bad_by_flat)
    for vals in by.values():candidates.update(vals)
    names=list(obj.ch_names_original);original_index=np.arange(x.n_times)
    if p['reject_by_annotation']=='omit':
        _,tt=x.get_data(picks=[0],reject_by_annotation='omit',return_times=True);original_index=np.rint(tt*x.info['sfreq']).astype(int)
    return _result(x,names,candidates=[n for n in names if n in candidates],criterion_candidates=by,constructor_reasons=native_reasons,usable_channel_names=list(obj.ch_names_new),scores=copy.deepcopy(obj._extra_info),measures=measures,work_to_raw_sample=original_index,raw_first_samp=x.first_samp,status=status,parameters={'constructor':p,'criteria':cfg},pyprep_version='0.7.1',rng_before=rng_before,rng_after=obj.random_state.get_state(),detection_copy={'detrend':p['do_detrend'],'lowpass':'PyPREP 100th-order FIR pass 0–45 Hz transition 45–50 Hz, filtfilt' if obj.EEGFiltered is not None and obj.sample_rate>100 else None,'annotation_omission_concatenates':p['reject_by_annotation']=='omit'})

def eeg_bad_channel_hf_ratio(op,x,model=None,**p):
    if op != 'hf_ratio_detect':raise ValueError(""invalid operation"")
    p=_params(p,{'do_detrend': True, 'matlab_strict': True, 'random_state': 0, 'reject_by_annotation': None, 'HF_zscore_threshold': 5.0})
    methods={'hfnoise':{k:p.pop(k) for k in ['HF_zscore_threshold']}}
    return _prep(x,model,p,methods)
",PyPREP 高频噪声比检测。[PyPREP 官方 API](https://pyprep.readthedocs.io/en/stable/generated/pyprep.NoisyChannels.html)。,构造检查、逐判据分数和候选、工作样点到原样点映射、随机状态及执行配置。,实际阈值传入各检测方法；零群体尺度/无有效窗报无法判定。,与固定 PyPREP 原生对象逐值对比，覆盖自定义阈值、随机复现、BAD 注释与原对象保持。,
EEG-BAD-CHANNEL-LINE-NOISE,Raw EEG（V）；工频/背景带明确且互不重叠，均低于 Nyquist。,原数据、通道、bads 和事件保持；返回独立副本。,"line_noise_detect：{""window_s"": 4.0, ""stride_s"": 2.0, ""tail"": ""drop"", ""valid_intervals"": null, ""min_windows"": 1, ""line_bands_Hz"": [[49.0, 51.0]], ""background_bands_Hz"": [[40.0, 48.0], [52.0, 60.0]], ""welch_segment_s"": 2.0, ""overlap_fraction"": 0.5, ""n_fft"": null, ""ratio_threshold"": 5.0, ""frac_bad"": 0.25}；拒绝未知参数。","""""""EEG detection basic unit; inputs are read-only, values use SI volts.""""""
import numpy as np
import mne
from scipy import signal, stats

def _params(p, defaults):
    unknown=set(p)-set(defaults)
    if unknown: raise TypeError('unknown parameters: '+str(sorted(unknown)))
    return dict(defaults, **p)

def _start(op, expected, x, model, allow_epochs=False, picks=None):
    if op != expected: raise ValueError('operation must be '+expected)
    if model is not None: raise ValueError('detection does not accept a fitted model')
    valid=(mne.io.BaseRaw,mne.BaseEpochs) if allow_epochs else (mne.io.BaseRaw,)
    if not isinstance(x,valid): raise TypeError('expected Raw or supported Epochs')
    if picks is None: picks=mne.pick_types(x.info, eeg=True, exclude='bads').tolist()
    else:
        if not isinstance(picks,(list,tuple)) or not picks or len(set(picks))!=len(picks): raise ValueError('picks must be unique channel names')
        if any(c not in x.ch_names for c in picks): raise ValueError('unknown channel')
        picks=[x.ch_names.index(c) for c in picks]
    if not picks: raise ValueError('no selected channels')
    a=x.get_data(picks=picks)
    if not np.isfinite(a).all(): raise ValueError('selected data must be finite')
    return a,[x.ch_names[k] for k in picks],float(x.info['sfreq'])

def _positive(v, name, zero=False):
    if isinstance(v,(bool,np.bool_)) or not np.isscalar(v) or not np.isfinite(v) or (v<0 if zero else v<=0): raise ValueError(name+' must be finite '+('nonnegative' if zero else 'positive'))
    return float(v)

def _fraction(v,name):
    v=_positive(v,name,True)
    if v>1: raise ValueError(name+' must be in [0,1]')
    return v

def _samples(seconds, sf, name):
    n=_positive(seconds,name)*sf
    if n<1 or not np.isclose(n,round(n),rtol=0,atol=1e-8): raise ValueError(name+' must contain an integer number of samples')
    return int(round(n))

def _segments(x, intervals=None):
    n=x.n_times
    if intervals is not None:
        v=np.asarray(intervals)
        if v.ndim!=2 or v.shape[1]!=2 or not len(v) or v.dtype.kind not in 'iu': raise ValueError('valid_intervals must be nonempty integer [start, stop) sample pairs')
        if np.any(v[:,0]<0) or np.any(v[:,1]>n) or np.any(v[:,1]<=v[:,0]) or np.any(v[1:,0]<v[:-1,1]): raise ValueError('invalid/overlapping intervals')
        return v
    from mne.annotations import _annotations_starts_stops
    starts,ends=_annotations_starts_stops(x,('bad','edge'),invert=True)
    return np.array([(s,e) for s,e in zip(starts,ends) if e>s],dtype=int).reshape(-1,2)

def _windows(x,a,p):
    sf=float(x.info['sfreq']);win=_samples(p['window_s'],sf,'window_s');step=_samples(p['stride_s'],sf,'stride_s')
    if p['tail']!='drop': raise ValueError('tail must be drop')
    iv=_segments(x,p['valid_intervals']);bounds=np.array([(s,e) for lo,hi in iv for s in range(lo,hi-win+1,step) for e in [s+win]],dtype=int).reshape(-1,2)
    if len(bounds)<p['min_windows'] or not isinstance(p['min_windows'],int) or isinstance(p['min_windows'],bool) or p['min_windows']<1: raise ValueError('insufficient valid windows or invalid min_windows')
    return np.stack([a[:,s:e] for s,e in bounds],axis=1),bounds

def _result(x,names,**artifacts):
    return {'data':x.copy(),'model':None,'artifacts':{'channel_names':names,**artifacts}}

def _candidates(names,mask): return [n for n,b in zip(names,np.asarray(mask,dtype=bool)) if b]

def _epoch_axes(x,names):
    return {'channel_names':names,'epoch_selection':np.asarray(x.selection).copy(),'events':x.events.copy(),'times_s':x.times.copy()}

def eeg_bad_channel_line_noise(op,x,model=None,**p):
    p=_params(p,{'window_s':4.,'stride_s':2.,'tail':'drop','valid_intervals':None,'min_windows':1,'line_bands_Hz':[[49.,51.]],'background_bands_Hz':[[40.,48.],[52.,60.]],'welch_segment_s':2.,'overlap_fraction':.5,'n_fft':None,'ratio_threshold':5.,'frac_bad':.25})
    a,names,sf=_start(op,'line_noise_detect',x,model);w,bounds=_windows(x,a,p)
    nper=_samples(p['welch_segment_s'],sf,'welch_segment_s');overlap=_fraction(p['overlap_fraction'],'overlap_fraction');nfft=nper if p['n_fft'] is None else p['n_fft']
    if overlap==1 or nper>w.shape[-1] or not isinstance(nfft,int) or isinstance(nfft,bool) or nfft<nper: raise ValueError('invalid Welch segment, overlap or n_fft')
    groups=[]
    for key in ('line_bands_Hz','background_bands_Hz'):
        bands=np.asarray(p[key],float)
        if bands.ndim!=2 or bands.shape[1]!=2 or not len(bands) or not np.isfinite(bands).all() or np.any(bands[:,0]<0) or np.any(bands[:,1]>=sf/2) or np.any(bands[:,1]<=bands[:,0]): raise ValueError('invalid '+key)
        groups.append(bands)
    allbands=sorted(np.concatenate(groups).tolist())
    if x.info.get('lowpass') is not None and x.info['lowpass']<max(v[1] for v in allbands):raise ValueError('requested bands exceed retained lowpass bandwidth')
    if any(v[1]>q[0] for v,q in zip(allbands,allbands[1:])): raise ValueError('line and background bands must not overlap')
    f,psd=signal.welch(w,fs=sf,window='hann',nperseg=nper,noverlap=int(np.floor(nper*overlap)),nfft=nfft,detrend='constant',scaling='density',axis=-1)
    means=[]
    for bands in groups:
        total=np.zeros(psd.shape[:-1]);bandwidth=0.
        for lo,hi in bands:
            inner=f[(f>lo)&(f<hi)]
            if np.sum((f>=lo)&(f<=hi))<2: raise ValueError('PSD resolution insufficient for requested band')
            ff=np.r_[lo,inner,hi];yy=np.stack([np.interp(ff,f,row) for row in psd.reshape(-1,len(f))]).reshape(psd.shape[:-1]+(len(ff),))
            total+=np.trapz(yy,ff,axis=-1);bandwidth+=hi-lo
        means.append(total/bandwidth)
    line,bg=means;valid=bg>0;ratio=np.divide(line,bg,out=np.full_like(bg,np.nan),where=valid);threshold=_positive(p['ratio_threshold'],'ratio_threshold');frac=_fraction(p['frac_bad'],'frac_bad');mask=valid&(ratio>threshold);den=valid.sum(axis=1);rate=np.divide(mask.sum(axis=1),den,out=np.full(len(names),np.nan),where=den>0)
    return _result(x,names,windows_samples=bounds,frequencies_Hz=f,line_mean_PSD_V2_Hz=line,background_mean_PSD_V2_Hz=bg,ratio=ratio,valid_window_mask=valid,bad_window_mask=mask,valid_denominator=den,bad_fraction=rate,candidates=_candidates(names,rate>frac),undefined_channels=_candidates(names,den==0),welch={'window':'periodic Hann','detrend':'constant','nperseg':nper,'noverlap':int(np.floor(nper*overlap)),'nfft':nfft})
",工频带与背景平均 PSD 比值检测。项目定义的窄带功率比。,原窗口轴、两类平均 PSD、比值、有效分母与坏道候选。,Welch Hann；按线性插值的带边界梯形积分/总带宽求平均；零背景输出未定义。,工频正弦/宽带、积分手算、背景零值、越界及重叠测试。,
EEG-ICLABEL,与ICA通道、参考和投影状态兼容的Raw/Epochs电位（V），全部ICA通道有坐标；平均参考投影须先应用。评估实际CAR残差；参考名或custom_ref_applied不能代替数据核验。,波形及 ICA model 保持，输出完整 IC×7 概率。,iclabel_assess: reference_id 必填；backend=torch（默认）|onnx，需对应运行时。固定 mne-icalabel 0.9.0 自带权重；频带和权重 hash 随结果返回。 固定CAR浮点容差=1e-12 V+1e-7×EEG最大绝对值；非CAR只记域标记，是否采用由路线合同决定。,"# Python 3.12 | MNE 1.10.2 | NumPy 1.26.4 | SciPy 1.15.3 | scikit-learn 1.6.1
import numpy as np
import mne
import warnings
from sklearn.exceptions import ConvergenceWarning
from numbers import Integral, Real

def _number(value, name, low=None, high=None, strict_low=False):
    if isinstance(value, (bool, np.bool_)) or not isinstance(value, Real) or (not np.isfinite(value)):
        raise ValueError(name + '需要有限实数标量')
    if low is not None and (value <= low if strict_low else value < low):
        raise ValueError(name + '低于允许范围')
    if high is not None and value > high:
        raise ValueError(name + '高于允许范围')

def _args(p, keys):
    expected = set(keys.split())
    if set(p) != expected:
        raise ValueError(f'参数缺失={expected - set(p)}; 未定义={set(p) - expected}')

    def finite(value):
        if isinstance(value, (bool, np.bool_)) or (isinstance(value, np.ndarray) and value.dtype.kind == 'b'):
            raise TypeError('数值参数不能使用布尔值')
        if isinstance(value, np.ndarray) and value.dtype.hasobject:
            finite(value.tolist())
        if isinstance(value, (float, complex, np.number)) and (np.iscomplexobj(value) or not np.isfinite(value)):
            raise ValueError('参数必须为有限实数')
        if isinstance(value, np.ndarray) and value.dtype.kind in 'fc' and (np.iscomplexobj(value) or not np.isfinite(value).all()):
            raise ValueError('数组参数包含复数/NaN/Inf')
        if type(value) is dict:
            for item in value.values():
                finite(item)
        if isinstance(value, (list, tuple)):
            for item in value:
                finite(item)
    for (key, value) in p.items():
        if isinstance(value, (bool, np.bool_)):
            raise TypeError(f'{key} 不接受布尔值代替数值/枚举')
        if key not in {'models', 'artifacts', 'forward', 'projs', 'montage', 'annotations'}:
            finite(value)

def _copy(x):
    if not isinstance(x, (mne.io.BaseRaw, mne.BaseEpochs)):
        raise TypeError('需要 MNE Raw/Epochs，电位单位 V')
    if isinstance(x, mne.BaseEpochs) and (not x.preload):
        raise ValueError('Epochs须已preload并记录已有drop_log，禁止普通操作隐式加载/剔除Trial')
    y = x.copy().load_data()
    values = y.get_data()
    if not values.size or np.iscomplexobj(values) or (not np.isfinite(values).all()):
        raise ValueError('空数据、复数或 NaN/Inf，先返回接入异常流程')
    return y

def _scope(s, roles=('train',)):
    if not isinstance(s, dict) or set(s) != {'role', 'ids'} or s['role'] not in roles:
        raise ValueError('scope={role,ids}；仅使用允许的训练/校准对象')
    _ids(s['ids'])

def _ids(ids):
    if not isinstance(ids, (list, tuple)) or not ids or any((not isinstance(i, str) or not i.strip() for i in ids)) or (len(set(ids)) != len(ids)):
        raise ValueError('ID 必须为非空、唯一的字符串列表')

def _integer(v, name, minimum=0):
    if isinstance(v, bool) or not isinstance(v, Integral) or v < minimum:
        raise ValueError(f'{name} 需要 >= {minimum} 的整数')

def _channels(x, names, kind='eeg'):
    _ids(names)
    valid = {n for (n, t) in zip(x.ch_names, x.get_channel_types()) if t == kind}
    if not set(names) <= valid:
        raise ValueError(f'需要已有 {kind} 通道列表')

def _signature(x):
    import hashlib
    projs = tuple(((p['desc'], int(p['kind']), bool(p['active']), tuple(p['data']['col_names']), hashlib.sha256(np.asarray(p['data']['data']).tobytes()).hexdigest()) for p in x.info['projs']))
    return (tuple(x.ch_names), tuple(x.get_channel_types()), tuple(x.info['bads']), int(x.info['custom_ref_applied']), projs)

def _model(m, kind, x=None):
    if not isinstance(m, dict) or m.get('kind') != kind:
        raise ValueError('模型种类不匹配')
    if x is not None and m['signature'] != _signature(x):
        raise ValueError('通道/顺序/bads/参考/投影与拟合数据不兼容')
    if 'estimator' not in m:
        raise ValueError('模型缺 estimator')
    return m['estimator']

def _out(data=None, model=None, **artifacts):

    def finite(v):
        if isinstance(v, (mne.io.BaseRaw, mne.BaseEpochs)):
            v = v.get_data()
        if isinstance(v, mne.time_frequency.BaseTFR):
            v = v.data
        if isinstance(v, np.ndarray) and (not v.size or not np.isfinite(v).all()):
            raise ValueError('输出为空或包含 NaN/Inf')
        if isinstance(v, (list, tuple)):
            for item in v:
                finite(item)
    finite(data)
    if isinstance(model, dict):
        finite(model.get('estimator'))
    return {'data': data, 'model': model, 'artifacts': artifacts}


def _exact(p, required='', **defaults):
    required=set(required.split())
    if required-set(p) or set(p)-required-set(defaults):
        raise ValueError(f'参数缺失={required-set(p)}; 未定义={set(p)-required-set(defaults)}')
    return dict(defaults, **p)

def _raw(x):
    y=_copy(x)
    if not isinstance(y,mne.io.BaseRaw): raise TypeError('需要连续 Raw')
    return y

def _epochs(x):
    y=_copy(x)
    if not isinstance(y,mne.BaseEpochs): raise TypeError('需要已加载 Epochs')
    return y

def _good(y, minimum=2):
    picks=mne.pick_types(y.info,eeg=True,exclude='bads')
    if len(picks)<minimum: raise ValueError(f'至少需要 {minimum} 个好 EEG 通道')
    return picks

def _ref(s):
    if not isinstance(s,str) or not s.strip(): raise ValueError('需要非空 reference_id')

def _mask(a,shape,name='mask'):
    a=np.asarray(a)
    if a.dtype.kind!='b' or a.shape!=shape: raise ValueError(f'{name} 需要形状 {shape} 的布尔数组')
    return a

def _finite_array(a,name,ndim=None):
    a=np.asarray(a)
    if a.dtype.kind not in 'fiu' or not np.isfinite(a).all() or (ndim is not None and a.ndim!=ndim):
        raise ValueError(name+'需要有限实数数组')
    return a.astype(float,copy=False)

def _same(model,kind,y,reference_id):
    est=_model(model,kind,y)
    if model.get('reference_id')!=reference_id or model.get('sfreq',float(y.info['sfreq']))!=float(y.info['sfreq']):
        raise ValueError('参考/采样率与模型不匹配')
    return est

def _fitted(kind,est,y,scope,reference_id,**extra):
    return dict(kind=kind,estimator=est,signature=_signature(y),sfreq=float(y.info['sfreq']),scope=scope,reference_id=reference_id,**extra)

def _probs(v,n):
    a=_finite_array(v,'probabilities',2)
    if a.shape!=(n,7) or np.any(a<0) or np.any(a>1) or not np.allclose(a.sum(1),1,atol=1e-5):
        raise ValueError('probabilities 需要 IC×7 概率且逐行和为 1')
    return a
import hashlib
import json
from importlib.metadata import version

def _identity_value(value):
    if isinstance(value,np.ndarray):
        if value.dtype.hasobject:raise TypeError('ICA identity cannot encode object arrays')
        if value.dtype.kind in 'fc' and not np.isfinite(value).all():raise ValueError('ICA identity parameters must be finite')
        return {'__ndarray__':{'dtype':value.dtype.str,'shape':list(value.shape),'sha256':hashlib.sha256(np.ascontiguousarray(value).tobytes()).hexdigest()}}
    if isinstance(value,np.generic):return _identity_value(value.item())
    if value is None or isinstance(value,(str,bool,int)):return value
    if isinstance(value,float):
        if not np.isfinite(value):raise ValueError('ICA identity parameters must be finite')
        return value
    if isinstance(value,(list,tuple)):return [_identity_value(v) for v in value]
    if isinstance(value,dict):
        if any(not isinstance(k,str) for k in value):raise TypeError('ICA identity dictionary keys must be strings')
        return {k:_identity_value(value[k]) for k in sorted(value)}
    raise TypeError('Unsupported ICA identity parameter type: '+type(value).__name__)

def _component_id(ic):
    metadata=dict(method=ic.method,n_components=int(ic.n_components_),fit_params=ic.fit_params,ch_names=ic.ch_names)
    h=hashlib.sha256(json.dumps(_identity_value(metadata),sort_keys=True,allow_nan=False).encode())
    for a in (ic.unmixing_matrix_,ic.mixing_matrix_,ic.pca_components_,ic.pre_whitener_,ic.pca_mean_):
        h.update(str(np.shape(a)).encode());h.update(np.asarray(a,dtype='<f8').tobytes())
    h.update('\0'.join(ic.ch_names).encode())
    return h.hexdigest()


def eeg_iclabel(op,x,model=None,**p):
    if op!='iclabel_assess': raise NotImplementedError(op)
    y=_copy(x)
    p=_exact(p,'reference_id',backend='torch')
    if p['backend'] not in ('onnx','torch'): raise ValueError('backend=onnx|torch')
    ic=_same(model,'ica',y,p['reference_id'])
    positions=np.array([y.info['chs'][y.ch_names.index(n)]['loc'][:3] for n in ic.ch_names])
    if not np.isfinite(positions).all() or np.any(np.linalg.norm(positions,axis=1)==0): raise ValueError('ICLabel 需要所有 ICA 通道的头皮坐标')
    from mne._fiff.constants import FIFF
    average_projs=[proj for proj in y.info['projs'] if proj['kind']==FIFF.FIFFV_PROJ_ITEM_EEG_AVREF]
    if any(not proj['active'] for proj in average_projs):
        raise ValueError('ICLabel 平均参考投影须先 apply；评估不会隐式应用投影')
    eeg_values=y.get_data(picks=ic.ch_names)
    car_error=float(np.max(np.abs(eeg_values.mean(axis=-2))))
    car_tolerance=1e-12+1e-7*float(np.max(np.abs(eeg_values)))
    car_check=dict(channels=list(ic.ch_names),max_abs_mean_V=car_error,tolerance_V=car_tolerance,
                   applied_average_projection=any(proj['active'] for proj in average_projs))
    from mne_icalabel.iclabel import iclabel_label_components
    from pathlib import Path
    import mne_icalabel
    probabilities=_probs(iclabel_label_components(y,ic.copy(),inplace=False,backend=p['backend']),ic.n_components_)
    resource=Path(mne_icalabel.__file__).parent/'iclabel'/'network'/'assets'
    weights={f.name:hashlib.sha256(f.read_bytes()).hexdigest() for f in resource.glob('*') if f.suffix in ('.onnx','.pt')}
    classes=('brain','muscle','eye','heart','line_noise','channel_noise','other')
    labels=probabilities.argmax(1)
    return _out(y,model,probabilities=probabilities,classes=classes,labels=[classes[k] for k in labels],
        component_id=_component_id(ic),weights=weights,backend=p['backend'],version=version('mne-icalabel'),
        input_domain=dict(car_check=car_check,highpass=y.info['highpass'],lowpass=y.info['lowpass'],sfreq=y.info['sfreq'],reference_id=p['reference_id'],ica_method=ic.method,fit_params=ic.fit_params.copy()),
        domain_flags=([] if car_error<=car_tolerance else ['reference_differs_from_common_average_on_ICA_EEG_channels']) +
        ([] if np.isclose(y.info['highpass'],1,rtol=0,atol=1e-8) and np.isclose(y.info['lowpass'],100,rtol=0,atol=1e-8) else ['frequency_band_differs_from_recommended_1_100_Hz']) +
        ([] if ic.method=='infomax' and ic.fit_params.get('extended') or ic.method=='picard' and ic.fit_params.get('extended') and not ic.fit_params.get('ortho') else ['ica_differs_from_extended_infomax']))
",ICLabel 成分分类｜调用官方七类网络，结果绑定 ICA 矩阵身份。,IC×7概率、类别、成分ID、权重hash、backend/version；input_domain.car_check记录ICA通道均值残差及容差，domain_flags报告参考、频带和ICA算法偏离。,"概率有限、范围[0,1]、逐行和为1；输入身份与坐标有效。MNE-ICLabel路线要求无域标记；RELAX按具名来源设置保留域差异。",实际官方网络概率对照；联合参考、C+1参考、平均参考投影与浮点容差检查。,
EEG-MARA,Raw/Epochs 电位（V）和兼容 ICA（noise_cov=None）；标准头皮通道名、MNE head 坐标；≥30秒信号，采样率≥100 Hz、低通≥40 Hz。,波形与 ICA model 保持；返回每 IC 的伪迹后验、六个标准化特征及候选。,mara_assess: source_root、reference_id 必填；octave=octave（可执行文件）、timeout=180 s。source_root 包含固定 MARA 24e36719362bf24c7bb09f063bbca7523fb5f404 与 EEGLAB 源码，文件和原训练资产 hash 由代码核验。固定 Octave11.3.0/signal1.4.8/statistics1.7.7/optim1.6.3；作者频谱和非线性拟合；classify 为共同无偏协方差、均匀先验的线性高斯分类。,"# Python 3.12 | MNE 1.10.2 | NumPy 1.26.4 | SciPy 1.15.3 | scikit-learn 1.6.1
import numpy as np
import mne
import warnings
from sklearn.exceptions import ConvergenceWarning
from numbers import Integral, Real

def _number(value, name, low=None, high=None, strict_low=False):
    if isinstance(value, (bool, np.bool_)) or not isinstance(value, Real) or (not np.isfinite(value)):
        raise ValueError(name + '需要有限实数标量')
    if low is not None and (value <= low if strict_low else value < low):
        raise ValueError(name + '低于允许范围')
    if high is not None and value > high:
        raise ValueError(name + '高于允许范围')

def _args(p, keys):
    expected = set(keys.split())
    if set(p) != expected:
        raise ValueError(f'参数缺失={expected - set(p)}; 未定义={set(p) - expected}')

    def finite(value):
        if isinstance(value, (bool, np.bool_)) or (isinstance(value, np.ndarray) and value.dtype.kind == 'b'):
            raise TypeError('数值参数不能使用布尔值')
        if isinstance(value, np.ndarray) and value.dtype.hasobject:
            finite(value.tolist())
        if isinstance(value, (float, complex, np.number)) and (np.iscomplexobj(value) or not np.isfinite(value)):
            raise ValueError('参数必须为有限实数')
        if isinstance(value, np.ndarray) and value.dtype.kind in 'fc' and (np.iscomplexobj(value) or not np.isfinite(value).all()):
            raise ValueError('数组参数包含复数/NaN/Inf')
        if type(value) is dict:
            for item in value.values():
                finite(item)
        if isinstance(value, (list, tuple)):
            for item in value:
                finite(item)
    for (key, value) in p.items():
        if isinstance(value, (bool, np.bool_)):
            raise TypeError(f'{key} 不接受布尔值代替数值/枚举')
        if key not in {'models', 'artifacts', 'forward', 'projs', 'montage', 'annotations'}:
            finite(value)

def _copy(x):
    if not isinstance(x, (mne.io.BaseRaw, mne.BaseEpochs)):
        raise TypeError('需要 MNE Raw/Epochs，电位单位 V')
    if isinstance(x, mne.BaseEpochs) and (not x.preload):
        raise ValueError('Epochs须已preload并记录已有drop_log，禁止普通操作隐式加载/剔除Trial')
    y = x.copy().load_data()
    values = y.get_data()
    if not values.size or np.iscomplexobj(values) or (not np.isfinite(values).all()):
        raise ValueError('空数据、复数或 NaN/Inf，先返回接入异常流程')
    return y

def _scope(s, roles=('train',)):
    if not isinstance(s, dict) or set(s) != {'role', 'ids'} or s['role'] not in roles:
        raise ValueError('scope={role,ids}；仅使用允许的训练/校准对象')
    _ids(s['ids'])

def _ids(ids):
    if not isinstance(ids, (list, tuple)) or not ids or any((not isinstance(i, str) or not i.strip() for i in ids)) or (len(set(ids)) != len(ids)):
        raise ValueError('ID 必须为非空、唯一的字符串列表')

def _integer(v, name, minimum=0):
    if isinstance(v, bool) or not isinstance(v, Integral) or v < minimum:
        raise ValueError(f'{name} 需要 >= {minimum} 的整数')

def _channels(x, names, kind='eeg'):
    _ids(names)
    valid = {n for (n, t) in zip(x.ch_names, x.get_channel_types()) if t == kind}
    if not set(names) <= valid:
        raise ValueError(f'需要已有 {kind} 通道列表')

def _signature(x):
    import hashlib
    projs = tuple(((p['desc'], int(p['kind']), bool(p['active']), tuple(p['data']['col_names']), hashlib.sha256(np.asarray(p['data']['data']).tobytes()).hexdigest()) for p in x.info['projs']))
    return (tuple(x.ch_names), tuple(x.get_channel_types()), tuple(x.info['bads']), int(x.info['custom_ref_applied']), projs)

def _model(m, kind, x=None):
    if not isinstance(m, dict) or m.get('kind') != kind:
        raise ValueError('模型种类不匹配')
    if x is not None and m['signature'] != _signature(x):
        raise ValueError('通道/顺序/bads/参考/投影与拟合数据不兼容')
    if 'estimator' not in m:
        raise ValueError('模型缺 estimator')
    return m['estimator']

def _out(data=None, model=None, **artifacts):

    def finite(v):
        if isinstance(v, (mne.io.BaseRaw, mne.BaseEpochs)):
            v = v.get_data()
        if isinstance(v, mne.time_frequency.BaseTFR):
            v = v.data
        if isinstance(v, np.ndarray) and (not v.size or not np.isfinite(v).all()):
            raise ValueError('输出为空或包含 NaN/Inf')
        if isinstance(v, (list, tuple)):
            for item in v:
                finite(item)
    finite(data)
    if isinstance(model, dict):
        finite(model.get('estimator'))
    return {'data': data, 'model': model, 'artifacts': artifacts}


def _exact(p, required='', **defaults):
    required=set(required.split())
    if required-set(p) or set(p)-required-set(defaults):
        raise ValueError(f'参数缺失={required-set(p)}; 未定义={set(p)-required-set(defaults)}')
    return dict(defaults, **p)

def _raw(x):
    y=_copy(x)
    if not isinstance(y,mne.io.BaseRaw): raise TypeError('需要连续 Raw')
    return y

def _epochs(x):
    y=_copy(x)
    if not isinstance(y,mne.BaseEpochs): raise TypeError('需要已加载 Epochs')
    return y

def _good(y, minimum=2):
    picks=mne.pick_types(y.info,eeg=True,exclude='bads')
    if len(picks)<minimum: raise ValueError(f'至少需要 {minimum} 个好 EEG 通道')
    return picks

def _ref(s):
    if not isinstance(s,str) or not s.strip(): raise ValueError('需要非空 reference_id')

def _mask(a,shape,name='mask'):
    a=np.asarray(a)
    if a.dtype.kind!='b' or a.shape!=shape: raise ValueError(f'{name} 需要形状 {shape} 的布尔数组')
    return a

def _finite_array(a,name,ndim=None):
    a=np.asarray(a)
    if a.dtype.kind not in 'fiu' or not np.isfinite(a).all() or (ndim is not None and a.ndim!=ndim):
        raise ValueError(name+'需要有限实数数组')
    return a.astype(float,copy=False)

def _same(model,kind,y,reference_id):
    est=_model(model,kind,y)
    if model.get('reference_id')!=reference_id or model.get('sfreq',float(y.info['sfreq']))!=float(y.info['sfreq']):
        raise ValueError('参考/采样率与模型不匹配')
    return est

def _fitted(kind,est,y,scope,reference_id,**extra):
    return dict(kind=kind,estimator=est,signature=_signature(y),sfreq=float(y.info['sfreq']),scope=scope,reference_id=reference_id,**extra)

def _probs(v,n):
    a=_finite_array(v,'probabilities',2)
    if a.shape!=(n,7) or np.any(a<0) or np.any(a>1) or not np.allclose(a.sum(1),1,atol=1e-5):
        raise ValueError('probabilities 需要 IC×7 概率且逐行和为 1')
    return a
from pathlib import Path
from tempfile import TemporaryDirectory
import subprocess,hashlib,json
from scipy.io import savemat,loadmat

# MATLAB classify's default: linear Gaussian discrimination, pooled unbiased
# within-class covariance and uniform priors. Only its 3-argument form is needed.
_CLASSIFY=r'''function [C,err,posterior] = classify(sample,training,group)
  global MARA_CLASSIFY_DIAGNOSTICS;MARA_CLASSIFY_DIAGNOSTICS=[];
  groups=unique(group(:));K=length(groups);[N,P]=size(training);
  if K~=2 || any(groups(:)'~=[0 1]),error('MARA classifier expects labels 0 and 1');end
  mu=zeros(K,P);centered=zeros(size(training));
  for k=1:K
    rows=find(group(:)==groups(k));mu(k,:)=mean(training(rows,:),1);
    centered(rows,:)=training(rows,:)-mu(k,:);
  end
  pooled=(centered'*centered)/(N-K);R=chol(pooled);
  score=zeros(size(sample,1),K);
  for k=1:K
    Z=(sample-mu(k,:))/R;score(:,k)=-.5*sum(Z.^2,2)-log(K);
  end
  score=score-max(score,[],2);posterior=exp(score);posterior=posterior./sum(posterior,2);
  [~,idx]=max(posterior,[],2);C=groups(idx);
  training_score=zeros(N,K);
  for k=1:K,Z=(training-mu(k,:))/R;training_score(:,k)=-.5*sum(Z.^2,2);end
  [~,pred]=max(training_score,[],2);err=0;
  for k=1:K,rows=find(group(:)==groups(k));err=err+mean(groups(pred(rows))~=groups(k))/K;end
  MARA_CLASSIFY_DIAGNOSTICS=struct('means',mu,'covariance',pooled,'sample',sample,'priors',ones(1,K)/K);
end
'''
_EEGLAB_ERROR=""function eeglab_error(varargin)\n e=lasterror();error('MARA: %s',e.message);\nend\n""

def _identity_value(value):
    if isinstance(value,np.ndarray):
        if value.dtype.hasobject:raise TypeError('ICA identity cannot encode object arrays')
        if value.dtype.kind in 'fc' and not np.isfinite(value).all():raise ValueError('ICA identity parameters must be finite')
        return {'__ndarray__':{'dtype':value.dtype.str,'shape':list(value.shape),'sha256':hashlib.sha256(np.ascontiguousarray(value).tobytes()).hexdigest()}}
    if isinstance(value,np.generic):return _identity_value(value.item())
    if value is None or isinstance(value,(str,bool,int)):return value
    if isinstance(value,float):
        if not np.isfinite(value):raise ValueError('ICA identity parameters must be finite')
        return value
    if isinstance(value,(list,tuple)):return [_identity_value(v) for v in value]
    if isinstance(value,dict):
        if any(not isinstance(k,str) for k in value):raise TypeError('ICA identity dictionary keys must be strings')
        return {k:_identity_value(value[k]) for k in sorted(value)}
    raise TypeError('Unsupported ICA identity parameter type: '+type(value).__name__)

def _component_id(ic):
    metadata=dict(method=ic.method,n_components=int(ic.n_components_),fit_params=ic.fit_params,ch_names=ic.ch_names)
    h=hashlib.sha256(json.dumps(_identity_value(metadata),sort_keys=True,allow_nan=False).encode())
    for a in (ic.unmixing_matrix_,ic.mixing_matrix_,ic.pca_components_,ic.pre_whitener_,ic.pca_mean_):
        h.update(str(np.shape(a)).encode());h.update(np.asarray(a,dtype='<f8').tobytes())
    h.update('\0'.join(ic.ch_names).encode())
    return h.hexdigest()

def _legacy_id(ic):return _component_id(ic)

def _native_eeg(y,ic,scale=1000.):
    if ic.noise_cov is not None:raise ValueError('原生适配器要求 ICA noise_cov=None')
    picks=[y.ch_names.index(n) for n in ic.ch_names]
    if any(y.info['chs'][k]['coord_frame']!=mne.io.constants.FIFF.FIFFV_COORD_HEAD for k in picks):raise ValueError('坐标需要 MNE head 坐标系')
    xyz=np.array([y.info['chs'][k]['loc'][:3] for k in picks])
    if not np.isfinite(xyz).all() or np.any(np.linalg.norm(xyz,axis=1)==0):raise ValueError('需要全部 ICA 通道的头皮坐标')
    xyz=xyz[:,[1,0,2]]*np.array([1,-1,1])*scale # MNE RAS head -> EEGLAB nose-left-up.
    W=(ic.unmixing_matrix_@ic.pca_components_[:ic.n_components_])/ic.pre_whitener_.T/1e6
    A=np.linalg.pinv(W)
    values=y.get_data(picks=ic.ch_names)*1e6
    if isinstance(y,mne.BaseEpochs):values=values.transpose(1,2,0)
    trials=values.shape[2] if values.ndim==3 else 1;pnts=values.shape[1]
    activations=(W@values.reshape(len(picks),-1,order='F')).reshape(ic.n_components_,pnts,trials,order='F')
    locs=np.empty((1,len(picks)),dtype=[(n,'O') for n in ('labels','X','Y','Z','theta','radius','sph_theta','sph_phi','sph_radius','type','urchan')])
    for k,(name,pos) in enumerate(zip(ic.ch_names,xyz)):
        radius=np.linalg.norm(pos);theta=np.degrees(np.arctan2(pos[1],pos[0]));phi=np.degrees(np.arctan2(pos[2],np.linalg.norm(pos[:2])))
        vals=dict(labels=name,X=pos[0],Y=pos[1],Z=pos[2],theta=-theta,radius=.5-phi/180,sph_theta=theta,sph_phi=phi,sph_radius=radius,type='EEG',urchan=k+1)
        for key,value in vals.items():locs[key][0,k]=value
    return dict(data=values,srate=float(y.info['sfreq']),nbchan=len(picks),pnts=pnts,trials=trials,
        xmin=float(y.times[0]),xmax=float(y.times[-1]),times=np.asarray(y.times)*1000,
        chanlocs=locs,icaweights=W,icasphere=np.eye(len(picks)),icawinv=A,icaact=activations,
        icachansind=np.arange(1,len(picks)+1),ref='average',setname='native_ica_assess',filename=''),xyz

def _quote(path):return ""'""+str(path).replace(""'"",""''"")+""'""

def _run_native(algorithm,eeg,root,octave,timeout,pins):
    root=Path(root).expanduser().resolve()
    if not root.is_dir():raise ValueError('source_root 目录不存在')
    for path,expected in pins.items():
        f=root/path
        if not f.is_file() or hashlib.sha256(f.read_bytes()).hexdigest()!=expected:raise ValueError('作者版本或资产 hash 不匹配: '+path)
    with TemporaryDirectory(prefix='eeg-legacy-ica-') as tmp:
        tmp=Path(tmp);savemat(tmp/'input.mat',dict(payload=eeg),do_compression=True)
        common=""pkg load signal;pkg load statistics;pkg load optim;""
        common+=""if ~strcmp(OCTAVE_VERSION,'11.3.0'),error('Require Octave 11.3.0');end;pkginfo=pkg('list');expected={'signal','1.4.8';'statistics','1.7.7';'optim','1.6.3'};for q=1:rows(expected),ok=false;for z=1:numel(pkginfo),if strcmp(pkginfo{z}.name,expected{q,1}) && strcmp(pkginfo{z}.version,expected{q,2}),ok=true;end;end;if ~ok,error('Octave package version mismatch: %s',expected{q,1});end;end;""
        common+=f""addpath({_quote(root/'eeglab/functions/popfunc')});addpath({_quote(root/'eeglab/functions/sigprocfunc')});addpath({_quote(root/'eeglab/functions/adminfunc')});""
        common+=f""load({_quote(tmp/'input.mat')});EEG=eeg_emptyset();names=fieldnames(payload);for k=1:length(names),EEG.(names{{k}})=payload.(names{{k}});end;""
        if algorithm=='mara':
            (tmp/'classify.m').write_text(_CLASSIFY);(tmp/'eeglab_error.m').write_text(_EEGLAB_ERROR)
            common+=f""addpath({_quote(root/'MARA')});addpath({_quote(tmp)});pwelch('R12+');""
            command=""[art,info]=MARA(EEG);if ~exist('info','var')||~isfield(info,'normfeats'),error('MARA did not return features');end;""
            command+=""global MARA_CLASSIFY_DIAGNOSTICS;result=struct('indices',art,'posterior',info.posterior_artefactprob,'features',info.normfeats,'classifier',MARA_CLASSIFY_DIAGNOSTICS);""
        else:
            common+=f""addpath({_quote(root/'SASICA/private')});""
            outputs=['art','horiz','vert','blink','disc','soglia_DV','diff_var','soglia_K','med2_K','meanK','soglia_SED','med2_SED','SED','soglia_SAD','med2_SAD','SAD','soglia_GDSF','med2_GDSF','GDSF','soglia_V','med2_V','nuovaV','soglia_D','maxdin']
            command=""if isfield(EEG,'dipfit') && isempty(EEG.dipfit),EEG=rmfield(EEG,'dipfit');end;""+'['+','.join(outputs)+']=ADJUST(EEG);result=struct();'
            command+=''.join(f'result.{name}={name};' for name in outputs)
        code=""warning('off','Octave:shadowed-function');try;""+common+command+f""save('-mat7-binary',{_quote(tmp/'output.mat')},'result');catch err;fprintf(2,'%s\\n',err.message);for k=1:length(err.stack),fprintf(2,'%s:%d\\n',err.stack(k).file,err.stack(k).line);end;exit(1);end;""
        (tmp/'driver.m').write_text(code)
        run=subprocess.run([octave,'--no-gui','--quiet',str(tmp/'driver.m')],capture_output=True,text=True,timeout=timeout)
        if run.returncode or not (tmp/'output.mat').exists():raise RuntimeError(algorithm+' 原生执行失败: '+(run.stdout+run.stderr)[-6000:])
        result=loadmat(tmp/'output.mat',simplify_cells=True)['result']
    return result,dict(source_hashes=pins,source_root=str(root),runtime='Octave 11.3.0 / signal 1.4.8 / statistics 1.7.7 / optim 1.6.3',stdout=run.stdout[-4000:],stderr=run.stderr[-4000:])

_PINS={'eeglab/functions/popfunc/eeg_emptyset.m': '5359ea9eeb4dc8c85c3465cf6ef7ad8c769f839f027734b268e2b37018cb76be', 'eeglab/functions/popfunc/eeg_getica.m': '46ec2820d4841f2a4c3706bf0e1ba91aa1960a51f95800a24653dedee40b3776', 'eeglab/functions/adminfunc/eeg_checkset.m': 'fa6356b4a64ea6e16683acc4c65b257084dd1bfc995848de402244ccba00d6f0', 'eeglab/functions/sigprocfunc/kurt.m': '987072d6bdf64188c08ae3b85a2815fb357bd6bec034f7b044d33c4c8c169688', 'MARA/MARA.m': '3ed2c0778652c178ffc778f1328b2ea8a4d6d3085386dae817b46e566a6c1931', 'MARA/fv_training_MARA.mat': '636d47cefc046451bec5cebb8ba7b9c16cd5e573fc3469ee615fa18974f1291c', 'MARA/inv_matrix_icbm152.mat': '205349c4a8a6f3503234b4a4bffb69ffd470a1437463c1c9237f5419d1f6ea54'}
def eeg_mara(op,x,model=None,**p):
    if op!='mara_assess':raise NotImplementedError(op)
    y=_copy(x);p=_exact(p,'source_root reference_id',octave='octave',timeout=180.)
    ic=_model(model,'ica',y)
    if p['reference_id']!=model['reference_id']:raise ValueError('参考配置不一致')
    _number(p['timeout'],'timeout',1,600)
    if not isinstance(p['octave'],str) or not p['octave'].strip():raise ValueError('octave 需要可执行文件路径')
    if y.info['sfreq']<100 or y.info['lowpass']<40:raise ValueError('MARA 频谱特征需要采样率≥100 Hz、输入低通≥40 Hz')
    duration=(y.n_times if isinstance(y,mne.io.BaseRaw) else len(y)*len(y.times))/y.info['sfreq']
    if duration<30:raise ValueError('MARA 需要至少 30 秒信号计算 15 秒局部偏度')
    eeg,xyz=_native_eeg(y,ic)
    native,provenance=_run_native('mara',eeg,p['source_root'],p['octave'],p['timeout'],_PINS)
    probabilities=np.asarray(native['posterior'],float).reshape(-1);features=np.asarray(native['features'],float)
    if probabilities.shape!=(ic.n_components_,) or features.shape!=(6,ic.n_components_) or not np.isfinite(probabilities).all() or not np.isfinite(features).all() or np.any((probabilities<0)|(probabilities>1)):
        raise ValueError('MARA 原生特征/概率退化')
    candidates=np.asarray(native['indices'],int).reshape(-1)-1
    if np.any((candidates<0)|(candidates>=ic.n_components_)):raise ValueError('MARA 候选索引越界')
    return _out(y,model,candidates=candidates,artifact_probabilities=probabilities,normalized_features=features,
        feature_names=['current_density_norm','pattern_range','local_skewness','lambda','power_8_13_Hz','fit_error'],
        component_id=_legacy_id(ic),provenance=provenance,welch_mode='MATLAB R12+; explicit 1-second rectangular window; no detrend',
        classifier='linear pooled unbiased covariance, uniform class priors',classifier_diagnostics=native['classifier'],coordinates_mm=xyz)
",MARA 成分分类｜执行作者特征代码及原训练资产；EEGLAB 适配保留未中心化激活和通道混合矩阵。,candidates、artifact_probabilities、normalized_features、feature_names、component_id、分类均值/协方差与后验核对量、来源 hash、头皮坐标；原 MARA 代码/训练资产为 GPL。,"六特征及后验逐 IC 有限；后验在 [0,1]；候选索引有效、分类身份和来源冻结。",真实作者函数输出通过；原训练资产后验与独立 Gaussian LDA 计算一致；MATLAB兼容 Welch 与独立 SciPy 明确参数结果一致；波形/model 保持。,
EEG-ADJUST,已加载 Epochs 电位（V）及兼容 ICA（noise_cov=None）；至少2个Epoch、4个IC、11个好电极，MNE head 坐标覆盖左右眼区、额区与后区。,波形与 ICA model 保持；返回眼动、眨眼、间断伪迹的候选和实际 EM 阈值。,adjust_assess: source_root、reference_id 必填；octave=octave、timeout=180 s、xyz_scale=1000（MNE 米坐标转换为 EEGLAB 毫米；须与所采用坐标尺度一致）。固定 SASICA 9ab76d7552e28b3ee6537256d1b66fa8ed4744e1 内 ADJUST 作者版本及依赖 hash；Octave11.3.0/signal1.4.8/statistics1.7.7/optim1.6.3。GDSF 使用原尺度距离的 exp 权重，时间特征和 EM 均执行作者代码。,"# Python 3.12 | MNE 1.10.2 | NumPy 1.26.4 | SciPy 1.15.3 | scikit-learn 1.6.1
import numpy as np
import mne
import warnings
from sklearn.exceptions import ConvergenceWarning
from numbers import Integral, Real

def _number(value, name, low=None, high=None, strict_low=False):
    if isinstance(value, (bool, np.bool_)) or not isinstance(value, Real) or (not np.isfinite(value)):
        raise ValueError(name + '需要有限实数标量')
    if low is not None and (value <= low if strict_low else value < low):
        raise ValueError(name + '低于允许范围')
    if high is not None and value > high:
        raise ValueError(name + '高于允许范围')

def _args(p, keys):
    expected = set(keys.split())
    if set(p) != expected:
        raise ValueError(f'参数缺失={expected - set(p)}; 未定义={set(p) - expected}')

    def finite(value):
        if isinstance(value, (bool, np.bool_)) or (isinstance(value, np.ndarray) and value.dtype.kind == 'b'):
            raise TypeError('数值参数不能使用布尔值')
        if isinstance(value, np.ndarray) and value.dtype.hasobject:
            finite(value.tolist())
        if isinstance(value, (float, complex, np.number)) and (np.iscomplexobj(value) or not np.isfinite(value)):
            raise ValueError('参数必须为有限实数')
        if isinstance(value, np.ndarray) and value.dtype.kind in 'fc' and (np.iscomplexobj(value) or not np.isfinite(value).all()):
            raise ValueError('数组参数包含复数/NaN/Inf')
        if type(value) is dict:
            for item in value.values():
                finite(item)
        if isinstance(value, (list, tuple)):
            for item in value:
                finite(item)
    for (key, value) in p.items():
        if isinstance(value, (bool, np.bool_)):
            raise TypeError(f'{key} 不接受布尔值代替数值/枚举')
        if key not in {'models', 'artifacts', 'forward', 'projs', 'montage', 'annotations'}:
            finite(value)

def _copy(x):
    if not isinstance(x, (mne.io.BaseRaw, mne.BaseEpochs)):
        raise TypeError('需要 MNE Raw/Epochs，电位单位 V')
    if isinstance(x, mne.BaseEpochs) and (not x.preload):
        raise ValueError('Epochs须已preload并记录已有drop_log，禁止普通操作隐式加载/剔除Trial')
    y = x.copy().load_data()
    values = y.get_data()
    if not values.size or np.iscomplexobj(values) or (not np.isfinite(values).all()):
        raise ValueError('空数据、复数或 NaN/Inf，先返回接入异常流程')
    return y

def _scope(s, roles=('train',)):
    if not isinstance(s, dict) or set(s) != {'role', 'ids'} or s['role'] not in roles:
        raise ValueError('scope={role,ids}；仅使用允许的训练/校准对象')
    _ids(s['ids'])

def _ids(ids):
    if not isinstance(ids, (list, tuple)) or not ids or any((not isinstance(i, str) or not i.strip() for i in ids)) or (len(set(ids)) != len(ids)):
        raise ValueError('ID 必须为非空、唯一的字符串列表')

def _integer(v, name, minimum=0):
    if isinstance(v, bool) or not isinstance(v, Integral) or v < minimum:
        raise ValueError(f'{name} 需要 >= {minimum} 的整数')

def _channels(x, names, kind='eeg'):
    _ids(names)
    valid = {n for (n, t) in zip(x.ch_names, x.get_channel_types()) if t == kind}
    if not set(names) <= valid:
        raise ValueError(f'需要已有 {kind} 通道列表')

def _signature(x):
    import hashlib
    projs = tuple(((p['desc'], int(p['kind']), bool(p['active']), tuple(p['data']['col_names']), hashlib.sha256(np.asarray(p['data']['data']).tobytes()).hexdigest()) for p in x.info['projs']))
    return (tuple(x.ch_names), tuple(x.get_channel_types()), tuple(x.info['bads']), int(x.info['custom_ref_applied']), projs)

def _model(m, kind, x=None):
    if not isinstance(m, dict) or m.get('kind') != kind:
        raise ValueError('模型种类不匹配')
    if x is not None and m['signature'] != _signature(x):
        raise ValueError('通道/顺序/bads/参考/投影与拟合数据不兼容')
    if 'estimator' not in m:
        raise ValueError('模型缺 estimator')
    return m['estimator']

def _out(data=None, model=None, **artifacts):

    def finite(v):
        if isinstance(v, (mne.io.BaseRaw, mne.BaseEpochs)):
            v = v.get_data()
        if isinstance(v, mne.time_frequency.BaseTFR):
            v = v.data
        if isinstance(v, np.ndarray) and (not v.size or not np.isfinite(v).all()):
            raise ValueError('输出为空或包含 NaN/Inf')
        if isinstance(v, (list, tuple)):
            for item in v:
                finite(item)
    finite(data)
    if isinstance(model, dict):
        finite(model.get('estimator'))
    return {'data': data, 'model': model, 'artifacts': artifacts}


def _exact(p, required='', **defaults):
    required=set(required.split())
    if required-set(p) or set(p)-required-set(defaults):
        raise ValueError(f'参数缺失={required-set(p)}; 未定义={set(p)-required-set(defaults)}')
    return dict(defaults, **p)

def _raw(x):
    y=_copy(x)
    if not isinstance(y,mne.io.BaseRaw): raise TypeError('需要连续 Raw')
    return y

def _epochs(x):
    y=_copy(x)
    if not isinstance(y,mne.BaseEpochs): raise TypeError('需要已加载 Epochs')
    return y

def _good(y, minimum=2):
    picks=mne.pick_types(y.info,eeg=True,exclude='bads')
    if len(picks)<minimum: raise ValueError(f'至少需要 {minimum} 个好 EEG 通道')
    return picks

def _ref(s):
    if not isinstance(s,str) or not s.strip(): raise ValueError('需要非空 reference_id')

def _mask(a,shape,name='mask'):
    a=np.asarray(a)
    if a.dtype.kind!='b' or a.shape!=shape: raise ValueError(f'{name} 需要形状 {shape} 的布尔数组')
    return a

def _finite_array(a,name,ndim=None):
    a=np.asarray(a)
    if a.dtype.kind not in 'fiu' or not np.isfinite(a).all() or (ndim is not None and a.ndim!=ndim):
        raise ValueError(name+'需要有限实数数组')
    return a.astype(float,copy=False)

def _same(model,kind,y,reference_id):
    est=_model(model,kind,y)
    if model.get('reference_id')!=reference_id or model.get('sfreq',float(y.info['sfreq']))!=float(y.info['sfreq']):
        raise ValueError('参考/采样率与模型不匹配')
    return est

def _fitted(kind,est,y,scope,reference_id,**extra):
    return dict(kind=kind,estimator=est,signature=_signature(y),sfreq=float(y.info['sfreq']),scope=scope,reference_id=reference_id,**extra)

def _probs(v,n):
    a=_finite_array(v,'probabilities',2)
    if a.shape!=(n,7) or np.any(a<0) or np.any(a>1) or not np.allclose(a.sum(1),1,atol=1e-5):
        raise ValueError('probabilities 需要 IC×7 概率且逐行和为 1')
    return a
from pathlib import Path
from tempfile import TemporaryDirectory
import subprocess,hashlib,json
from scipy.io import savemat,loadmat

# MATLAB classify's default: linear Gaussian discrimination, pooled unbiased
# within-class covariance and uniform priors. Only its 3-argument form is needed.
_CLASSIFY=r'''function [C,err,posterior] = classify(sample,training,group)
  global MARA_CLASSIFY_DIAGNOSTICS;MARA_CLASSIFY_DIAGNOSTICS=[];
  groups=unique(group(:));K=length(groups);[N,P]=size(training);
  if K~=2 || any(groups(:)'~=[0 1]),error('MARA classifier expects labels 0 and 1');end
  mu=zeros(K,P);centered=zeros(size(training));
  for k=1:K
    rows=find(group(:)==groups(k));mu(k,:)=mean(training(rows,:),1);
    centered(rows,:)=training(rows,:)-mu(k,:);
  end
  pooled=(centered'*centered)/(N-K);R=chol(pooled);
  score=zeros(size(sample,1),K);
  for k=1:K
    Z=(sample-mu(k,:))/R;score(:,k)=-.5*sum(Z.^2,2)-log(K);
  end
  score=score-max(score,[],2);posterior=exp(score);posterior=posterior./sum(posterior,2);
  [~,idx]=max(posterior,[],2);C=groups(idx);
  training_score=zeros(N,K);
  for k=1:K,Z=(training-mu(k,:))/R;training_score(:,k)=-.5*sum(Z.^2,2);end
  [~,pred]=max(training_score,[],2);err=0;
  for k=1:K,rows=find(group(:)==groups(k));err=err+mean(groups(pred(rows))~=groups(k))/K;end
  MARA_CLASSIFY_DIAGNOSTICS=struct('means',mu,'covariance',pooled,'sample',sample,'priors',ones(1,K)/K);
end
'''
_EEGLAB_ERROR=""function eeglab_error(varargin)\n e=lasterror();error('MARA: %s',e.message);\nend\n""

def _identity_value(value):
    if isinstance(value,np.ndarray):
        if value.dtype.hasobject:raise TypeError('ICA identity cannot encode object arrays')
        if value.dtype.kind in 'fc' and not np.isfinite(value).all():raise ValueError('ICA identity parameters must be finite')
        return {'__ndarray__':{'dtype':value.dtype.str,'shape':list(value.shape),'sha256':hashlib.sha256(np.ascontiguousarray(value).tobytes()).hexdigest()}}
    if isinstance(value,np.generic):return _identity_value(value.item())
    if value is None or isinstance(value,(str,bool,int)):return value
    if isinstance(value,float):
        if not np.isfinite(value):raise ValueError('ICA identity parameters must be finite')
        return value
    if isinstance(value,(list,tuple)):return [_identity_value(v) for v in value]
    if isinstance(value,dict):
        if any(not isinstance(k,str) for k in value):raise TypeError('ICA identity dictionary keys must be strings')
        return {k:_identity_value(value[k]) for k in sorted(value)}
    raise TypeError('Unsupported ICA identity parameter type: '+type(value).__name__)

def _component_id(ic):
    metadata=dict(method=ic.method,n_components=int(ic.n_components_),fit_params=ic.fit_params,ch_names=ic.ch_names)
    h=hashlib.sha256(json.dumps(_identity_value(metadata),sort_keys=True,allow_nan=False).encode())
    for a in (ic.unmixing_matrix_,ic.mixing_matrix_,ic.pca_components_,ic.pre_whitener_,ic.pca_mean_):
        h.update(str(np.shape(a)).encode());h.update(np.asarray(a,dtype='<f8').tobytes())
    h.update('\0'.join(ic.ch_names).encode())
    return h.hexdigest()

def _legacy_id(ic):return _component_id(ic)

def _native_eeg(y,ic,scale=1000.):
    if ic.noise_cov is not None:raise ValueError('原生适配器要求 ICA noise_cov=None')
    picks=[y.ch_names.index(n) for n in ic.ch_names]
    if any(y.info['chs'][k]['coord_frame']!=mne.io.constants.FIFF.FIFFV_COORD_HEAD for k in picks):raise ValueError('坐标需要 MNE head 坐标系')
    xyz=np.array([y.info['chs'][k]['loc'][:3] for k in picks])
    if not np.isfinite(xyz).all() or np.any(np.linalg.norm(xyz,axis=1)==0):raise ValueError('需要全部 ICA 通道的头皮坐标')
    xyz=xyz[:,[1,0,2]]*np.array([1,-1,1])*scale # MNE RAS head -> EEGLAB nose-left-up.
    W=(ic.unmixing_matrix_@ic.pca_components_[:ic.n_components_])/ic.pre_whitener_.T/1e6
    A=np.linalg.pinv(W)
    values=y.get_data(picks=ic.ch_names)*1e6
    if isinstance(y,mne.BaseEpochs):values=values.transpose(1,2,0)
    trials=values.shape[2] if values.ndim==3 else 1;pnts=values.shape[1]
    activations=(W@values.reshape(len(picks),-1,order='F')).reshape(ic.n_components_,pnts,trials,order='F')
    locs=np.empty((1,len(picks)),dtype=[(n,'O') for n in ('labels','X','Y','Z','theta','radius','sph_theta','sph_phi','sph_radius','type','urchan')])
    for k,(name,pos) in enumerate(zip(ic.ch_names,xyz)):
        radius=np.linalg.norm(pos);theta=np.degrees(np.arctan2(pos[1],pos[0]));phi=np.degrees(np.arctan2(pos[2],np.linalg.norm(pos[:2])))
        vals=dict(labels=name,X=pos[0],Y=pos[1],Z=pos[2],theta=-theta,radius=.5-phi/180,sph_theta=theta,sph_phi=phi,sph_radius=radius,type='EEG',urchan=k+1)
        for key,value in vals.items():locs[key][0,k]=value
    return dict(data=values,srate=float(y.info['sfreq']),nbchan=len(picks),pnts=pnts,trials=trials,
        xmin=float(y.times[0]),xmax=float(y.times[-1]),times=np.asarray(y.times)*1000,
        chanlocs=locs,icaweights=W,icasphere=np.eye(len(picks)),icawinv=A,icaact=activations,
        icachansind=np.arange(1,len(picks)+1),ref='average',setname='native_ica_assess',filename=''),xyz

def _quote(path):return ""'""+str(path).replace(""'"",""''"")+""'""

def _run_native(algorithm,eeg,root,octave,timeout,pins):
    root=Path(root).expanduser().resolve()
    if not root.is_dir():raise ValueError('source_root 目录不存在')
    for path,expected in pins.items():
        f=root/path
        if not f.is_file() or hashlib.sha256(f.read_bytes()).hexdigest()!=expected:raise ValueError('作者版本或资产 hash 不匹配: '+path)
    with TemporaryDirectory(prefix='eeg-legacy-ica-') as tmp:
        tmp=Path(tmp);savemat(tmp/'input.mat',dict(payload=eeg),do_compression=True)
        common=""pkg load signal;pkg load statistics;pkg load optim;""
        common+=""if ~strcmp(OCTAVE_VERSION,'11.3.0'),error('Require Octave 11.3.0');end;pkginfo=pkg('list');expected={'signal','1.4.8';'statistics','1.7.7';'optim','1.6.3'};for q=1:rows(expected),ok=false;for z=1:numel(pkginfo),if strcmp(pkginfo{z}.name,expected{q,1}) && strcmp(pkginfo{z}.version,expected{q,2}),ok=true;end;end;if ~ok,error('Octave package version mismatch: %s',expected{q,1});end;end;""
        common+=f""addpath({_quote(root/'eeglab/functions/popfunc')});addpath({_quote(root/'eeglab/functions/sigprocfunc')});addpath({_quote(root/'eeglab/functions/adminfunc')});""
        common+=f""load({_quote(tmp/'input.mat')});EEG=eeg_emptyset();names=fieldnames(payload);for k=1:length(names),EEG.(names{{k}})=payload.(names{{k}});end;""
        if algorithm=='mara':
            (tmp/'classify.m').write_text(_CLASSIFY);(tmp/'eeglab_error.m').write_text(_EEGLAB_ERROR)
            common+=f""addpath({_quote(root/'MARA')});addpath({_quote(tmp)});pwelch('R12+');""
            command=""[art,info]=MARA(EEG);if ~exist('info','var')||~isfield(info,'normfeats'),error('MARA did not return features');end;""
            command+=""global MARA_CLASSIFY_DIAGNOSTICS;result=struct('indices',art,'posterior',info.posterior_artefactprob,'features',info.normfeats,'classifier',MARA_CLASSIFY_DIAGNOSTICS);""
        else:
            common+=f""addpath({_quote(root/'SASICA/private')});""
            outputs=['art','horiz','vert','blink','disc','soglia_DV','diff_var','soglia_K','med2_K','meanK','soglia_SED','med2_SED','SED','soglia_SAD','med2_SAD','SAD','soglia_GDSF','med2_GDSF','GDSF','soglia_V','med2_V','nuovaV','soglia_D','maxdin']
            command=""if isfield(EEG,'dipfit') && isempty(EEG.dipfit),EEG=rmfield(EEG,'dipfit');end;""+'['+','.join(outputs)+']=ADJUST(EEG);result=struct();'
            command+=''.join(f'result.{name}={name};' for name in outputs)
        code=""warning('off','Octave:shadowed-function');try;""+common+command+f""save('-mat7-binary',{_quote(tmp/'output.mat')},'result');catch err;fprintf(2,'%s\\n',err.message);for k=1:length(err.stack),fprintf(2,'%s:%d\\n',err.stack(k).file,err.stack(k).line);end;exit(1);end;""
        (tmp/'driver.m').write_text(code)
        run=subprocess.run([octave,'--no-gui','--quiet',str(tmp/'driver.m')],capture_output=True,text=True,timeout=timeout)
        if run.returncode or not (tmp/'output.mat').exists():raise RuntimeError(algorithm+' 原生执行失败: '+(run.stdout+run.stderr)[-6000:])
        result=loadmat(tmp/'output.mat',simplify_cells=True)['result']
    return result,dict(source_hashes=pins,source_root=str(root),runtime='Octave 11.3.0 / signal 1.4.8 / statistics 1.7.7 / optim 1.6.3',stdout=run.stdout[-4000:],stderr=run.stderr[-4000:])

_PINS={'eeglab/functions/popfunc/eeg_emptyset.m': '5359ea9eeb4dc8c85c3465cf6ef7ad8c769f839f027734b268e2b37018cb76be', 'eeglab/functions/popfunc/eeg_getica.m': '46ec2820d4841f2a4c3706bf0e1ba91aa1960a51f95800a24653dedee40b3776', 'eeglab/functions/adminfunc/eeg_checkset.m': 'fa6356b4a64ea6e16683acc4c65b257084dd1bfc995848de402244ccba00d6f0', 'eeglab/functions/sigprocfunc/kurt.m': '987072d6bdf64188c08ae3b85a2815fb357bd6bec034f7b044d33c4c8c169688', 'SASICA/private/ADJUST.m': '5cd93225976e0a64272b270660ccfa6c243cb1aae0c64e99e647d34d648e5fbf', 'SASICA/private/rep2struct.m': '4d2b2b8c11849d0dc26aa537a62b6c6cbeb271eda03e3aff2baf2c837333847e'}
def eeg_adjust(op,x,model=None,**p):
    if op!='adjust_assess':raise NotImplementedError(op)
    y=_epochs(x);p=_exact(p,'source_root reference_id',octave='octave',timeout=180.,xyz_scale=1000.)
    ic=_model(model,'ica',y)
    if p['reference_id']!=model['reference_id']:raise ValueError('参考配置不一致')
    _number(p['timeout'],'timeout',1,600);_number(p['xyz_scale'],'xyz_scale',0,strict_low=True)
    if len(ic.ch_names)<11:raise ValueError('ADJUST GDSF 每通道需要 10 个邻居，至少 11 通道')
    if len(y)<2 or ic.n_components_<4:raise ValueError('ADJUST 至少 2 个 Epoch、4 个 IC')
    eeg,xyz=_native_eeg(y,ic,p['xyz_scale'])
    theta=np.array([eeg['chanlocs']['theta'][0,k] for k in range(len(ic.ch_names))]);radius=np.array([eeg['chanlocs']['radius'][0,k] for k in range(len(ic.ch_names))])
    areas=dict(left_eye=(-61<theta)&(theta<-35)&(radius>.30),right_eye=(34<theta)&(theta<61)&(radius>.30),front=(abs(theta)<60)&(radius>.40),posterior=abs(theta)>110)
    if any(not a.any() for a in areas.values()):raise ValueError('ADJUST 需要左右眼区、额区及后区的有效电极覆盖')
    native,provenance=_run_native('adjust',eeg,p['source_root'],p['octave'],p['timeout'],_PINS)
    names=['diff_var','meanK','SED','SAD','GDSF','nuovaV'];features={k:np.asarray(native[k],float).reshape(-1) for k in names}
    thresholds={k:float(np.asarray(native[k]).item()) for k in ['soglia_K','soglia_SED','soglia_SAD','soglia_GDSF','soglia_V']}
    if any(v.shape!=(ic.n_components_,) or not np.isfinite(v).all() for v in features.values()) or not all(np.isfinite(v) for v in thresholds.values()):raise ValueError('ADJUST 特征或 EM 阈值退化')
    decisions={k:np.asarray(native[k],int).reshape(-1)-1 for k in ['art','horiz','vert','blink','disc']}
    if any(np.any((v<0)|(v>=ic.n_components_)) for v in decisions.values()):raise ValueError('ADJUST 候选索引越界')
    return _out(y,model,candidates=decisions['art'],decisions=decisions,features=features,thresholds=thresholds,
        component_id=_legacy_id(ic),provenance=provenance,coordinates=xyz,xyz_scale=p['xyz_scale'],ica_channels=list(ic.ch_names),input_channel_indices=[y.ch_names.index(n) for n in ic.ch_names],
        feature_thresholds=dict(diff_var=0.,meanK=thresholds['soglia_K'],SED=thresholds['soglia_SED'],SAD=thresholds['soglia_SAD'],GDSF=thresholds['soglia_GDSF'],nuovaV=thresholds['soglia_V']),scalp_areas={k:np.flatnonzero(v) for k,v in areas.items()},trial_selection=y.selection.copy())
",ADJUST 成分检测｜联合空间与时间特征，计算原生 EM 阈值并返回四类伪迹候选。,candidates、horiz/vert/blink/disc、SVD/TK/SED/SAD/GDSF/MEV 特征、五个有效 EM 阈值、坐标、ica_channels、input_channel_indices、相对 ICA 通道顺序的区域索引、feature_thresholds 对应表、Trial selection、component_id 和来源 hash。,头皮区域覆盖及邻居数满足，特征和阈值有限；四类候选并集与总候选一致。,真实作者函数六特征和五阈值通过；MEV 与独立最大/平均 Epoch 方差公式一致；候选并集、波形/model 保持。,
EEG-FASTER-IC,已加载 Epochs（V）与对应 ICA 模型；通道、参考、采样率一致；EOG 指标需要 EOG 类型通道。,数据和 ICA 模型保持；返回独立副本。,"faster_ic_assess：{""required"": [""reference_id""], ""defaults"": {""metrics"": [""eog_correlation"", ""kurtosis"", ""power_gradient"", ""hurst"", ""median_gradient""], ""threshold"": 3.0, ""max_iter"": 1, ""power_range_Hz"": null}}；拒绝未定义参数。 metrics 另可选 line_noise（固定 50/60 Hz，Nyquist≥60 Hz）；threshold>0，max_iter≥1；power_range_Hz=[低频,高频] 仅配合 power_gradient，默认取 ICA 滤波元数据。","import numpy as np
import mne
import hashlib
import json
import copy
from scipy import stats, signal
from importlib.metadata import version

def _params(p, required=(), **defaults):
    if set(required)-set(p) or set(p)-set(defaults)-set(required):raise ValueError('missing or unknown parameters')
    return dict(defaults,**p)

def _identity_value(value):
    if isinstance(value,np.ndarray):
        if value.dtype.hasobject:raise TypeError('ICA identity cannot encode object arrays')
        if value.dtype.kind in 'fc' and not np.isfinite(value).all():raise ValueError('ICA identity parameters must be finite')
        return {'__ndarray__':{'dtype':value.dtype.str,'shape':list(value.shape),'sha256':hashlib.sha256(np.ascontiguousarray(value).tobytes()).hexdigest()}}
    if isinstance(value,np.generic):return _identity_value(value.item())
    if value is None or isinstance(value,(str,bool,int)):return value
    if isinstance(value,float):
        if not np.isfinite(value):raise ValueError('ICA identity parameters must be finite')
        return value
    if isinstance(value,(list,tuple)):return [_identity_value(v) for v in value]
    if isinstance(value,dict):
        if any(not isinstance(k,str) for k in value):raise TypeError('ICA identity dictionary keys must be strings')
        return {k:_identity_value(value[k]) for k in sorted(value)}
    raise TypeError('Unsupported ICA identity parameter type: '+type(value).__name__)

def _component_id(ic):
    metadata=dict(method=ic.method,n_components=int(ic.n_components_),fit_params=ic.fit_params,ch_names=ic.ch_names)
    h=hashlib.sha256(json.dumps(_identity_value(metadata),sort_keys=True,allow_nan=False).encode())
    for a in (ic.unmixing_matrix_,ic.mixing_matrix_,ic.pca_components_,ic.pre_whitener_,ic.pca_mean_):
        h.update(str(np.shape(a)).encode());h.update(np.asarray(a,dtype='<f8').tobytes())
    h.update('\0'.join(ic.ch_names).encode())
    return h.hexdigest()

def _signature(x):
    projs=tuple((p['desc'],int(p['kind']),bool(p['active']),tuple(p['data']['col_names']),hashlib.sha256(np.asarray(p['data']['data']).tobytes()).hexdigest()) for p in x.info['projs'])
    return (tuple(x.ch_names),tuple(x.get_channel_types()),tuple(x.info['bads']),int(x.info['custom_ref_applied']),projs)

def _bind(x,model,reference_id):
    if not isinstance(x,(mne.io.BaseRaw,mne.BaseEpochs)):raise TypeError('requires Raw or Epochs')
    if isinstance(x,mne.BaseEpochs) and not x.preload:raise ValueError('Epochs must be loaded before assessment')
    if not isinstance(reference_id,str) or not reference_id.strip():raise ValueError('reference_id required')
    if not isinstance(model,dict) or model.get('kind')!='ica' or not isinstance(model.get('estimator'),mne.preprocessing.ICA):raise ValueError('requires fitted ICA model envelope')
    ic=model['estimator']
    if model.get('signature')!=_signature(x) or model.get('sfreq')!=float(x.info['sfreq']) or model.get('reference_id')!=reference_id:raise ValueError('model/data signature, sampling or reference mismatch')
    if float(ic.info['sfreq'])!=float(x.info['sfreq']):raise ValueError('estimator sampling frequency differs from data')
    if not hasattr(ic,'n_components_') or ic.n_components_<2:raise ValueError('at least two fitted components required')
    if not set(ic.ch_names)<=set(x.ch_names):raise ValueError('ICA channels missing')
    y=x.copy().load_data()
    if not np.isfinite(y.get_data()).all():raise ValueError('data must be finite')
    sources=ic.get_sources(y).get_data()
    if sources.ndim==2:sources=sources[None]
    if not np.isfinite(sources).all():raise ValueError('component activations must be finite')
    return y,ic,sources

def _finite(v,name,positive=False):
    if isinstance(v,(bool,np.bool_)) or not np.isscalar(v) or not np.isfinite(v) or (positive and v<=0):raise ValueError(name+' must be finite numeric'+(' and positive' if positive else ''))
    return float(v)

def _data_id(y):
    h=hashlib.sha256(np.asarray(y.get_data(),dtype='<f8').tobytes());h.update(np.asarray(y.times,dtype='<f8').tobytes())
    if isinstance(y,mne.BaseEpochs):h.update(np.asarray(y.events,dtype='<i8').tobytes());h.update(np.asarray(y.selection,dtype='<i8').tobytes())
    else:h.update(str(y.first_samp).encode())
    return h.hexdigest()

def _out(y,model,ic,**art):
    return {'data':y,'model':copy.deepcopy(model),'artifacts':{'component_id':_component_id(ic),'component_indices':np.arange(ic.n_components_,dtype=int),**art}}

def eeg_faster_ic(op,x,model=None,**p):
    if op!='faster_ic_assess':raise ValueError('operation must be faster_ic_assess')
    p=_params(p,('reference_id',),metrics=['eog_correlation','kurtosis','power_gradient','hurst','median_gradient'],threshold=3.,max_iter=1,power_range_Hz=None)
    if not isinstance(x,mne.BaseEpochs):raise TypeError('FASTER IC requires Epochs')
    y,ic,sources=_bind(x,model,p['reference_id'])
    if version('mne-faster')!='1.2.2':raise RuntimeError('requires mne-faster==1.2.2')
    from mne_faster import faster as mf
    from mne.preprocessing.bads import _find_outliers
    metrics=p['metrics'];allowed={'eog_correlation','kurtosis','power_gradient','hurst','median_gradient','line_noise'}
    if not isinstance(metrics,(list,tuple)) or not metrics or len(set(metrics))!=len(metrics) or set(metrics)-allowed:raise ValueError('metrics must be nonempty unique supported names')
    threshold=_finite(p['threshold'],'threshold',True);iters=p['max_iter']
    if not isinstance(iters,int) or isinstance(iters,bool) or iters<1:raise ValueError('max_iter must be positive integer')
    flat=sources.transpose(1,0,2).reshape(ic.n_components_,-1)
    prange=p['power_range_Hz']
    if 'power_gradient' in metrics:
        if prange is None:prange=[ic.info['highpass'],ic.info['lowpass']]
        prange=np.asarray(prange,float)
        if prange.shape!=(2,) or not np.isfinite(prange).all() or prange[0]<0 or prange[1]<=prange[0] or prange[1]>y.info['sfreq']/2:raise ValueError('invalid power gradient range')
        ff,_=mf._efficient_welch(flat,float(y.info['sfreq']))
        if np.searchsorted(ff,prange[1])-np.searchsorted(ff,prange[0])<2:raise ValueError('fewer than two gradient spectrum bins')
    elif prange is not None:raise ValueError('power_range_Hz requires power_gradient metric')
    if 'line_noise' in metrics and y.info['sfreq']/2<60:raise ValueError('line_noise requires 60 Hz within Nyquist')
    if 'eog_correlation' in metrics and not len(mne.pick_types(y.info,eog=True)):raise ValueError('eog_correlation requires typed EOG channels')
    evaluations={
        'eog_correlation':lambda:ic.copy().find_bads_eog(y)[1],
        'kurtosis':lambda:stats.kurtosis(np.dot(ic.mixing_matrix_.T,ic.pca_components_[:ic.n_components_]),axis=1),
        'power_gradient':lambda:mf._power_gradient(flat,float(ic.info['sfreq']),prange),
        'hurst':lambda:mf.hurst(flat),
        'median_gradient':lambda:np.median(abs(np.diff(flat)),axis=1),
        'line_noise':lambda:mf._freqs_power(flat,float(y.info['sfreq']),[50,60])}
    scores={};by={};history={};statuses={}
    for metric in metrics:
        values=np.atleast_2d(evaluations[metric]());scores[metric]=values;by[metric]=[];history[metric]=[];statuses[metric]=[]
        for values_row in values:
            if values_row.shape!=(ic.n_components_,):raise ValueError('metric component axis mismatch')
            valid=np.isfinite(values_row).all() and np.std(values_row)>0
            statuses[metric].append('defined' if valid else 'undefined')
            if not valid:history[metric].append([]);continue
            indices=_find_outliers(values_row,threshold,iters);by[metric].extend(indices.tolist())
            mask=np.zeros(ic.n_components_,bool);trace=[]
            for iteration in range(iters):
                active=~mask;center=values_row[active].mean();scale=values_row[active].std(ddof=0)
                zz=np.divide(values_row-center,scale,out=np.full_like(values_row,np.nan),where=scale>0);new=active&(np.abs(zz)>threshold)
                trace.append({'center':float(center),'scale':float(scale),'z':zz,'active':active.copy(),'new_outlier_mask':new.copy()});mask|=new
                if not new.any():break
            history[metric].append(trace)
        by[metric]=sorted(set(by[metric]))
    candidate=sorted(set(c for ids in by.values() for c in ids))
    p['power_range_Hz']=None if prange is None else np.asarray(prange).tolist()
    p['metrics']=list(metrics);p['threshold']=threshold
    return _out(y,model,ic,assessment_id=hashlib.sha256((_component_id(ic)+_data_id(y)+json.dumps(p,sort_keys=True)).encode()).hexdigest(),scores=scores,criterion_candidates=by,candidate_indices=np.array(candidate,dtype=int),z_history=history,statuses=statuses,metrics=metrics,threshold=threshold,max_iter=iters,power_range_Hz=None if prange is None else np.asarray(prange),epoch_selection=x.selection.copy(),algorithm='mne-faster 1.2.2 IC stage',normalization='iterative absolute population z-score across all fitted ICs')
",FASTER IC 筛查（mne-faster 1.2.2）。,各指标原值、逐轮 z 分数/中心/尺度、指标候选、合并候选、component_id 与未定义标志。,采用固定移植版本的空间峰度（Fisher、bias=True）、功率梯度、Hurst、绝对中位梯度、EOG 相关；可显式启用 50/60 Hz 功率；不改 ICA 排除列表。,实际固定实现与作者原生数值对照；检查模型身份、未定义指标、原对象保持及人工决定覆盖。,
EEG-SASICA,Raw/Epochs（V）与对应 ICA 模型；trialfoc/SNR 需要 Epochs；相关指标显式指定辅助通道；参考与模型身份固定。,数据和 ICA 模型保持；返回独立副本。,"sasica_assess：{""required"": [""reference_id"", ""criteria""], ""defaults"": {""external_assessments"": {}, ""review"": null}}；拒绝未定义参数。 criteria 按需启用，子参数默认值：{""autocorr"": {""lag_ms"": 20.0, ""threshold"": ""auto""}, ""focalcomp"": {""threshold"": ""auto""}, ""trialfoc"": {""threshold"": ""auto""}, ""snr"": {""signal_interval_s"": [0.0, 0.5], ""baseline_interval_s"": [-0.5, 0.0], ""threshold"": 1.0}, ""eogcorr"": {""vertical_channels"": [], ""horizontal_channels"": [], ""vertical_threshold"": ""auto 4"", ""horizontal_threshold"": ""auto 4""}, ""chancorr"": {""channels"": [], ""threshold"": ""auto 4""}}。threshold 为数值或 auto N（默认 N=2），SNR 仅数值。EOG 每组 1 通道或 2 通道相减；chancorr 可选多个通道。external_assessments 以 EEG-ADJUST/EEG-FASTER-IC 为键，每项包含 component_id/candidate_indices/assessment_id/algorithm。review 包含 component_id/assessment_id/reviewer/含时区的 timestamp/decisions；decisions 以 IC 索引字符串映射 keep/exclude/pending。","import numpy as np
import mne
import hashlib
import json
import copy
from scipy import stats, signal
from importlib.metadata import version

def _params(p, required=(), **defaults):
    if set(required)-set(p) or set(p)-set(defaults)-set(required):raise ValueError('missing or unknown parameters')
    return dict(defaults,**p)

def _identity_value(value):
    if isinstance(value,np.ndarray):
        if value.dtype.hasobject:raise TypeError('ICA identity cannot encode object arrays')
        if value.dtype.kind in 'fc' and not np.isfinite(value).all():raise ValueError('ICA identity parameters must be finite')
        return {'__ndarray__':{'dtype':value.dtype.str,'shape':list(value.shape),'sha256':hashlib.sha256(np.ascontiguousarray(value).tobytes()).hexdigest()}}
    if isinstance(value,np.generic):return _identity_value(value.item())
    if value is None or isinstance(value,(str,bool,int)):return value
    if isinstance(value,float):
        if not np.isfinite(value):raise ValueError('ICA identity parameters must be finite')
        return value
    if isinstance(value,(list,tuple)):return [_identity_value(v) for v in value]
    if isinstance(value,dict):
        if any(not isinstance(k,str) for k in value):raise TypeError('ICA identity dictionary keys must be strings')
        return {k:_identity_value(value[k]) for k in sorted(value)}
    raise TypeError('Unsupported ICA identity parameter type: '+type(value).__name__)

def _component_id(ic):
    metadata=dict(method=ic.method,n_components=int(ic.n_components_),fit_params=ic.fit_params,ch_names=ic.ch_names)
    h=hashlib.sha256(json.dumps(_identity_value(metadata),sort_keys=True,allow_nan=False).encode())
    for a in (ic.unmixing_matrix_,ic.mixing_matrix_,ic.pca_components_,ic.pre_whitener_,ic.pca_mean_):
        h.update(str(np.shape(a)).encode());h.update(np.asarray(a,dtype='<f8').tobytes())
    h.update('\0'.join(ic.ch_names).encode())
    return h.hexdigest()

def _signature(x):
    projs=tuple((p['desc'],int(p['kind']),bool(p['active']),tuple(p['data']['col_names']),hashlib.sha256(np.asarray(p['data']['data']).tobytes()).hexdigest()) for p in x.info['projs'])
    return (tuple(x.ch_names),tuple(x.get_channel_types()),tuple(x.info['bads']),int(x.info['custom_ref_applied']),projs)

def _bind(x,model,reference_id):
    if not isinstance(x,(mne.io.BaseRaw,mne.BaseEpochs)):raise TypeError('requires Raw or Epochs')
    if isinstance(x,mne.BaseEpochs) and not x.preload:raise ValueError('Epochs must be loaded before assessment')
    if not isinstance(reference_id,str) or not reference_id.strip():raise ValueError('reference_id required')
    if not isinstance(model,dict) or model.get('kind')!='ica' or not isinstance(model.get('estimator'),mne.preprocessing.ICA):raise ValueError('requires fitted ICA model envelope')
    ic=model['estimator']
    if model.get('signature')!=_signature(x) or model.get('sfreq')!=float(x.info['sfreq']) or model.get('reference_id')!=reference_id:raise ValueError('model/data signature, sampling or reference mismatch')
    if float(ic.info['sfreq'])!=float(x.info['sfreq']):raise ValueError('estimator sampling frequency differs from data')
    if not hasattr(ic,'n_components_') or ic.n_components_<2:raise ValueError('at least two fitted components required')
    if not set(ic.ch_names)<=set(x.ch_names):raise ValueError('ICA channels missing')
    y=x.copy().load_data()
    if not np.isfinite(y.get_data()).all():raise ValueError('data must be finite')
    sources=ic.get_sources(y).get_data()
    if sources.ndim==2:sources=sources[None]
    if not np.isfinite(sources).all():raise ValueError('component activations must be finite')
    return y,ic,sources

def _finite(v,name,positive=False):
    if isinstance(v,(bool,np.bool_)) or not np.isscalar(v) or not np.isfinite(v) or (positive and v<=0):raise ValueError(name+' must be finite numeric'+(' and positive' if positive else ''))
    return float(v)

def _data_id(y):
    h=hashlib.sha256(np.asarray(y.get_data(),dtype='<f8').tobytes());h.update(np.asarray(y.times,dtype='<f8').tobytes())
    if isinstance(y,mne.BaseEpochs):h.update(np.asarray(y.events,dtype='<i8').tobytes());h.update(np.asarray(y.selection,dtype='<i8').tobytes())
    else:h.update(str(y.first_samp).encode())
    return h.hexdigest()

def _out(y,model,ic,**art):
    return {'data':y,'model':copy.deepcopy(model),'artifacts':{'component_id':_component_id(ic),'component_indices':np.arange(ic.n_components_,dtype=int),**art}}

def _zscore(a,axis):
    center=np.mean(a,axis=axis,keepdims=True);scale=np.std(a,axis=axis,ddof=1,keepdims=True)
    return (a-center)/np.where(scale==0,1,scale)

def _threshold(value,data,direction):
    if isinstance(value,str):
        import re
        match=re.fullmatch(r'auto(?: ([0-9]+(?:\.[0-9]+)?))?',value)
        if not match:raise ValueError('threshold string must be auto or auto N')
        n=2. if match[1] is None else float(match[1]);return np.mean(data,axis=-1)+direction*n*np.std(data,axis=-1,ddof=1)
    return _finite(value,'threshold')

def _corr(a,b):
    aa=a-a.mean(axis=-1,keepdims=True);bb=b-b.mean(axis=-1,keepdims=True);den=np.sqrt(np.sum(aa*aa,axis=-1)[:,None]*np.sum(bb*bb,axis=-1)[None,:]);return np.divide(aa@bb.T,den,out=np.full((len(a),len(b)),np.nan),where=den>0)

def eeg_sasica(op,x,model=None,**p):
    if op!='sasica_assess':raise ValueError('operation must be sasica_assess')
    p=_params(p,('reference_id','criteria'),external_assessments={},review=None)
    y,ic,s=_bind(x,model,p['reference_id']);n=ic.n_components_;cid=_component_id(ic)
    cfg=p['criteria'];defaults={'autocorr':{'lag_ms':20.,'threshold':'auto'},'focalcomp':{'threshold':'auto'},'trialfoc':{'threshold':'auto'},'snr':{'signal_interval_s':[0.,.5],'baseline_interval_s':[-.5,0.],'threshold':1.},'eogcorr':{'vertical_channels':[],'horizontal_channels':[],'vertical_threshold':'auto 4','horizontal_threshold':'auto 4'},'chancorr':{'channels':[],'threshold':'auto 4'}}
    if not isinstance(cfg,dict) or set(cfg)-set(defaults):raise ValueError('unsupported SASICA criterion')
    external=p['external_assessments']
    if not isinstance(external,dict) or set(external)-{'EEG-ADJUST','EEG-FASTER-IC'}:raise ValueError('unsupported external assessment')
    if not cfg and not external:raise ValueError('at least one criterion required')
    flat=s.transpose(1,0,2).reshape(n,-1);scores={};thresholds={};masks={};valid={};bindings={}
    def save(name,score,threshold,direction):
        score=np.asarray(score,float).reshape(n);threshold=np.broadcast_to(threshold,(n,)).copy();good=np.isfinite(score)&np.isfinite(threshold)
        scores[name]=score;thresholds[name]=threshold;valid[name]=good;masks[name]=good&((score>threshold) if direction>0 else (score<threshold))
    def channel_signal(names):
        if not isinstance(names,(list,tuple)) or len(names) not in (1,2) or len(set(names))!=len(names) or any(c not in y.ch_names for c in names):raise ValueError('specify one channel or two distinct channels to subtract')
        a=y.get_data(picks=list(names))
        if a.ndim==2:a=a[None]
        a=a.transpose(1,0,2).reshape(len(names),-1);return a[:1] if len(names)==1 else a[:1]-a[1:2]
    for name,parameters in cfg.items():
        if not isinstance(parameters,dict):raise ValueError('criterion config must be dict')
        q=_params(parameters,**defaults[name]);bindings[name]=q
        if name=='autocorr':
            lag=int(np.floor(_finite(q['lag_ms'],'lag_ms',True)*y.info['sfreq']/1000+.5))
            if lag<1 or lag>=s.shape[-1]:raise ValueError('autocorrelation lag must span 1..n_times-1 samples')
            average=s.mean(axis=0);den=np.sum(average*average,axis=-1);score=np.divide(np.sum(average[:,:-lag]*average[:,lag:],axis=-1),den,out=np.full(n,np.nan),where=den>0);save(name,score,_threshold(q['threshold'],score,-1),-1)
        elif name=='focalcomp':
            maps=ic.get_components();score=np.max(abs(_zscore(maps,0)),axis=0);save(name,score,_threshold(q['threshold'],score,1),1)
        elif name=='trialfoc':
            if not isinstance(y,mne.BaseEpochs) or len(y)<2:raise ValueError('trialfoc requires multiple Epochs')
            ptp=np.ptp(s,axis=-1).T;score=np.max(abs(_zscore(ptp,1)),axis=1);save(name,score,_threshold(q['threshold'],score,1),1)
        elif name=='snr':
            if not isinstance(y,mne.BaseEpochs):raise ValueError('SNR requires Epochs')
            windows=[]
            for key in ('signal_interval_s','baseline_interval_s'):
                bounds=np.asarray(q[key],float)
                if bounds.shape!=(2,) or np.isnan(bounds).any() or bounds[1]<bounds[0]:raise ValueError('invalid SNR time window')
                mask=(y.times>=bounds[0])&(y.times<=bounds[1])
                if mask.sum()<2:raise ValueError('SNR time window needs at least two samples')
                windows.append(mask)
            zz=_zscore(s,-1).mean(axis=0);num=np.std(zz[:,windows[0]],axis=1,ddof=1);den=np.std(zz[:,windows[1]],axis=1,ddof=1);score=np.divide(num,den,out=np.full(n,np.nan),where=den>0);save(name,score,_finite(q['threshold'],'SNR threshold'),-1)
        elif name=='eogcorr':
            if not q['vertical_channels'] and not q['horizontal_channels']:raise ValueError('at least one EOG signal required')
            for label in ('vertical','horizontal'):
                if q[label+'_channels']:
                    score=abs(_corr(flat,channel_signal(q[label+'_channels']))[:,0]);save(name+'_'+label,score,_threshold(q[label+'_threshold'],score,1),1)
        elif name=='chancorr':
            names=q['channels']
            if not isinstance(names,(list,tuple)) or not names or len(set(names))!=len(names) or any(c not in y.ch_names for c in names):raise ValueError('channels must be existing unique channel names')
            a=y.get_data(picks=list(names));a=a[None] if a.ndim==2 else a;a=a.transpose(1,0,2).reshape(len(names),-1);matrix=abs(_corr(flat,a)).T;threshold=float(np.mean(_threshold(q['threshold'],matrix,1)));score=np.max(matrix,axis=0);save(name,score,threshold,1);scores['chancorr_matrix']=matrix
    for mid,assessment in external.items():
        if not isinstance(assessment,dict) or set(assessment)!={'component_id','candidate_indices','assessment_id','algorithm'} or assessment['component_id']!=cid or not isinstance(assessment['assessment_id'],str) or not assessment['assessment_id'] or not isinstance(assessment['algorithm'],str) or not assessment['algorithm']:raise ValueError('external assessment identity missing or mismatched')
        indices=np.asarray(assessment['candidate_indices'])
        if indices.ndim!=1 or (indices.size and indices.dtype.kind not in 'iu') or len(set(indices.tolist()))!=len(indices) or np.any(indices<0) or np.any(indices>=n):raise ValueError('invalid external component indices')
        mask=np.zeros(n,bool);mask[indices.astype(int)]=True;masks[mid]=mask;bindings[mid]=copy.deepcopy(assessment)
    candidate=np.any(np.stack(list(masks.values())),axis=0);assessment_id=hashlib.sha256((cid+_data_id(y)+json.dumps(bindings,sort_keys=True,default=lambda a:np.asarray(a).tolist())).encode()).hexdigest()
    decisions=['pending']*n;review=p['review']
    if review is not None:
        from datetime import datetime
        if not isinstance(review,dict) or set(review)!={'component_id','assessment_id','reviewer','timestamp','decisions'} or review['component_id']!=cid or review['assessment_id']!=assessment_id:raise ValueError('human review must bind this exact assessment')
        if not isinstance(review['reviewer'],str) or not review['reviewer'].strip():raise ValueError('reviewer required')
        parsed=datetime.fromisoformat(review['timestamp'])
        if parsed.tzinfo is None:raise ValueError('review timestamp needs timezone')
        if not isinstance(review['decisions'],dict):raise ValueError('decisions must map component indices to exclude/keep/pending')
        for key,value in review['decisions'].items():
            if not isinstance(key,str) or not key.isdigit() or str(int(key))!=key or int(key)>=n or value not in ('exclude','keep','pending'):raise ValueError('invalid component decision')
            decisions[int(key)]=value
    confirmed=np.array([i for i,d in enumerate(decisions) if d=='exclude'],dtype=int)
    return _out(y,model,ic,assessment_id=assessment_id,scores=scores,thresholds=thresholds,valid_masks=valid,criterion_masks=masks,candidate_indices=np.flatnonzero(candidate),decisions=decisions,confirmed_exclude_indices=confirmed,review=copy.deepcopy(review),config=bindings,topographies=ic.get_components(),topography_channel_names=ic.ch_names,component_times_s=y.times.copy(),epoch_average_activations=s.mean(axis=0),algorithm='SASICA 9ab76 core numerical criteria; explicit external ADJUST/FASTER composition')
",SASICA 成分辅助判别（作者数值指标）。,指标值、阈值、有效/候选掩码、地形图与平均时程数据、assessment_id、逐 IC 人工决定、确认排除项。,支持 autocorr/focalcomp/trialfoc/snr/eogcorr/chancorr；ADJUST/FASTER 通过身份绑定的独立单元结果组合。无人工决定时保持 pending；仅 confirmed_exclude_indices 用于 ICA apply。,实际固定实现与作者原生数值对照；检查模型身份、未定义指标、原对象保持及人工决定覆盖。,
EEG-ASR,连续 EEG 电位（V）、稳定参考；校准副本高通≥0.5 Hz，显式校准区间及自动选择后均≥30 秒。,fit 返回校准 model 且保持波形；apply 返回欧氏 ASR correction 同形波形，通道及样点轴保持。,"asr_fit: scope={role:train|calibration,ids}、reference_id、start/stop（半开样点区间）必填；cutoff=20、blocksize=100、win_len=0.5 s、win_overlap=0.66、max_dropout_fraction=0.1、min_clean_fraction=0.25、max_bad_chans=0.1。asr_apply: reference_id；0<lookahead≤win_len/2（默认0.25 s）、stepsize=32 样点、maxdims=0.66、mem_splits=1。固定 asrpy 0.0.8、method=euclid，离线补偿 lookahead。","# Python 3.12 | MNE 1.10.2 | NumPy 1.26.4 | SciPy 1.15.3 | scikit-learn 1.6.1
import numpy as np
import mne
import warnings
from sklearn.exceptions import ConvergenceWarning
from numbers import Integral, Real

def _number(value, name, low=None, high=None, strict_low=False):
    if isinstance(value, (bool, np.bool_)) or not isinstance(value, Real) or (not np.isfinite(value)):
        raise ValueError(name + '需要有限实数标量')
    if low is not None and (value <= low if strict_low else value < low):
        raise ValueError(name + '低于允许范围')
    if high is not None and value > high:
        raise ValueError(name + '高于允许范围')

def _args(p, keys):
    expected = set(keys.split())
    if set(p) != expected:
        raise ValueError(f'参数缺失={expected - set(p)}; 未定义={set(p) - expected}')

    def finite(value):
        if isinstance(value, (bool, np.bool_)) or (isinstance(value, np.ndarray) and value.dtype.kind == 'b'):
            raise TypeError('数值参数不能使用布尔值')
        if isinstance(value, np.ndarray) and value.dtype.hasobject:
            finite(value.tolist())
        if isinstance(value, (float, complex, np.number)) and (np.iscomplexobj(value) or not np.isfinite(value)):
            raise ValueError('参数必须为有限实数')
        if isinstance(value, np.ndarray) and value.dtype.kind in 'fc' and (np.iscomplexobj(value) or not np.isfinite(value).all()):
            raise ValueError('数组参数包含复数/NaN/Inf')
        if type(value) is dict:
            for item in value.values():
                finite(item)
        if isinstance(value, (list, tuple)):
            for item in value:
                finite(item)
    for (key, value) in p.items():
        if isinstance(value, (bool, np.bool_)):
            raise TypeError(f'{key} 不接受布尔值代替数值/枚举')
        if key not in {'models', 'artifacts', 'forward', 'projs', 'montage', 'annotations'}:
            finite(value)

def _copy(x):
    if not isinstance(x, (mne.io.BaseRaw, mne.BaseEpochs)):
        raise TypeError('需要 MNE Raw/Epochs，电位单位 V')
    if isinstance(x, mne.BaseEpochs) and (not x.preload):
        raise ValueError('Epochs须已preload并记录已有drop_log，禁止普通操作隐式加载/剔除Trial')
    y = x.copy().load_data()
    values = y.get_data()
    if not values.size or np.iscomplexobj(values) or (not np.isfinite(values).all()):
        raise ValueError('空数据、复数或 NaN/Inf，先返回接入异常流程')
    return y

def _scope(s, roles=('train',)):
    if not isinstance(s, dict) or set(s) != {'role', 'ids'} or s['role'] not in roles:
        raise ValueError('scope={role,ids}；仅使用允许的训练/校准对象')
    _ids(s['ids'])

def _ids(ids):
    if not isinstance(ids, (list, tuple)) or not ids or any((not isinstance(i, str) or not i.strip() for i in ids)) or (len(set(ids)) != len(ids)):
        raise ValueError('ID 必须为非空、唯一的字符串列表')

def _integer(v, name, minimum=0):
    if isinstance(v, bool) or not isinstance(v, Integral) or v < minimum:
        raise ValueError(f'{name} 需要 >= {minimum} 的整数')

def _channels(x, names, kind='eeg'):
    _ids(names)
    valid = {n for (n, t) in zip(x.ch_names, x.get_channel_types()) if t == kind}
    if not set(names) <= valid:
        raise ValueError(f'需要已有 {kind} 通道列表')

def _signature(x):
    import hashlib
    projs = tuple(((p['desc'], int(p['kind']), bool(p['active']), tuple(p['data']['col_names']), hashlib.sha256(np.asarray(p['data']['data']).tobytes()).hexdigest()) for p in x.info['projs']))
    return (tuple(x.ch_names), tuple(x.get_channel_types()), tuple(x.info['bads']), int(x.info['custom_ref_applied']), projs)

def _model(m, kind, x=None):
    if not isinstance(m, dict) or m.get('kind') != kind:
        raise ValueError('模型种类不匹配')
    if x is not None and m['signature'] != _signature(x):
        raise ValueError('通道/顺序/bads/参考/投影与拟合数据不兼容')
    if 'estimator' not in m:
        raise ValueError('模型缺 estimator')
    return m['estimator']

def _out(data=None, model=None, **artifacts):

    def finite(v):
        if isinstance(v, (mne.io.BaseRaw, mne.BaseEpochs)):
            v = v.get_data()
        if isinstance(v, mne.time_frequency.BaseTFR):
            v = v.data
        if isinstance(v, np.ndarray) and (not v.size or not np.isfinite(v).all()):
            raise ValueError('输出为空或包含 NaN/Inf')
        if isinstance(v, (list, tuple)):
            for item in v:
                finite(item)
    finite(data)
    if isinstance(model, dict):
        finite(model.get('estimator'))
    return {'data': data, 'model': model, 'artifacts': artifacts}


def _exact(p, required='', **defaults):
    required=set(required.split())
    if required-set(p) or set(p)-required-set(defaults):
        raise ValueError(f'参数缺失={required-set(p)}; 未定义={set(p)-required-set(defaults)}')
    return dict(defaults, **p)

def _raw(x):
    y=_copy(x)
    if not isinstance(y,mne.io.BaseRaw): raise TypeError('需要连续 Raw')
    return y

def _epochs(x):
    y=_copy(x)
    if not isinstance(y,mne.BaseEpochs): raise TypeError('需要已加载 Epochs')
    return y

def _good(y, minimum=2):
    picks=mne.pick_types(y.info,eeg=True,exclude='bads')
    if len(picks)<minimum: raise ValueError(f'至少需要 {minimum} 个好 EEG 通道')
    return picks

def _ref(s):
    if not isinstance(s,str) or not s.strip(): raise ValueError('需要非空 reference_id')

def _mask(a,shape,name='mask'):
    a=np.asarray(a)
    if a.dtype.kind!='b' or a.shape!=shape: raise ValueError(f'{name} 需要形状 {shape} 的布尔数组')
    return a

def _finite_array(a,name,ndim=None):
    a=np.asarray(a)
    if a.dtype.kind not in 'fiu' or not np.isfinite(a).all() or (ndim is not None and a.ndim!=ndim):
        raise ValueError(name+'需要有限实数数组')
    return a.astype(float,copy=False)

def _same(model,kind,y,reference_id):
    est=_model(model,kind,y)
    if model.get('reference_id')!=reference_id or model.get('sfreq',float(y.info['sfreq']))!=float(y.info['sfreq']):
        raise ValueError('参考/采样率与模型不匹配')
    return est

def _fitted(kind,est,y,scope,reference_id,**extra):
    return dict(kind=kind,estimator=est,signature=_signature(y),sfreq=float(y.info['sfreq']),scope=scope,reference_id=reference_id,**extra)

def _probs(v,n):
    a=_finite_array(v,'probabilities',2)
    if a.shape!=(n,7) or np.any(a<0) or np.any(a>1) or not np.allclose(a.sum(1),1,atol=1e-5):
        raise ValueError('probabilities 需要 IC×7 概率且逐行和为 1')
    return a
from copy import deepcopy
from importlib.metadata import version

def eeg_asr(op,x,model=None,**p):
    y=_raw(x)
    if op=='asr_fit':
        if model is not None:raise ValueError('fit 不接受模型')
        p=_exact(p,'scope reference_id start stop',cutoff=20.,blocksize=100,win_len=.5,win_overlap=.66,max_dropout_fraction=.1,min_clean_fraction=.25,max_bad_chans=.1)
        _scope(p['scope'],('train','calibration'));_ref(p['reference_id'])
        _integer(p['start'],'start');_integer(p['stop'],'stop',1)
        if not 0<=p['start']<p['stop']<=y.n_times:raise ValueError('start/stop 是当前记录的半开样点区间')
        if y.info['highpass']<.5:raise ValueError('ASR 校准需要至少 0.5 Hz 高通')
        if (p['stop']-p['start'])/y.info['sfreq']<30:raise ValueError('ASR 校准至少需要 30 秒')
        _number(p['cutoff'],'cutoff',0,strict_low=True);_integer(p['blocksize'],'blocksize',1);_number(p['win_len'],'win_len',0,strict_low=True)
        for name in ('win_overlap','max_dropout_fraction','max_bad_chans'):_number(p[name],name,0,1)
        if p['win_overlap']>=1:raise ValueError('win_overlap 必须小于 1')
        _number(p['min_clean_fraction'],'min_clean_fraction',0,1,True)
        if p['win_len']*y.info['sfreq']<2:raise ValueError('窗口至少 2 个样点')
        if round(p['win_len']*y.info['sfreq']*(1-p['win_overlap']))<1:raise ValueError('窗口重叠导致跳步不足 1 样点')
        if p['win_len']*y.info['sfreq']>=p['stop']-p['start']:raise ValueError('统计窗必须短于校准区间')
        if p['blocksize']>p['stop']-p['start']:raise ValueError('协方差块长不得超过校准样点数')
        picks=_good(y)
        from asrpy import ASR
        kwargs={k:p[k] for k in ('cutoff','blocksize','win_len','win_overlap','max_dropout_fraction','min_clean_fraction','max_bad_chans')}
        est=ASR(sfreq=y.info['sfreq'],method='euclid',**kwargs)
        clean,mask=est.fit(y,picks=picks,start=p['start'],stop=p['stop'],return_clean_window=True)
        if clean.shape[1]/y.info['sfreq']<30:raise ValueError('自动选择后干净校准段不足 30 秒')
        if not np.isfinite(est.M).all() or not np.isfinite(est.T).all() or np.linalg.matrix_rank(est.M)!=len(picks):raise ValueError('ASR 校准协方差退化')
        fitted=_fitted('asr',est,y,p['scope'],p['reference_id'],picks=picks)
        sample_mask=np.zeros(y.n_times,bool);sample_mask[p['start']:p['stop']]=np.asarray(mask,bool).ravel()
        return _out(y,fitted,calibration_mask=sample_mask,calibration_samples=np.flatnonzero(sample_mask),mixing=est.M.copy(),threshold_matrix=est.T.copy(),params=kwargs,version=version('asrpy'))
    if op=='asr_apply':
        p=_exact(p,'reference_id',lookahead=.25,stepsize=32,maxdims=.66,mem_splits=1)
        est=_same(model,'asr',y,p['reference_id'])
        _number(p['lookahead'],'lookahead',0,est.win_len/2,True)
        if int(p['lookahead']*y.info['sfreq'])<1:raise ValueError('asrpy 离线校正需要至少 1 样点 lookahead')
        _integer(p['stepsize'],'stepsize',1);_integer(p['mem_splits'],'mem_splits',1);_number(p['maxdims'],'maxdims',0,len(model['picks']),True)
        if p['stepsize']>est.win_len*y.info['sfreq']:raise ValueError('stepsize 不得大于统计窗')
        if y.n_times<p['mem_splits']*max(2,p['stepsize']):raise ValueError('每个内存分块至少容纳一个更新步长')
        before=y.get_data()
        y=deepcopy(est).transform(y,picks=model['picks'],lookahead=p['lookahead'],stepsize=p['stepsize'],maxdims=p['maxdims'],mem_splits=p['mem_splits'])
        removed=before-y.get_data();edge=int(p['lookahead']*y.info['sfreq'])
        return _out(y,model,removed=removed,changed_samples=np.any(removed!=0,axis=0),edge_padding_samples=edge,mode='correction',params=p)
    raise NotImplementedError(op)
",伪迹子空间重建 ASR｜干净窗选择、欧氏校准及连续信号重建。,校准样点/mask、混合及阈值矩阵、版本；removed、changed_samples、末端补零样点数。,校准矩阵有限且满秩；应用同一通道、采样率、参考；输出样点数保持。,真实校准与注入 burst 校正通过；数值与直接 asrpy 调用一致；时长及 model 身份保持。,
EEG-WICA,连续 EEG 电位（V）、冻结的 MNE ICA（noise_cov=None）、绑定 component_id 的 IC×7 概率；targeted 另需逐 IC×样点的最终 Eye 平滑权重和决定来源。,同形校正波形和原 ICA model；按 EEGLAB 未减均值激活保留原成分、移除成分及校正成分。,"wica_apply: variant=ordinary|targeted、probabilities、component_id、decision_id、reference_id 必填。thresholds=七个 0；clean_other=no|yes。targeted 另接收 extra_eye=None 或 IC 布尔掩码；eye_weights∈[0,1]（IC×sample）、line_freq=None|45–65 Hz、muscle_slope=-0.31。固定 coif5、SWT 5 层、补零至 32 倍数、ddencmp Haar MAD 阈值、全系数软阈值；targeted Eye 阈值×2，再乘 Eye 权重；所有 IC 的 7–70 Hz 谱斜率达到阈值时以 2 阶 15 Hz 零相位高通覆盖移除分量。","# Python 3.12 | MNE 1.10.2 | NumPy 1.26.4 | SciPy 1.15.3 | scikit-learn 1.6.1
import numpy as np
import mne
import warnings
from sklearn.exceptions import ConvergenceWarning
from numbers import Integral, Real

def _number(value, name, low=None, high=None, strict_low=False):
    if isinstance(value, (bool, np.bool_)) or not isinstance(value, Real) or (not np.isfinite(value)):
        raise ValueError(name + '需要有限实数标量')
    if low is not None and (value <= low if strict_low else value < low):
        raise ValueError(name + '低于允许范围')
    if high is not None and value > high:
        raise ValueError(name + '高于允许范围')

def _args(p, keys):
    expected = set(keys.split())
    if set(p) != expected:
        raise ValueError(f'参数缺失={expected - set(p)}; 未定义={set(p) - expected}')

    def finite(value):
        if isinstance(value, (bool, np.bool_)) or (isinstance(value, np.ndarray) and value.dtype.kind == 'b'):
            raise TypeError('数值参数不能使用布尔值')
        if isinstance(value, np.ndarray) and value.dtype.hasobject:
            finite(value.tolist())
        if isinstance(value, (float, complex, np.number)) and (np.iscomplexobj(value) or not np.isfinite(value)):
            raise ValueError('参数必须为有限实数')
        if isinstance(value, np.ndarray) and value.dtype.kind in 'fc' and (np.iscomplexobj(value) or not np.isfinite(value).all()):
            raise ValueError('数组参数包含复数/NaN/Inf')
        if type(value) is dict:
            for item in value.values():
                finite(item)
        if isinstance(value, (list, tuple)):
            for item in value:
                finite(item)
    for (key, value) in p.items():
        if isinstance(value, (bool, np.bool_)):
            raise TypeError(f'{key} 不接受布尔值代替数值/枚举')
        if key not in {'models', 'artifacts', 'forward', 'projs', 'montage', 'annotations'}:
            finite(value)

def _copy(x):
    if not isinstance(x, (mne.io.BaseRaw, mne.BaseEpochs)):
        raise TypeError('需要 MNE Raw/Epochs，电位单位 V')
    if isinstance(x, mne.BaseEpochs) and (not x.preload):
        raise ValueError('Epochs须已preload并记录已有drop_log，禁止普通操作隐式加载/剔除Trial')
    y = x.copy().load_data()
    values = y.get_data()
    if not values.size or np.iscomplexobj(values) or (not np.isfinite(values).all()):
        raise ValueError('空数据、复数或 NaN/Inf，先返回接入异常流程')
    return y

def _scope(s, roles=('train',)):
    if not isinstance(s, dict) or set(s) != {'role', 'ids'} or s['role'] not in roles:
        raise ValueError('scope={role,ids}；仅使用允许的训练/校准对象')
    _ids(s['ids'])

def _ids(ids):
    if not isinstance(ids, (list, tuple)) or not ids or any((not isinstance(i, str) or not i.strip() for i in ids)) or (len(set(ids)) != len(ids)):
        raise ValueError('ID 必须为非空、唯一的字符串列表')

def _integer(v, name, minimum=0):
    if isinstance(v, bool) or not isinstance(v, Integral) or v < minimum:
        raise ValueError(f'{name} 需要 >= {minimum} 的整数')

def _channels(x, names, kind='eeg'):
    _ids(names)
    valid = {n for (n, t) in zip(x.ch_names, x.get_channel_types()) if t == kind}
    if not set(names) <= valid:
        raise ValueError(f'需要已有 {kind} 通道列表')

def _signature(x):
    import hashlib
    projs = tuple(((p['desc'], int(p['kind']), bool(p['active']), tuple(p['data']['col_names']), hashlib.sha256(np.asarray(p['data']['data']).tobytes()).hexdigest()) for p in x.info['projs']))
    return (tuple(x.ch_names), tuple(x.get_channel_types()), tuple(x.info['bads']), int(x.info['custom_ref_applied']), projs)

def _model(m, kind, x=None):
    if not isinstance(m, dict) or m.get('kind') != kind:
        raise ValueError('模型种类不匹配')
    if x is not None and m['signature'] != _signature(x):
        raise ValueError('通道/顺序/bads/参考/投影与拟合数据不兼容')
    if 'estimator' not in m:
        raise ValueError('模型缺 estimator')
    return m['estimator']

def _out(data=None, model=None, **artifacts):

    def finite(v):
        if isinstance(v, (mne.io.BaseRaw, mne.BaseEpochs)):
            v = v.get_data()
        if isinstance(v, mne.time_frequency.BaseTFR):
            v = v.data
        if isinstance(v, np.ndarray) and (not v.size or not np.isfinite(v).all()):
            raise ValueError('输出为空或包含 NaN/Inf')
        if isinstance(v, (list, tuple)):
            for item in v:
                finite(item)
    finite(data)
    if isinstance(model, dict):
        finite(model.get('estimator'))
    return {'data': data, 'model': model, 'artifacts': artifacts}


def _exact(p, required='', **defaults):
    required=set(required.split())
    if required-set(p) or set(p)-required-set(defaults):
        raise ValueError(f'参数缺失={required-set(p)}; 未定义={set(p)-required-set(defaults)}')
    return dict(defaults, **p)

def _raw(x):
    y=_copy(x)
    if not isinstance(y,mne.io.BaseRaw): raise TypeError('需要连续 Raw')
    return y

def _epochs(x):
    y=_copy(x)
    if not isinstance(y,mne.BaseEpochs): raise TypeError('需要已加载 Epochs')
    return y

def _good(y, minimum=2):
    picks=mne.pick_types(y.info,eeg=True,exclude='bads')
    if len(picks)<minimum: raise ValueError(f'至少需要 {minimum} 个好 EEG 通道')
    return picks

def _ref(s):
    if not isinstance(s,str) or not s.strip(): raise ValueError('需要非空 reference_id')

def _mask(a,shape,name='mask'):
    a=np.asarray(a)
    if a.dtype.kind!='b' or a.shape!=shape: raise ValueError(f'{name} 需要形状 {shape} 的布尔数组')
    return a

def _finite_array(a,name,ndim=None):
    a=np.asarray(a)
    if a.dtype.kind not in 'fiu' or not np.isfinite(a).all() or (ndim is not None and a.ndim!=ndim):
        raise ValueError(name+'需要有限实数数组')
    return a.astype(float,copy=False)

def _same(model,kind,y,reference_id):
    est=_model(model,kind,y)
    if model.get('reference_id')!=reference_id or model.get('sfreq',float(y.info['sfreq']))!=float(y.info['sfreq']):
        raise ValueError('参考/采样率与模型不匹配')
    return est

def _fitted(kind,est,y,scope,reference_id,**extra):
    return dict(kind=kind,estimator=est,signature=_signature(y),sfreq=float(y.info['sfreq']),scope=scope,reference_id=reference_id,**extra)

def _probs(v,n):
    a=_finite_array(v,'probabilities',2)
    if a.shape!=(n,7) or np.any(a<0) or np.any(a>1) or not np.allclose(a.sum(1),1,atol=1e-5):
        raise ValueError('probabilities 需要 IC×7 概率且逐行和为 1')
    return a
# RELAX v2.0.1 formula port, GPL-3.0-or-later; original: Neil Bailey et al.
# Source: 318300217bdb7ed47a19a892fed16690c5bb77b4, RELAX_targeted_wICA.m.
import hashlib
import json

def _identity_value(value):
    if isinstance(value,np.ndarray):
        if value.dtype.hasobject:raise TypeError('ICA identity cannot encode object arrays')
        if value.dtype.kind in 'fc' and not np.isfinite(value).all():raise ValueError('ICA identity parameters must be finite')
        return {'__ndarray__':{'dtype':value.dtype.str,'shape':list(value.shape),'sha256':hashlib.sha256(np.ascontiguousarray(value).tobytes()).hexdigest()}}
    if isinstance(value,np.generic):return _identity_value(value.item())
    if value is None or isinstance(value,(str,bool,int)):return value
    if isinstance(value,float):
        if not np.isfinite(value):raise ValueError('ICA identity parameters must be finite')
        return value
    if isinstance(value,(list,tuple)):return [_identity_value(v) for v in value]
    if isinstance(value,dict):
        if any(not isinstance(k,str) for k in value):raise TypeError('ICA identity dictionary keys must be strings')
        return {k:_identity_value(value[k]) for k in sorted(value)}
    raise TypeError('Unsupported ICA identity parameter type: '+type(value).__name__)

def _component_id(ic):
    metadata=dict(method=ic.method,n_components=int(ic.n_components_),fit_params=ic.fit_params,ch_names=ic.ch_names)
    h=hashlib.sha256(json.dumps(_identity_value(metadata),sort_keys=True,allow_nan=False).encode())
    for a in (ic.unmixing_matrix_,ic.mixing_matrix_,ic.pca_components_,ic.pre_whitener_,ic.pca_mean_):
        h.update(str(np.shape(a)).encode());h.update(np.asarray(a,dtype='<f8').tobytes())
    h.update('\0'.join(ic.ch_names).encode())
    return h.hexdigest()


def _source_maps(ic,y):
    if ic.noise_cov is not None: raise ValueError('此适配器要求 ICA noise_cov=None')
    # EEGLAB activations are W @ data, without subtracting ICA fitting means.
    values=y.get_data(picks=ic.ch_names)/ic.pre_whitener_
    S=(ic.unmixing_matrix_@ic.pca_components_[:ic.n_components_])@values
    A=ic.get_components()*ic.pre_whitener_
    return S,A

def _wavelet_artifact(s, multiplier):
    import pywt
    n=len(s); padded=np.pad(s,(0,(-n)%32))
    # ddencmp('den','wv'): Haar detail MAD / 0.6745, universal threshold.
    _,detail=pywt.dwt(padded,'db1',mode='periodization')
    threshold=float(multiplier*np.median(np.abs(detail))/0.6745*np.sqrt(2*np.log(len(padded))))
    coeffs=pywt.swt(padded,'coif5',level=5,trim_approx=True,norm=False)
    clean_coeffs=[np.sign(a)*np.maximum(np.abs(a)-threshold,0) for a in coeffs]
    artifact=pywt.iswt(clean_coeffs,'coif5',norm=False)[:n]
    return artifact,threshold

def _relax_muscle_slopes(S,fs,line_freq):
    from scipy.signal import welch
    N=S.shape[1]
    fp,psd=welch(S,fs=fs,window=np.hamming(N),nperseg=N,noverlap=N//2,nfft=N,detrend=False,axis=-1)
    freq=np.arange(1.,100.01,.5)
    bins=np.stack([psd[:,np.argmin(abs(fp-(f-.25))):np.argmin(abs(fp-(f+.25)))+1].mean(1) for f in freq],axis=1)
    keep=(freq>=7)&(freq<=70)
    if line_freq is not None:
        indices=np.flatnonzero(keep);selected=freq[indices]
        lo=np.argmin(abs(selected-(line_freq-2)));hi=np.argmin(abs(selected-(line_freq+2)))
        keep[indices[lo:hi+1]]=False
    if np.any(bins[:,keep]<=0): raise ValueError('IC 的谱功率退化，无法计算 log-log 肌电斜率')
    slopes=np.polyfit(np.log(freq[keep]),np.log(bins[:,keep]).T,1)[0]
    return slopes,freq,bins

def eeg_wica(op,x,model=None,**p):
    if op!='wica_apply': raise NotImplementedError(op)
    y=_raw(x)
    if p.get('variant')=='ordinary' and set(p)&{'eye_weights','extra_eye','line_freq','muscle_slope'}:
        raise ValueError('ordinary 不接受 targeted 眼动/肌电参数')
    p=_exact(p,'variant probabilities component_id decision_id reference_id',
        thresholds=(0.,)*7,clean_other='no',eye_weights=None,extra_eye=None,line_freq=None,muscle_slope=-.31)
    ic=_same(model,'ica',y,p['reference_id'])
    if p['component_id']!=_component_id(ic): raise ValueError('分类决定不属于当前 ICA')
    _ref(p['decision_id'])
    if p['variant'] not in ('ordinary','targeted'): raise ValueError('variant=ordinary|targeted')
    if p['clean_other'] not in ('no','yes'): raise ValueError('clean_other=no|yes')
    probabilities=_probs(p['probabilities'],ic.n_components_)
    thresholds=_finite_array(p['thresholds'],'thresholds',1)
    if thresholds.shape!=(7,) or np.any((thresholds<0)|(thresholds>1)): raise ValueError('七类阈值须在 [0,1]')
    masked=np.where(probabilities>=thresholds,probabilities,0.)
    labels=masked.argmax(1) # all zero ties select brain, matching MATLAB max.
    candidates=(labels!=0) if p['clean_other']=='yes' else np.isin(labels,[1,2])
    eyes=labels==2
    if p['extra_eye'] is not None:
        extra=_mask(p['extra_eye'],(ic.n_components_,),'extra_eye')
        if p['variant']!='targeted': raise ValueError('extra_eye 仅用于 targeted')
        eyes=eyes|extra;candidates=candidates|extra
    S,A=_source_maps(ic,y)
    if S.shape[1]<32: raise ValueError('wICA 至少需要 32 样点')
    artifact=np.zeros_like(S);levels=np.zeros(len(S))
    for k in np.flatnonzero(candidates):
        artifact[k],levels[k]=_wavelet_artifact(S[k],2 if p['variant']=='targeted' and eyes[k] else 1)
    slopes=None;muscles=np.zeros(len(S),dtype=bool);freq=None;bins=None
    if p['variant']=='targeted':
        if y.info['sfreq']<250 or y.info['lowpass']<75: raise ValueError('targeted 肌电检测要求采样率≥250 Hz、输入低通≥75 Hz')
        weights=_finite_array(p['eye_weights'],'eye_weights',2)
        if weights.shape!=S.shape or np.any((weights<0)|(weights>1)): raise ValueError('eye_weights 需要 IC×sample 且范围 [0,1]')
        _number(p['muscle_slope'],'muscle_slope')
        if p['line_freq'] is not None: _number(p['line_freq'],'line_freq',45,65)
        artifact[eyes]*=weights[eyes]
        slopes,freq,bins=_relax_muscle_slopes(S,y.info['sfreq'],p['line_freq'])
        muscles=slopes>=p['muscle_slope']
        if muscles.any():
            from scipy.signal import butter,filtfilt
            b,a=butter(2,15/(y.info['sfreq']/2),'highpass')
            # MATLAB filtfilt's odd extension length, 3*(filter order).
            artifact[muscles]=filtfilt(b,a,S[muscles],axis=-1,padlen=3*(max(len(a),len(b))-1))
    elif p['eye_weights'] is not None or p['line_freq'] is not None or p['extra_eye'] is not None:
        raise ValueError('ordinary 不接受 targeted 的眼动/肌电参数')
    removed=A@artifact
    picks=[y.ch_names.index(n) for n in ic.ch_names]
    y._data[picks]-=removed
    return _out(y,model,component_id=p['component_id'],decision_id=p['decision_id'],labels=labels,
        wavelet_candidates=candidates,eyes=eyes,muscle_candidates=muscles,muscle_slopes=slopes,
        thresholds=levels,original_components=S,artifact_components=artifact,cleaned_components=S-artifact,
        removed=removed,eye_weights=p['eye_weights'],spectral_frequencies=freq,spectral_power=bins,
        variant=p['variant'],source_commit='318300217bdb7ed47a19a892fed16690c5bb77b4')
",wICA｜RELAX ordinary 与 targeted 的小波估计、Eye 时段加权、肌电覆盖和通道回投。,成分身份、类别、候选、阈值、Eye 权重、肌电斜率/频谱、原/伪迹/校正成分、removed、来源 commit。,概率、时轴与 ICA 身份一致；targeted 采样率≥250 Hz 且输入低通≥75 Hz；输出有限。,独立 Haar 阈值、六组 SWT 周期卷积系数及 frame-adjoint 逆变换通过；空目标恒等、Eye×2/时间权重、所有 IC 肌电覆盖和实际通道回投通过。,
EEG-CCA,连续 EEG 电位（V），好 EEG 及参考稳定，原/延迟协方差满秩；成分排除由独立决定提供。,fit 保持波形并返回 CCA model；apply 返回同形校正波形和原 model。,"cca_fit: scope={role:train|calibration,ids}、reference_id 必填；lags=1（正整数，以样点计）。用 1…lags 的单边延迟，开头补零，中心化样本协方差，无正则。cca_apply: exclude 唯一组件索引列表、reference_id、decision_id。","# Python 3.12 | MNE 1.10.2 | NumPy 1.26.4 | SciPy 1.15.3 | scikit-learn 1.6.1
import numpy as np
import mne
import warnings
from sklearn.exceptions import ConvergenceWarning
from numbers import Integral, Real

def _number(value, name, low=None, high=None, strict_low=False):
    if isinstance(value, (bool, np.bool_)) or not isinstance(value, Real) or (not np.isfinite(value)):
        raise ValueError(name + '需要有限实数标量')
    if low is not None and (value <= low if strict_low else value < low):
        raise ValueError(name + '低于允许范围')
    if high is not None and value > high:
        raise ValueError(name + '高于允许范围')

def _args(p, keys):
    expected = set(keys.split())
    if set(p) != expected:
        raise ValueError(f'参数缺失={expected - set(p)}; 未定义={set(p) - expected}')

    def finite(value):
        if isinstance(value, (bool, np.bool_)) or (isinstance(value, np.ndarray) and value.dtype.kind == 'b'):
            raise TypeError('数值参数不能使用布尔值')
        if isinstance(value, np.ndarray) and value.dtype.hasobject:
            finite(value.tolist())
        if isinstance(value, (float, complex, np.number)) and (np.iscomplexobj(value) or not np.isfinite(value)):
            raise ValueError('参数必须为有限实数')
        if isinstance(value, np.ndarray) and value.dtype.kind in 'fc' and (np.iscomplexobj(value) or not np.isfinite(value).all()):
            raise ValueError('数组参数包含复数/NaN/Inf')
        if type(value) is dict:
            for item in value.values():
                finite(item)
        if isinstance(value, (list, tuple)):
            for item in value:
                finite(item)
    for (key, value) in p.items():
        if isinstance(value, (bool, np.bool_)):
            raise TypeError(f'{key} 不接受布尔值代替数值/枚举')
        if key not in {'models', 'artifacts', 'forward', 'projs', 'montage', 'annotations'}:
            finite(value)

def _copy(x):
    if not isinstance(x, (mne.io.BaseRaw, mne.BaseEpochs)):
        raise TypeError('需要 MNE Raw/Epochs，电位单位 V')
    if isinstance(x, mne.BaseEpochs) and (not x.preload):
        raise ValueError('Epochs须已preload并记录已有drop_log，禁止普通操作隐式加载/剔除Trial')
    y = x.copy().load_data()
    values = y.get_data()
    if not values.size or np.iscomplexobj(values) or (not np.isfinite(values).all()):
        raise ValueError('空数据、复数或 NaN/Inf，先返回接入异常流程')
    return y

def _scope(s, roles=('train',)):
    if not isinstance(s, dict) or set(s) != {'role', 'ids'} or s['role'] not in roles:
        raise ValueError('scope={role,ids}；仅使用允许的训练/校准对象')
    _ids(s['ids'])

def _ids(ids):
    if not isinstance(ids, (list, tuple)) or not ids or any((not isinstance(i, str) or not i.strip() for i in ids)) or (len(set(ids)) != len(ids)):
        raise ValueError('ID 必须为非空、唯一的字符串列表')

def _integer(v, name, minimum=0):
    if isinstance(v, bool) or not isinstance(v, Integral) or v < minimum:
        raise ValueError(f'{name} 需要 >= {minimum} 的整数')

def _channels(x, names, kind='eeg'):
    _ids(names)
    valid = {n for (n, t) in zip(x.ch_names, x.get_channel_types()) if t == kind}
    if not set(names) <= valid:
        raise ValueError(f'需要已有 {kind} 通道列表')

def _signature(x):
    import hashlib
    projs = tuple(((p['desc'], int(p['kind']), bool(p['active']), tuple(p['data']['col_names']), hashlib.sha256(np.asarray(p['data']['data']).tobytes()).hexdigest()) for p in x.info['projs']))
    return (tuple(x.ch_names), tuple(x.get_channel_types()), tuple(x.info['bads']), int(x.info['custom_ref_applied']), projs)

def _model(m, kind, x=None):
    if not isinstance(m, dict) or m.get('kind') != kind:
        raise ValueError('模型种类不匹配')
    if x is not None and m['signature'] != _signature(x):
        raise ValueError('通道/顺序/bads/参考/投影与拟合数据不兼容')
    if 'estimator' not in m:
        raise ValueError('模型缺 estimator')
    return m['estimator']

def _out(data=None, model=None, **artifacts):

    def finite(v):
        if isinstance(v, (mne.io.BaseRaw, mne.BaseEpochs)):
            v = v.get_data()
        if isinstance(v, mne.time_frequency.BaseTFR):
            v = v.data
        if isinstance(v, np.ndarray) and (not v.size or not np.isfinite(v).all()):
            raise ValueError('输出为空或包含 NaN/Inf')
        if isinstance(v, (list, tuple)):
            for item in v:
                finite(item)
    finite(data)
    if isinstance(model, dict):
        finite(model.get('estimator'))
    return {'data': data, 'model': model, 'artifacts': artifacts}


def _exact(p, required='', **defaults):
    required=set(required.split())
    if required-set(p) or set(p)-required-set(defaults):
        raise ValueError(f'参数缺失={required-set(p)}; 未定义={set(p)-required-set(defaults)}')
    return dict(defaults, **p)

def _raw(x):
    y=_copy(x)
    if not isinstance(y,mne.io.BaseRaw): raise TypeError('需要连续 Raw')
    return y

def _epochs(x):
    y=_copy(x)
    if not isinstance(y,mne.BaseEpochs): raise TypeError('需要已加载 Epochs')
    return y

def _good(y, minimum=2):
    picks=mne.pick_types(y.info,eeg=True,exclude='bads')
    if len(picks)<minimum: raise ValueError(f'至少需要 {minimum} 个好 EEG 通道')
    return picks

def _ref(s):
    if not isinstance(s,str) or not s.strip(): raise ValueError('需要非空 reference_id')

def _mask(a,shape,name='mask'):
    a=np.asarray(a)
    if a.dtype.kind!='b' or a.shape!=shape: raise ValueError(f'{name} 需要形状 {shape} 的布尔数组')
    return a

def _finite_array(a,name,ndim=None):
    a=np.asarray(a)
    if a.dtype.kind not in 'fiu' or not np.isfinite(a).all() or (ndim is not None and a.ndim!=ndim):
        raise ValueError(name+'需要有限实数数组')
    return a.astype(float,copy=False)

def _same(model,kind,y,reference_id):
    est=_model(model,kind,y)
    if model.get('reference_id')!=reference_id or model.get('sfreq',float(y.info['sfreq']))!=float(y.info['sfreq']):
        raise ValueError('参考/采样率与模型不匹配')
    return est

def _fitted(kind,est,y,scope,reference_id,**extra):
    return dict(kind=kind,estimator=est,signature=_signature(y),sfreq=float(y.info['sfreq']),scope=scope,reference_id=reference_id,**extra)

def _probs(v,n):
    a=_finite_array(v,'probabilities',2)
    if a.shape!=(n,7) or np.any(a<0) or np.any(a>1) or not np.allclose(a.sum(1),1,atol=1e-5):
        raise ValueError('probabilities 需要 IC×7 概率且逐行和为 1')
    return a
from scipy import linalg

def _lagged(a,lags,spacing=1,single=True):
    blocks=[]
    for lag in range(0 if single else -lags,lags+1):
        shift=lag*spacing;b=np.roll(a,shift,axis=1)
        if shift>0:b[:,:shift]=0
        elif shift<0:b[:,shift:]=0
        blocks.append(b)
    return np.vstack(blocks)

def _inverse_sqrt(a):
    v,q=linalg.eigh(a)
    if v[0]<=v[-1]*1e-12: raise ValueError('协方差秩不足；先处理坏道或降低延迟维度')
    return (q/np.sqrt(v))@q.T

def eeg_cca(op,x,model=None,**p):
    y=_raw(x)
    if op=='cca_fit':
        if model is not None: raise ValueError('fit 不接受已有模型')
        p=_exact(p,'scope reference_id',lags=1)
        _scope(p['scope'],('train','calibration'));_ref(p['reference_id']);_integer(p['lags'],'lags',1)
        picks=_good(y);a=y.get_data(picks=picks);c,n=a.shape
        if p['lags']>=n or n<=c*p['lags']+1: raise ValueError('样点不足以估计延迟协方差')
        delayed=_lagged(a,p['lags'])[c:]
        ac=a-a.mean(1,keepdims=True);bc=delayed-delayed.mean(1,keepdims=True)
        Cxx=ac@ac.T/(n-1);Cyy=bc@bc.T/(n-1);Cxy=ac@bc.T/(n-1)
        ix=_inverse_sqrt(Cxx);iy=_inverse_sqrt(Cyy)
        U,s,Vt=linalg.svd(ix@Cxy@iy,full_matrices=False)
        W=U.T@ix;A=linalg.inv(W)
        est=dict(unmixing=W,mixing=A,correlations=np.clip(s,0,1),picks=picks,lags=p['lags'])
        fitted=_fitted('cca',est,y,p['scope'],p['reference_id'])
        return _out(y,fitted,canonical_correlations=est['correlations'],components=W@a)
    if op=='cca_apply':
        p=_exact(p,'exclude reference_id decision_id');est=_same(model,'cca',y,p['reference_id']);_ref(p['decision_id'])
        exclude=p['exclude']
        if not isinstance(exclude,(list,tuple)) or len(set(exclude))!=len(exclude): raise ValueError('exclude 需要唯一整数列表')
        for k in exclude:_integer(k,'exclude')
        if any(k>=len(est['picks']) for k in exclude): raise ValueError('CCA 成分索引越界')
        components=est['unmixing']@y.get_data(picks=est['picks'])
        removed=est['mixing'][:,exclude]@components[exclude]
        y._data[est['picks']]-=removed
        return _out(y,model,removed=removed,exclude=list(exclude),decision_id=p['decision_id'],components=components)
    raise NotImplementedError(op)
",延迟 CCA 去伪迹｜分解零延迟与历史信号的典型相关；按固定排除集合回投移除分量。,canonical_correlations、components、混合/解混矩阵；apply 返回 removed、exclude 和决定身份。,协方差满秩且输入兼容；排除索引有效；未排除成分保持。,典型相关及选定分量回投与独立 QR canoncorr 计算一致；空排除恒等。,
EEG-MWF,连续 EEG 电位（V）、逐样点伪迹 mask（1=伪迹、0=干净、NaN=按策略），两类样点足以估计延迟协方差。,fit 保持波形并返回 MWF model；apply 返回同形校正波形及原 model。,"mwf_fit: mask、mask_id、scope={role:train|calibration,ids}、reference_id 必填；delay=0、delay_spacing=1（样点）、singlesided=False、rank=poseig|full|pct|first、rankopt=1、treatnans=ignore|artifact|clean、mu=1（≥1）。零延拓延迟，样本协方差、GEVD，无额外正则。mwf_apply: reference_id；使用当前记录均值中心化及零延拓，再移除估计伪迹。","# Python 3.12 | MNE 1.10.2 | NumPy 1.26.4 | SciPy 1.15.3 | scikit-learn 1.6.1
import numpy as np
import mne
import warnings
from sklearn.exceptions import ConvergenceWarning
from numbers import Integral, Real

def _number(value, name, low=None, high=None, strict_low=False):
    if isinstance(value, (bool, np.bool_)) or not isinstance(value, Real) or (not np.isfinite(value)):
        raise ValueError(name + '需要有限实数标量')
    if low is not None and (value <= low if strict_low else value < low):
        raise ValueError(name + '低于允许范围')
    if high is not None and value > high:
        raise ValueError(name + '高于允许范围')

def _args(p, keys):
    expected = set(keys.split())
    if set(p) != expected:
        raise ValueError(f'参数缺失={expected - set(p)}; 未定义={set(p) - expected}')

    def finite(value):
        if isinstance(value, (bool, np.bool_)) or (isinstance(value, np.ndarray) and value.dtype.kind == 'b'):
            raise TypeError('数值参数不能使用布尔值')
        if isinstance(value, np.ndarray) and value.dtype.hasobject:
            finite(value.tolist())
        if isinstance(value, (float, complex, np.number)) and (np.iscomplexobj(value) or not np.isfinite(value)):
            raise ValueError('参数必须为有限实数')
        if isinstance(value, np.ndarray) and value.dtype.kind in 'fc' and (np.iscomplexobj(value) or not np.isfinite(value).all()):
            raise ValueError('数组参数包含复数/NaN/Inf')
        if type(value) is dict:
            for item in value.values():
                finite(item)
        if isinstance(value, (list, tuple)):
            for item in value:
                finite(item)
    for (key, value) in p.items():
        if isinstance(value, (bool, np.bool_)):
            raise TypeError(f'{key} 不接受布尔值代替数值/枚举')
        if key not in {'models', 'artifacts', 'forward', 'projs', 'montage', 'annotations'}:
            finite(value)

def _copy(x):
    if not isinstance(x, (mne.io.BaseRaw, mne.BaseEpochs)):
        raise TypeError('需要 MNE Raw/Epochs，电位单位 V')
    if isinstance(x, mne.BaseEpochs) and (not x.preload):
        raise ValueError('Epochs须已preload并记录已有drop_log，禁止普通操作隐式加载/剔除Trial')
    y = x.copy().load_data()
    values = y.get_data()
    if not values.size or np.iscomplexobj(values) or (not np.isfinite(values).all()):
        raise ValueError('空数据、复数或 NaN/Inf，先返回接入异常流程')
    return y

def _scope(s, roles=('train',)):
    if not isinstance(s, dict) or set(s) != {'role', 'ids'} or s['role'] not in roles:
        raise ValueError('scope={role,ids}；仅使用允许的训练/校准对象')
    _ids(s['ids'])

def _ids(ids):
    if not isinstance(ids, (list, tuple)) or not ids or any((not isinstance(i, str) or not i.strip() for i in ids)) or (len(set(ids)) != len(ids)):
        raise ValueError('ID 必须为非空、唯一的字符串列表')

def _integer(v, name, minimum=0):
    if isinstance(v, bool) or not isinstance(v, Integral) or v < minimum:
        raise ValueError(f'{name} 需要 >= {minimum} 的整数')

def _channels(x, names, kind='eeg'):
    _ids(names)
    valid = {n for (n, t) in zip(x.ch_names, x.get_channel_types()) if t == kind}
    if not set(names) <= valid:
        raise ValueError(f'需要已有 {kind} 通道列表')

def _signature(x):
    import hashlib
    projs = tuple(((p['desc'], int(p['kind']), bool(p['active']), tuple(p['data']['col_names']), hashlib.sha256(np.asarray(p['data']['data']).tobytes()).hexdigest()) for p in x.info['projs']))
    return (tuple(x.ch_names), tuple(x.get_channel_types()), tuple(x.info['bads']), int(x.info['custom_ref_applied']), projs)

def _model(m, kind, x=None):
    if not isinstance(m, dict) or m.get('kind') != kind:
        raise ValueError('模型种类不匹配')
    if x is not None and m['signature'] != _signature(x):
        raise ValueError('通道/顺序/bads/参考/投影与拟合数据不兼容')
    if 'estimator' not in m:
        raise ValueError('模型缺 estimator')
    return m['estimator']

def _out(data=None, model=None, **artifacts):

    def finite(v):
        if isinstance(v, (mne.io.BaseRaw, mne.BaseEpochs)):
            v = v.get_data()
        if isinstance(v, mne.time_frequency.BaseTFR):
            v = v.data
        if isinstance(v, np.ndarray) and (not v.size or not np.isfinite(v).all()):
            raise ValueError('输出为空或包含 NaN/Inf')
        if isinstance(v, (list, tuple)):
            for item in v:
                finite(item)
    finite(data)
    if isinstance(model, dict):
        finite(model.get('estimator'))
    return {'data': data, 'model': model, 'artifacts': artifacts}


def _exact(p, required='', **defaults):
    required=set(required.split())
    if required-set(p) or set(p)-required-set(defaults):
        raise ValueError(f'参数缺失={required-set(p)}; 未定义={set(p)-required-set(defaults)}')
    return dict(defaults, **p)

def _raw(x):
    y=_copy(x)
    if not isinstance(y,mne.io.BaseRaw): raise TypeError('需要连续 Raw')
    return y

def _epochs(x):
    y=_copy(x)
    if not isinstance(y,mne.BaseEpochs): raise TypeError('需要已加载 Epochs')
    return y

def _good(y, minimum=2):
    picks=mne.pick_types(y.info,eeg=True,exclude='bads')
    if len(picks)<minimum: raise ValueError(f'至少需要 {minimum} 个好 EEG 通道')
    return picks

def _ref(s):
    if not isinstance(s,str) or not s.strip(): raise ValueError('需要非空 reference_id')

def _mask(a,shape,name='mask'):
    a=np.asarray(a)
    if a.dtype.kind!='b' or a.shape!=shape: raise ValueError(f'{name} 需要形状 {shape} 的布尔数组')
    return a

def _finite_array(a,name,ndim=None):
    a=np.asarray(a)
    if a.dtype.kind not in 'fiu' or not np.isfinite(a).all() or (ndim is not None and a.ndim!=ndim):
        raise ValueError(name+'需要有限实数数组')
    return a.astype(float,copy=False)

def _same(model,kind,y,reference_id):
    est=_model(model,kind,y)
    if model.get('reference_id')!=reference_id or model.get('sfreq',float(y.info['sfreq']))!=float(y.info['sfreq']):
        raise ValueError('参考/采样率与模型不匹配')
    return est

def _fitted(kind,est,y,scope,reference_id,**extra):
    return dict(kind=kind,estimator=est,signature=_signature(y),sfreq=float(y.info['sfreq']),scope=scope,reference_id=reference_id,**extra)

def _probs(v,n):
    a=_finite_array(v,'probabilities',2)
    if a.shape!=(n,7) or np.any(a<0) or np.any(a>1) or not np.allclose(a.sum(1),1,atol=1e-5):
        raise ValueError('probabilities 需要 IC×7 概率且逐行和为 1')
    return a
# Somers/ExpORL MWF numerical equations, source commit 85115641b36b711a4263eeb83f60e4706ea4e732.
# Numerical formulation: Somers et al., J Neural Engineering (2018), doi:10.1088/1741-2552/aaac92.
# Upstream validation reference has a KU Leuven internal academic-use license; do not redistribute vendor files.
from scipy import linalg

def _lagged(a,lags,spacing=1,single=False):
    blocks=[]
    for lag in range(0 if single else -lags,lags+1):
        shift=lag*spacing;b=np.roll(a,shift,axis=1)
        if shift>0:b[:,:shift]=0
        elif shift<0:b[:,shift:]=0
        blocks.append(b)
    return np.vstack(blocks)

def eeg_mwf(op,x,model=None,**p):
    y=_raw(x)
    if op=='mwf_fit':
        if model is not None: raise ValueError('fit 不接受模型')
        p=_exact(p,'mask scope reference_id mask_id',delay=0,delay_spacing=1,singlesided=False,rank='poseig',rankopt=1,treatnans='ignore',mu=1.)
        _scope(p['scope'],('train','calibration'));_ref(p['reference_id']);_ref(p['mask_id'])
        _integer(p['delay'],'delay');_integer(p['delay_spacing'],'delay_spacing',1);_number(p['mu'],'mu',1)
        if not isinstance(p['singlesided'],(bool,np.bool_)): raise ValueError('singlesided 需要 bool')
        picks=_good(y);a=y.get_data(picks=picks);c,n=a.shape
        if p['delay']*p['delay_spacing']>=n: raise ValueError('延迟超过记录长度')
        mask=np.asarray(p['mask'],float)
        if mask.shape!=(n,) or np.isinf(mask).any() or not np.isin(mask[np.isfinite(mask)],[0,1]).all(): raise ValueError('mask 为逐样点 0/1/NaN')
        mask=mask.copy()
        if p['treatnans']=='artifact':mask[np.isnan(mask)]=1
        elif p['treatnans']=='clean':mask[np.isnan(mask)]=0
        elif p['treatnans']!='ignore':raise ValueError('treatnans=ignore|artifact|clean')
        stacked=_lagged(a,p['delay'],p['delay_spacing'],p['singlesided']);m=len(stacked)
        if min(np.sum(mask==0),np.sum(mask==1))<=m: raise ValueError('干净/伪迹样点必须各多于延迟维度')
        Ryy=np.cov(stacked[:,mask==1]);Rnn=np.cov(stacked[:,mask==0])
        try: values,V=linalg.eigh(Ryy,Rnn)
        except linalg.LinAlgError as e:raise ValueError('MWF 干净协方差非正定，需减小延迟或处理秩') from e
        order=np.argsort(values)[::-1];values=values[order];V=V[:,order]
        if values[-1]<=values[0]*1e-12:raise ValueError('MWF 伪迹协方差秩不足')
        if not np.allclose(V.T@Rnn@V,np.eye(m),atol=1e-2):raise ValueError('MWF 广义特征向量缩放不稳定')
        Delta=V.T@(Ryy-Rnn)@V
        if p['rank']=='poseig':rank=m-int(np.sum(np.diag(Delta)<0))
        elif p['rank']=='full':rank=m
        elif p['rank']=='pct':
            _number(p['rankopt'],'rankopt',0,100,True);rank=int(np.ceil(p['rankopt']*m/100))
        elif p['rank']=='first':
            _integer(p['rankopt'],'rankopt',1);rank=p['rankopt']
            if rank>m:raise ValueError('rankopt 超过延迟维数')
        else:raise ValueError('rank=poseig|full|pct|first')
        for k in range(rank,m):Delta[k,k]=0
        W=V@np.diag(1/(values+p['mu']-1))@Delta@linalg.inv(V)
        est=dict(W=W,picks=picks,delay=p['delay'],delay_spacing=p['delay_spacing'],singlesided=p['singlesided'])
        fitted=_fitted('mwf',est,y,p['scope'],p['reference_id'],mask_id=p['mask_id'])
        return _out(y,fitted,artifact_covariance=Ryy,clean_covariance=Rnn,mask=mask,eigenvalues=values,rank=rank,
            covariance_condition=dict(artifact=np.linalg.cond(Ryy),clean=np.linalg.cond(Rnn)),params=p)
    if op=='mwf_apply':
        p=_exact(p,'reference_id');est=_same(model,'mwf',y,p['reference_id']);a=y.get_data(picks=est['picks'])
        if est['delay']*est['delay_spacing']>=a.shape[1]:raise ValueError('延迟超过目标记录长度')
        stacked=_lagged(a-a.mean(1,keepdims=True),est['delay'],est['delay_spacing'],est['singlesided'])
        c=len(a);start=0 if est['singlesided'] else est['delay']*c
        removed=est['W'][:,start:start+c].T@stacked
        y._data[est['picks']]-=removed
        return _out(y,model,removed=removed,mask_id=model['mask_id'],delay_samples=est['delay']*est['delay_spacing'])
    raise NotImplementedError(op)
",多通道 Wiener 滤波 MWF｜Somers 的延迟协方差、广义特征分解与秩约束数值实现。,伪迹/干净协方差、mask、广义特征值、秩、条件数、W、移除波形和样点延迟。,两类样点各多于延迟维度；协方差非退化、广义特征向量缩放通过；模型参考与通道一致。,双边 delay=2 的 W、移除及校正波形与作者 mwf_compute/mwf_apply 在 Octave 中一致；注入 burst 方差下降。,
EEG-AUTOREJECT,已加载 Epochs 电位（V）、Trial ID、参考和实际 CV 划分；local 坐标可插值，拟合限训练/校准集合。,fit 保持波形并返回 global/local model；apply 按固定模型拒绝或局部插值后拒绝 Epoch，返回剩余 Trial。,"autoreject_fit: mode=global|local、scope={role:train|calibration,ids}、reference_id、trial_ids、cv=[(train_indices,validation_indices),…] 必填；seed=0。local: n_interpolate=(1,4)、consensus=(0.5,0.75,1)、thresh_method=bayesian_optimization|random_search；每 Trial 至少保留 4 个 EEG。global 调用 get_rejection_threshold；local 调用 AutoReject；固定 autoreject 0.5.0、n_jobs=1。autoreject_apply: reference_id、trial_ids。","# Python 3.12 | MNE 1.10.2 | NumPy 1.26.4 | SciPy 1.15.3 | scikit-learn 1.6.1
import numpy as np
import mne
import warnings
from sklearn.exceptions import ConvergenceWarning
from numbers import Integral, Real

def _number(value, name, low=None, high=None, strict_low=False):
    if isinstance(value, (bool, np.bool_)) or not isinstance(value, Real) or (not np.isfinite(value)):
        raise ValueError(name + '需要有限实数标量')
    if low is not None and (value <= low if strict_low else value < low):
        raise ValueError(name + '低于允许范围')
    if high is not None and value > high:
        raise ValueError(name + '高于允许范围')

def _args(p, keys):
    expected = set(keys.split())
    if set(p) != expected:
        raise ValueError(f'参数缺失={expected - set(p)}; 未定义={set(p) - expected}')

    def finite(value):
        if isinstance(value, (bool, np.bool_)) or (isinstance(value, np.ndarray) and value.dtype.kind == 'b'):
            raise TypeError('数值参数不能使用布尔值')
        if isinstance(value, np.ndarray) and value.dtype.hasobject:
            finite(value.tolist())
        if isinstance(value, (float, complex, np.number)) and (np.iscomplexobj(value) or not np.isfinite(value)):
            raise ValueError('参数必须为有限实数')
        if isinstance(value, np.ndarray) and value.dtype.kind in 'fc' and (np.iscomplexobj(value) or not np.isfinite(value).all()):
            raise ValueError('数组参数包含复数/NaN/Inf')
        if type(value) is dict:
            for item in value.values():
                finite(item)
        if isinstance(value, (list, tuple)):
            for item in value:
                finite(item)
    for (key, value) in p.items():
        if isinstance(value, (bool, np.bool_)):
            raise TypeError(f'{key} 不接受布尔值代替数值/枚举')
        if key not in {'models', 'artifacts', 'forward', 'projs', 'montage', 'annotations'}:
            finite(value)

def _copy(x):
    if not isinstance(x, (mne.io.BaseRaw, mne.BaseEpochs)):
        raise TypeError('需要 MNE Raw/Epochs，电位单位 V')
    if isinstance(x, mne.BaseEpochs) and (not x.preload):
        raise ValueError('Epochs须已preload并记录已有drop_log，禁止普通操作隐式加载/剔除Trial')
    y = x.copy().load_data()
    values = y.get_data()
    if not values.size or np.iscomplexobj(values) or (not np.isfinite(values).all()):
        raise ValueError('空数据、复数或 NaN/Inf，先返回接入异常流程')
    return y

def _scope(s, roles=('train',)):
    if not isinstance(s, dict) or set(s) != {'role', 'ids'} or s['role'] not in roles:
        raise ValueError('scope={role,ids}；仅使用允许的训练/校准对象')
    _ids(s['ids'])

def _ids(ids):
    if not isinstance(ids, (list, tuple)) or not ids or any((not isinstance(i, str) or not i.strip() for i in ids)) or (len(set(ids)) != len(ids)):
        raise ValueError('ID 必须为非空、唯一的字符串列表')

def _integer(v, name, minimum=0):
    if isinstance(v, bool) or not isinstance(v, Integral) or v < minimum:
        raise ValueError(f'{name} 需要 >= {minimum} 的整数')

def _channels(x, names, kind='eeg'):
    _ids(names)
    valid = {n for (n, t) in zip(x.ch_names, x.get_channel_types()) if t == kind}
    if not set(names) <= valid:
        raise ValueError(f'需要已有 {kind} 通道列表')

def _signature(x):
    import hashlib
    projs = tuple(((p['desc'], int(p['kind']), bool(p['active']), tuple(p['data']['col_names']), hashlib.sha256(np.asarray(p['data']['data']).tobytes()).hexdigest()) for p in x.info['projs']))
    return (tuple(x.ch_names), tuple(x.get_channel_types()), tuple(x.info['bads']), int(x.info['custom_ref_applied']), projs)

def _model(m, kind, x=None):
    if not isinstance(m, dict) or m.get('kind') != kind:
        raise ValueError('模型种类不匹配')
    if x is not None and m['signature'] != _signature(x):
        raise ValueError('通道/顺序/bads/参考/投影与拟合数据不兼容')
    if 'estimator' not in m:
        raise ValueError('模型缺 estimator')
    return m['estimator']

def _out(data=None, model=None, **artifacts):

    def finite(v):
        if isinstance(v, (mne.io.BaseRaw, mne.BaseEpochs)):
            v = v.get_data()
        if isinstance(v, mne.time_frequency.BaseTFR):
            v = v.data
        if isinstance(v, np.ndarray) and (not v.size or not np.isfinite(v).all()):
            raise ValueError('输出为空或包含 NaN/Inf')
        if isinstance(v, (list, tuple)):
            for item in v:
                finite(item)
    finite(data)
    if isinstance(model, dict):
        finite(model.get('estimator'))
    return {'data': data, 'model': model, 'artifacts': artifacts}


def _exact(p, required='', **defaults):
    required=set(required.split())
    if required-set(p) or set(p)-required-set(defaults):
        raise ValueError(f'参数缺失={required-set(p)}; 未定义={set(p)-required-set(defaults)}')
    return dict(defaults, **p)

def _raw(x):
    y=_copy(x)
    if not isinstance(y,mne.io.BaseRaw): raise TypeError('需要连续 Raw')
    return y

def _epochs(x):
    y=_copy(x)
    if not isinstance(y,mne.BaseEpochs): raise TypeError('需要已加载 Epochs')
    return y

def _good(y, minimum=2):
    picks=mne.pick_types(y.info,eeg=True,exclude='bads')
    if len(picks)<minimum: raise ValueError(f'至少需要 {minimum} 个好 EEG 通道')
    return picks

def _ref(s):
    if not isinstance(s,str) or not s.strip(): raise ValueError('需要非空 reference_id')

def _mask(a,shape,name='mask'):
    a=np.asarray(a)
    if a.dtype.kind!='b' or a.shape!=shape: raise ValueError(f'{name} 需要形状 {shape} 的布尔数组')
    return a

def _finite_array(a,name,ndim=None):
    a=np.asarray(a)
    if a.dtype.kind not in 'fiu' or not np.isfinite(a).all() or (ndim is not None and a.ndim!=ndim):
        raise ValueError(name+'需要有限实数数组')
    return a.astype(float,copy=False)

def _same(model,kind,y,reference_id):
    est=_model(model,kind,y)
    if model.get('reference_id')!=reference_id or model.get('sfreq',float(y.info['sfreq']))!=float(y.info['sfreq']):
        raise ValueError('参考/采样率与模型不匹配')
    return est

def _fitted(kind,est,y,scope,reference_id,**extra):
    return dict(kind=kind,estimator=est,signature=_signature(y),sfreq=float(y.info['sfreq']),scope=scope,reference_id=reference_id,**extra)

def _probs(v,n):
    a=_finite_array(v,'probabilities',2)
    if a.shape!=(n,7) or np.any(a<0) or np.any(a>1) or not np.allclose(a.sum(1),1,atol=1e-5):
        raise ValueError('probabilities 需要 IC×7 概率且逐行和为 1')
    return a
from importlib.metadata import version
from copy import deepcopy

from sklearn.model_selection import check_cv

def _cv_folds(cv,n):
    if not isinstance(cv,(list,tuple)) or len(cv)<2:raise ValueError('cv 需要至少两组实际 (train,validation) 索引')
    folds=[];coverage=np.zeros(n,int)
    for pair in cv:
        if not isinstance(pair,(list,tuple)) or len(pair)!=2:raise ValueError('cv 中每项是 (train,validation)')
        train,test=map(np.asarray,pair)
        for a in (train,test):
            if a.ndim!=1 or a.dtype.kind not in 'iu' or len(set(a.tolist()))!=len(a) or np.any((a<0)|(a>=n)):raise ValueError('cv 索引需要唯一且合法整数')
        if len(train)<2 or len(test)<1 or np.intersect1d(train,test).size:raise ValueError('CV 训练≥2、验证≥1，且互不相交')
        folds.append((train.astype(int),test.astype(int)));coverage[test]+=1
    if np.any(coverage!=1):raise ValueError('CV 验证索引必须恰好覆盖每个 Epoch 一次')
    return folds

def eeg_autoreject(op,x,model=None,**p):
    y=_epochs(x)
    if op=='autoreject_fit':
        if model is not None:raise ValueError('fit 不接受模型')
        if p.get('mode')=='global' and set(p)&{'n_interpolate','consensus','thresh_method'}:
            raise ValueError('global 不接受 local 插值/搜索参数')
        p=_exact(p,'mode scope reference_id trial_ids cv',seed=0,n_interpolate=(1,4),consensus=(.5,.75,1.),thresh_method='bayesian_optimization')
        _scope(p['scope'],('train','calibration'));_ref(p['reference_id']);_ids(p['trial_ids']);_integer(p['seed'],'seed')
        if len(p['trial_ids'])!=len(y):raise ValueError('trial_ids 必须逐 Epoch 对齐')
        folds=_cv_folds(p['cv'],len(y));picks=_good(y,4)
        if p['mode']=='global':
            from autoreject import get_rejection_threshold
            est=get_rejection_threshold(y,ch_types='eeg',cv=check_cv(folds),random_state=p['seed'],verbose=False)
            if not np.isfinite(est['eeg']) or est['eeg']<=0:raise ValueError('全局阈值退化')
            extra=dict(thresholds=est.copy())
        elif p['mode']=='local':
            from autoreject import AutoReject
            ni=np.asarray(p['n_interpolate']);co=_finite_array(p['consensus'],'consensus',1)
            if ni.ndim!=1 or not len(ni) or ni.dtype.kind not in 'iu' or np.any((ni<0)|(ni>len(picks)-4)):raise ValueError('n_interpolate 需唯一整数网格且至少保留 4 个好通道')
            if len(set(ni.tolist()))!=len(ni) or not len(co) or np.any((co<=0)|(co>1)) or len(set(co.tolist()))!=len(co):raise ValueError('consensus 为 (0,1] 唯一网格')
            if not np.any(co[:,None]*len(picks)>ni):raise ValueError('consensus 与插值数没有可行组合')
            if p['thresh_method'] not in ('bayesian_optimization','random_search'):raise ValueError('thresh_method 未支持')
            est=AutoReject(n_interpolate=ni,consensus=co,cv=check_cv(folds),picks=picks,random_state=p['seed'],thresh_method=p['thresh_method'],n_jobs=1,verbose=False).fit(y)
            if not all(np.isfinite(v) and v>0 for v in est.threshes_.values()):raise ValueError('逐通道阈值退化')
            if not np.any(np.isfinite(est.loss_['eeg'])):raise ValueError('交叉验证损失均无效')
            extra=dict(thresholds=est.threshes_.copy(),loss=deepcopy(est.loss_),n_interpolate=deepcopy(est.n_interpolate_),consensus=deepcopy(est.consensus_))
        else:raise ValueError('mode=global|local')
        fitted=_fitted('autoreject',est,y,p['scope'],p['reference_id'],mode=p['mode'],times=y.times.copy())
        return _out(y,fitted,cv=folds,trial_ids=list(p['trial_ids']),version=version('autoreject'),**extra)
    if op=='autoreject_apply':
        p=_exact(p,'reference_id trial_ids');_ids(p['trial_ids']);est=_same(model,'autoreject',y,p['reference_id'])
        if len(p['trial_ids'])!=len(y) or not np.array_equal(y.times,model['times']):raise ValueError('Trial ID/时间轴与模型不兼容')
        if model['mode']=='global':
            # Track current positions, including Epochs with duplicated original selection IDs.
            picks=_good(y,4);bad=np.any(np.ptp(y.get_data(picks=picks),axis=-1)>est['eeg'],axis=1)
            y.drop(np.flatnonzero(bad),reason='AUTOREJECT',verbose=False);labels=None
        else:
            y,log=deepcopy(est).transform(y,return_log=True);bad=log.bad_epochs.copy();labels=log.labels.copy()
        if len(y)==0:raise ValueError('全部 Epoch 被拒绝')
        ids=np.asarray(p['trial_ids'])
        return _out(y,model,bad_epochs=bad,labels=labels,kept_ids=ids[~bad].tolist(),rejected_ids=ids[bad].tolist(),selection=y.selection.copy())
    raise NotImplementedError(op)
",Autoreject 阈值学习／局部修复｜固定实际交叉验证折，学习全局拒绝阈值或逐通道阈值及插值策略。,逐通道/global 阈值、实际 CV、损失与策略；bad_epochs、局部 labels、kept/rejected IDs、selection。,CV 训练/验证不相交，验证恰好覆盖所有 Trial；阈值有限正值，至少一组有效 CV 损失；输出 Trial ID 分区守恒。,global/local 真实拟合和应用通过，阈值有效、保留/拒绝 ID 守恒。,
EEG-REGRESSION-BASELINE,主入口为 MNE Epochs 与 picks EEG 通道名，辅助道保留；数组入口为 N×C×T 波形；axes 通道名，times 秒轴。fit 的 factors 为 N×0/1/2，以 -1/+1 编码；基线区间在时间轴内。,主入口返回 Epochs 并保留 events/times/channels/selection；数组入口返回 N×C×T 校正波形及冻结回归模型；仅减去基线协变量贡献，保留条件和截距项。,"regression_baseline_epochs_fit: scope, picks, baseline, factors, factor_names；regression_baseline_epochs_apply: picks, trial_ids。时间轴由 Epochs 元数据读取；通道/类型/坏道/参考/投影状态冻结。数组入口 regression_baseline_fit: scope, axes, times, baseline=[start,end] 秒, factors, factor_names；仅 train/calibration，基线端点取最近样点并含两端。regression_baseline_apply: axes, times, trial_ids；应用不需要条件标签。","# Python 3.12; NumPy 1.26.4; SciPy 1.15.3
import numpy as np
from numbers import Real, Integral

def _args(p, names):
    required=set(names.split())
    if set(p)!=required:
        raise ValueError(f'参数缺失={required-set(p)}; 未定义={set(p)-required}')

def _arr(x, ndim):
    a=np.asarray(x)
    if a.dtype.kind not in 'fiu' or a.ndim!=ndim or not a.size or not np.isfinite(a).all():
        raise ValueError(f'需要非空有限实数 {ndim} 维数组')
    return a.astype(float,copy=True)

def _ids(v,n=None):
    if not isinstance(v,(list,tuple)) or not v or any(not isinstance(s,str) or not s.strip() for s in v) or len(set(v))!=len(v) or (n is not None and len(v)!=n):
        raise ValueError('ID/列名需要唯一非空字符串，数量与轴一致')
    return tuple(v)

def _scope(v,n,roles=('train',)):
    if not isinstance(v,dict) or set(v)!={'role','ids'} or v['role'] not in roles:
        raise ValueError('scope={role,ids}，role 必须在允许的训练/校准范围')
    return {'role':v['role'],'ids':list(_ids(v['ids'],n))}

def _num(v,name,lo=None,hi=None):
    if isinstance(v,(bool,np.bool_)) or not isinstance(v,Real) or not np.isfinite(v) or (lo is not None and v<lo) or (hi is not None and v>hi):
        raise ValueError(f'{name} 需要范围 [{lo},{hi}] 内有限实数')
    return float(v)

def _int(v,name,lo=0,hi=None):
    if isinstance(v,(bool,np.bool_)) or not isinstance(v,Integral) or v<lo or (hi is not None and v>hi):
        raise ValueError(f'{name} 需要范围 [{lo},{hi}] 内整数')
    return int(v)

def _labels(y,n):
    a=np.asarray(y)
    if a.ndim!=1 or len(a)!=n or a.dtype.kind not in 'iuUS' or any(not str(v).strip() for v in a):
        raise ValueError('标签需要一维整数或非空字符串；数量与 Trial 一致')
    return a.copy()

def _out(data=None,model=None,**artifacts):
    if data is not None and (not np.asarray(data).size or not np.isfinite(data).all()):
        raise ValueError('结果为空或含非有限数值')
    return {'data':data,'model':model,'artifacts':artifacts}

def _model(model,kind,axes):
    if not isinstance(model,dict) or model.get('kind')!=kind or tuple(axes)!=model.get('axes'):
        raise ValueError('配套模型种类或通道轴不匹配')
    return model

def _aug(a,p):
    scope=_scope(p['scope'],len(a))
    parents=_ids(p['parent_ids'],len(a))
    if parents!=tuple(scope['ids']): raise ValueError('parent_ids 顺序必须等于训练 scope.ids')
    axes=_ids(p['axes'],a.shape[1])
    if p['label_invariant'] is not True: raise ValueError('此变体要求任务标签对所选变换保持有效')
    y=_labels(p['y'],len(a)); seed=_int(p['seed'],'seed'); prob=_num(p['probability'],'probability',0,1)
    rng=np.random.default_rng(seed)
    selected=rng.random(len(a))<prob
    return rng,selected,y,parents,axes

def eeg_regression_baseline(op,x,model=None,**p):
    if op in ('regression_baseline_epochs_fit','regression_baseline_epochs_apply'): return _epochs_baseline(op,x,model,p)
    a=_arr(x,3)
    if op=='regression_baseline_fit':
        _args(p,'scope axes times baseline factors factor_names')
        if model is not None: raise ValueError('fit 不接受已有模型')
        axes=_ids(p['axes'],a.shape[1]); scope=_scope(p['scope'],len(a),('train','calibration'))
        times=_arr(p['times'],1)
        if len(times)!=a.shape[-1] or np.any(np.diff(times)<=0): raise ValueError('times 必须严格递增并匹配样点')
        bounds=_arr(p['baseline'],1)
        if len(bounds)!=2 or not times[0]<=bounds[0]<=bounds[1]<=times[-1]: raise ValueError('baseline 必须落在时间轴内')
        lo,hi=[int(np.argmin(np.abs(times-b))) for b in bounds]
        f=np.asarray(p['factors'])
        if f.ndim!=2 or f.shape[0]!=len(a) or f.shape[1] not in (0,1,2) or f.dtype.kind not in 'fiu' or not np.isfinite(f).all() or (f.size and not np.isin(f,[-1,1]).all()):
            raise ValueError('factors 为 N×0/1/2；每列采用 -1/+1 编码')
        names=tuple(p['factor_names'])
        if f.shape[1]: _ids(names,f.shape[1])
        elif names: raise ValueError('无因素时 factor_names=[]')
        baseline=a[:,:,lo:hi+1].mean(axis=-1); beta=[]; conditions=[]
        for c in range(a.shape[1]):
            d=np.column_stack([baseline[:,c],f,np.ones(len(a))])
            if len(a)<=d.shape[1] or np.linalg.matrix_rank(d)!=d.shape[1]: raise ValueError('Trial 不足或基线/因素/截距共线')
            beta.append(np.linalg.lstsq(d,a[:,c,:],rcond=None)[0]); conditions.append(float(np.linalg.cond(d)))
        beta=np.stack(beta); m=dict(kind='regression_baseline',axes=axes,times=times,baseline_indices=(lo,hi),beta_baseline=beta[:,0,:].copy(),beta=beta,factor_names=names,scope=scope)
        return _out(a-baseline[:,:,None]*m['beta_baseline'][None,:,:],m,baseline_indices=(lo,hi),condition_numbers=conditions,trial_ids=scope['ids'])
    if op!='regression_baseline_apply': raise NotImplementedError(op)
    _args(p,'axes times trial_ids')
    m=_model(model,'regression_baseline',_ids(p['axes'],a.shape[1]))
    if not np.array_equal(_arr(p['times'],1),m['times']) or a.shape[-1]!=len(m['times']): raise ValueError('时间轴不匹配')
    ids=_ids(p['trial_ids'],len(a))
    limits=m['baseline_indices']
    if not isinstance(limits,(list,tuple)) or len(limits)!=2: raise ValueError('模型基线索引无效')
    lo=_int(limits[0],'模型基线起点',0,a.shape[-1]-1); hi=_int(limits[1],'模型基线终点',lo,a.shape[-1]-1)
    coefficients=_arr(m['beta_baseline'],2)
    if coefficients.shape!=a.shape[1:]: raise ValueError('模型基线系数轴无效')
    base=a[:,:,lo:hi+1].mean(axis=-1)
    return _out(a-base[:,:,None]*m['beta_baseline'][None,:,:],m,trial_ids=ids,baseline_indices=(lo,hi))

def _epochs_baseline(op,x,model,p):
    import mne,hashlib
    if not isinstance(x,mne.BaseEpochs): raise TypeError('此入口需要 MNE Epochs')
    fit=op=='regression_baseline_epochs_fit'
    _args(p,'scope picks baseline factors factor_names' if fit else 'picks trial_ids')
    picks=_ids(p['picks']);types=dict(zip(x.ch_names,x.get_channel_types()))
    if any(c not in types or types[c]!='eeg' or c in x.info['bads'] for c in picks): raise ValueError('picks 只能选择存在且未标坏的 EEG 通道')
    idx=[x.ch_names.index(c) for c in picks];out=x.copy().load_data();data=out.get_data(picks=idx)
    projection=tuple((v['desc'],int(v['kind']),bool(v['active']),tuple(v['data']['col_names']),hashlib.sha256(np.asarray(v['data']['data']).tobytes()).hexdigest()) for v in x.info['projs'])
    signature=(tuple(x.ch_names),tuple(x.get_channel_types()),tuple(x.info['bads']),int(x.info['custom_ref_applied']),projection)
    if fit:
        result=eeg_regression_baseline('regression_baseline_fit',data,model=model,scope=p['scope'],axes=list(picks),times=x.times,baseline=p['baseline'],factors=p['factors'],factor_names=p['factor_names'])
        result['model']['epochs_signature']=signature
    else:
        if not isinstance(model,dict) or model.get('epochs_signature')!=signature: raise ValueError('Epochs 通道/类型/坏道/参考/投影状态与拟合时不匹配')
        result=eeg_regression_baseline('regression_baseline_apply',data,model=model,axes=list(picks),times=x.times,trial_ids=p['trial_ids'])
    out._data[:,idx,:]=result['data']
    result['data']=out;result['artifacts']['picks']=list(picks);result['artifacts']['selection']=out.selection.copy();result['artifacts']['events']=out.events.copy()
    return result
",回归基线校正｜每通道拟合“基线均值＋因素＋截距”，再减去基线均值×基线系数。[RELAX 源码](https://github.com/NeilwBailey/RELAX/blob/318300217bdb7ed47a19a892fed16690c5bb77b4/RELAX_RegressionBL_Correction.m),逐通道 beta、基线实际样点、因素列、拟合 ID、条件数与应用 Trial ID。,每通道设计满秩且 Trial 数多于列数；通道和时间轴冻结；校正先于依赖校正电压的 Trial 拒绝。,已对照逐通道/时点 OLS 公式，确认保留条件效应；冻结应用无需测试标签；共线和反向基线拒绝。,
EEG-WINDOW-MAD,诊断Epochs（V），窗口及原样点映射由上游固定；window_mad可传逐通道眨眼上界。blink_upper_bound要求非空有限诊断Epochs；可选blink_epochs须非空有限，并与诊断Epochs具有相同道序、类型、采样率、每窗样点数及坏道状态。,原数据、通道、bads 和事件保持；返回独立副本。；blink_upper_bound 返回上界及 detected_blink_epochs / diagnostic_upper_tail 模式。,"window_mad：{""mad_multiplier"": 25.0, ""flat_limit_V"": 2e-06, ""blink_upper_bound_V"": null}；拒绝未知参数。；blink_upper_bound：blink_epochs=None、mad_multiplier=10、fallback_percentile=80。","""""""EEG detection basic unit; inputs are read-only, values use SI volts.""""""
import numpy as np
import mne
from scipy import signal, stats

def _params(p, defaults):
    unknown=set(p)-set(defaults)
    if unknown: raise TypeError('unknown parameters: '+str(sorted(unknown)))
    return dict(defaults, **p)

def _start(op, expected, x, model, allow_epochs=False, picks=None):
    if op != expected: raise ValueError('operation must be '+expected)
    if model is not None: raise ValueError('detection does not accept a fitted model')
    valid=(mne.io.BaseRaw,mne.BaseEpochs) if allow_epochs else (mne.io.BaseRaw,)
    if not isinstance(x,valid): raise TypeError('expected Raw or supported Epochs')
    if picks is None: picks=mne.pick_types(x.info, eeg=True, exclude='bads').tolist()
    else:
        if not isinstance(picks,(list,tuple)) or not picks or len(set(picks))!=len(picks): raise ValueError('picks must be unique channel names')
        if any(c not in x.ch_names for c in picks): raise ValueError('unknown channel')
        picks=[x.ch_names.index(c) for c in picks]
    if not picks: raise ValueError('no selected channels')
    a=x.get_data(picks=picks)
    if not np.isfinite(a).all(): raise ValueError('selected data must be finite')
    return a,[x.ch_names[k] for k in picks],float(x.info['sfreq'])

def _positive(v, name, zero=False):
    if isinstance(v,(bool,np.bool_)) or not np.isscalar(v) or not np.isfinite(v) or (v<0 if zero else v<=0): raise ValueError(name+' must be finite '+('nonnegative' if zero else 'positive'))
    return float(v)

def _fraction(v,name):
    v=_positive(v,name,True)
    if v>1: raise ValueError(name+' must be in [0,1]')
    return v

def _samples(seconds, sf, name):
    n=_positive(seconds,name)*sf
    if n<1 or not np.isclose(n,round(n),rtol=0,atol=1e-8): raise ValueError(name+' must contain an integer number of samples')
    return int(round(n))

def _segments(x, intervals=None):
    n=x.n_times
    if intervals is not None:
        v=np.asarray(intervals)
        if v.ndim!=2 or v.shape[1]!=2 or not len(v) or v.dtype.kind not in 'iu': raise ValueError('valid_intervals must be nonempty integer [start, stop) sample pairs')
        if np.any(v[:,0]<0) or np.any(v[:,1]>n) or np.any(v[:,1]<=v[:,0]) or np.any(v[1:,0]<v[:-1,1]): raise ValueError('invalid/overlapping intervals')
        return v
    from mne.annotations import _annotations_starts_stops
    starts,ends=_annotations_starts_stops(x,('bad','edge'),invert=True)
    return np.array([(s,e) for s,e in zip(starts,ends) if e>s],dtype=int).reshape(-1,2)

def _windows(x,a,p):
    sf=float(x.info['sfreq']);win=_samples(p['window_s'],sf,'window_s');step=_samples(p['stride_s'],sf,'stride_s')
    if p['tail']!='drop': raise ValueError('tail must be drop')
    iv=_segments(x,p['valid_intervals']);bounds=np.array([(s,e) for lo,hi in iv for s in range(lo,hi-win+1,step) for e in [s+win]],dtype=int).reshape(-1,2)
    if len(bounds)<p['min_windows'] or not isinstance(p['min_windows'],int) or isinstance(p['min_windows'],bool) or p['min_windows']<1: raise ValueError('insufficient valid windows or invalid min_windows')
    return np.stack([a[:,s:e] for s,e in bounds],axis=1),bounds

def _result(x,names,**artifacts):
    return {'data':x.copy(),'model':None,'artifacts':{'channel_names':names,**artifacts}}

def _candidates(names,mask): return [n for n,b in zip(names,np.asarray(mask,dtype=bool)) if b]

def _epoch_axes(x,names):
    return {'channel_names':names,'epoch_selection':np.asarray(x.selection).copy(),'events':x.events.copy(),'times_s':x.times.copy()}

def eeg_window_mad(op,x,model=None,**p):
    p=_params(p,{'mad_multiplier':25.,'flat_limit_V':2e-6,'blink_upper_bound_V':None})
    a,names,sf=_start(op,'window_mad',x,model,True)
    if not isinstance(x,mne.BaseEpochs): raise TypeError('window_mad requires already constructed diagnostic Epochs')
    factor=_positive(p['mad_multiplier'],'mad_multiplier',True);flat=_positive(p['flat_limit_V'],'flat_limit_V',True)
    ptp=np.ptp(a,axis=-1).T;med=np.median(ptp,axis=1);mad=np.median(np.abs(ptp-med[:,None]),axis=1);bound=med+factor*mad
    if p['blink_upper_bound_V'] is not None:
        b=np.asarray(p['blink_upper_bound_V'],float)
        if b.shape!=(len(names),) or not np.isfinite(b).all() or np.any(b<0): raise ValueError('blink_upper_bound_V must match channels and be finite nonnegative')
        bound=np.maximum(bound,b)
    mask=ptp>bound[:,None];flatmask=ptp<flat
    return _result(x,names,epoch_selection=x.selection.copy(),axis_order='channel, epoch',ptp_V=ptp,median_V=med,mad_V=mad,upper_bound_V=bound,shift_mask=mask,flat_mask=flatmask,combined_mask=mask|flatmask)


_ordinary_window_mad=eeg_window_mad

def eeg_window_mad(op,x,model=None,**p):
 if op!='blink_upper_bound':return _ordinary_window_mad(op,x,model=model,**p)
 p=_params(p,dict(blink_epochs=None,mad_multiplier=10.,fallback_percentile=80.))
 a,names,sf=_start('window_mad','window_mad',x,model,True)
 if not isinstance(x,mne.BaseEpochs) or not len(x):raise ValueError('nonempty diagnostic Epochs required')
 factor=_positive(p['mad_multiplier'],'mad_multiplier',True);q=_positive(p['fallback_percentile'],'fallback_percentile',True)
 if q>100:raise ValueError('fallback_percentile must be <=100')
 b=p['blink_epochs'];cuts=None;selected=None
 if b is not None:
  if not isinstance(b,mne.BaseEpochs) or not len(b) or b.ch_names!=x.ch_names or b.info['sfreq']!=sf or len(b.times)!=len(x.times) or b.get_channel_types()!=x.get_channel_types() or b.info['bads']!=x.info['bads']:raise ValueError('blink Epochs must match diagnostic channel and sample axes')
  ba=b.get_data(picks=names)
  if not np.isfinite(ba).all():raise ValueError('blink Epochs must be finite')
  ptp=np.ptp(ba,axis=-1).T;med=np.median(ptp,axis=1);mad=np.median(np.abs(ptp-med[:,None]),axis=1);mode='detected_blink_epochs'
 else:
  ptp=np.ptp(a,axis=-1).T;cuts=np.percentile(ptp,q,axis=1,method='hazen');selected=ptp>=cuts[:,None];med=[];mad=[]
  for row,mask in zip(ptp,selected):
   v=row[mask];center=np.median(v);med.append(center);mad.append(np.median(abs(v-center)))
  med=np.asarray(med);mad=np.asarray(mad);mode='diagnostic_upper_tail'
 return _result(x,names,epoch_selection=x.selection.copy(),axis_order='channel, epoch',upper_bound_V=med+factor*mad,median_V=med,mad_V=mad,mode=mode,fallback_cutoff_V=cuts,fallback_selected=selected,quantile_method='hazen',blink_epoch_selection=None if b is None else b.selection.copy())
",以峰峰值的中位数和 MAD 检测异常窗；支持 RELAX 眨眼保护上界。,通道×窗口 ptp、未缩放 MAD、上下阈值及独立掩码。；回退的逐道 Hazen 分位阈值及 >= 选择掩码。,对各通道沿窗口轴计算 median + k×MAD；上界可取眨眼阈值较大者。；有眨眼窗时用其峰峰值；否则逐道选最高 20%（包含边界并列），上界=median+10×median absolute deviation。,独立手算、通道轴、眨眼上界和严格阈值测试。；真实眨眼窗、top20 回退、并列、轴不匹配反例及作者数值块。,
EEG-SPECTRAL-SLOPE,"Raw 或已加载 Epochs 电位 V；频率始终严格位于(0,Nyquist)。retained_bandwidth_policy=require 时拟合上界不得超过实际低通；author_attenuated 允许对已经衰减的频带计算作者斜率并报告该条件。",原数据、通道、bads 和事件保持；返回独立副本。,"spectral_slope：{""mode"": ""fieldtrip_mtmfft"", ""frequencies_Hz"": [1, 2, 3, 4, 5, 6, 7, 8, 9, 10, 11, 12, 13, 14, 15, 16, 17, 18, 19, 20, 21, 22, 23, 24, 25, 26, 27, 28, 29, 30, 31, 32, 33, 34, 35, 36, 37, 38, 39, 40, 41, 42, 43, 44, 45, 46, 47, 48, 49, 50, 51, 52, 53, 54, 55, 56, 57, 58, 59, 60, 61, 62, 63, 64, 65, 66, 67, 68, 69, 70, 71, 72, 73, 74, 75], ""fit_range_Hz"": [7.0, 75.0], ""excluded_bands_Hz"": [], ""slope_threshold"": -0.31, ""direction"": ""above"", ""picks"": null}；拒绝未知参数。
retained_bandwidth_policy=require|author_attenuated（默认require）：require拒绝超出info.lowpass的拟合频段；author_attenuated按作者在已衰减频带上计算同一斜率，并返回fit_exceeds_retained_bandwidth，不修改频带元数据。","""""""EEG detection basic unit; inputs are read-only, values use SI volts.""""""
import numpy as np
import mne
from scipy import signal, stats

def _params(p, defaults):
    unknown=set(p)-set(defaults)
    if unknown: raise TypeError('unknown parameters: '+str(sorted(unknown)))
    return dict(defaults, **p)

def _start(op, expected, x, model, allow_epochs=False, picks=None):
    if op != expected: raise ValueError('operation must be '+expected)
    if model is not None: raise ValueError('detection does not accept a fitted model')
    valid=(mne.io.BaseRaw,mne.BaseEpochs) if allow_epochs else (mne.io.BaseRaw,)
    if not isinstance(x,valid): raise TypeError('expected Raw or supported Epochs')
    if picks is None: picks=mne.pick_types(x.info, eeg=True, exclude='bads').tolist()
    else:
        if not isinstance(picks,(list,tuple)) or not picks or len(set(picks))!=len(picks): raise ValueError('picks must be unique channel names')
        if any(c not in x.ch_names for c in picks): raise ValueError('unknown channel')
        picks=[x.ch_names.index(c) for c in picks]
    if not picks: raise ValueError('no selected channels')
    a=x.get_data(picks=picks)
    if not np.isfinite(a).all(): raise ValueError('selected data must be finite')
    return a,[x.ch_names[k] for k in picks],float(x.info['sfreq'])

def _positive(v, name, zero=False):
    if isinstance(v,(bool,np.bool_)) or not np.isscalar(v) or not np.isfinite(v) or (v<0 if zero else v<=0): raise ValueError(name+' must be finite '+('nonnegative' if zero else 'positive'))
    return float(v)

def _fraction(v,name):
    v=_positive(v,name,True)
    if v>1: raise ValueError(name+' must be in [0,1]')
    return v

def _samples(seconds, sf, name):
    n=_positive(seconds,name)*sf
    if n<1 or not np.isclose(n,round(n),rtol=0,atol=1e-8): raise ValueError(name+' must contain an integer number of samples')
    return int(round(n))

def _segments(x, intervals=None):
    n=x.n_times
    if intervals is not None:
        v=np.asarray(intervals)
        if v.ndim!=2 or v.shape[1]!=2 or not len(v) or v.dtype.kind not in 'iu': raise ValueError('valid_intervals must be nonempty integer [start, stop) sample pairs')
        if np.any(v[:,0]<0) or np.any(v[:,1]>n) or np.any(v[:,1]<=v[:,0]) or np.any(v[1:,0]<v[:-1,1]): raise ValueError('invalid/overlapping intervals')
        return v
    from mne.annotations import _annotations_starts_stops
    starts,ends=_annotations_starts_stops(x,('bad','edge'),invert=True)
    return np.array([(s,e) for s,e in zip(starts,ends) if e>s],dtype=int).reshape(-1,2)

def _windows(x,a,p):
    sf=float(x.info['sfreq']);win=_samples(p['window_s'],sf,'window_s');step=_samples(p['stride_s'],sf,'stride_s')
    if p['tail']!='drop': raise ValueError('tail must be drop')
    iv=_segments(x,p['valid_intervals']);bounds=np.array([(s,e) for lo,hi in iv for s in range(lo,hi-win+1,step) for e in [s+win]],dtype=int).reshape(-1,2)
    if len(bounds)<p['min_windows'] or not isinstance(p['min_windows'],int) or isinstance(p['min_windows'],bool) or p['min_windows']<1: raise ValueError('insufficient valid windows or invalid min_windows')
    return np.stack([a[:,s:e] for s,e in bounds],axis=1),bounds

def _result(x,names,**artifacts):
    return {'data':x.copy(),'model':None,'artifacts':{'channel_names':names,**artifacts}}

def _candidates(names,mask): return [n for n,b in zip(names,np.asarray(mask,dtype=bool)) if b]

def _epoch_axes(x,names):
    return {'channel_names':names,'epoch_selection':np.asarray(x.selection).copy(),'events':x.events.copy(),'times_s':x.times.copy()}

def eeg_spectral_slope(op,x,model=None,**p):
    p=_params(p,{'mode':'fieldtrip_mtmfft','frequencies_Hz':list(range(1,76)),'fit_range_Hz':[7.,75.],'excluded_bands_Hz':[],'slope_threshold':-.31,'direction':'above','picks':None,'retained_bandwidth_policy':'require'})
    a,names,sf=_start(op,'spectral_slope',x,model,True,p['picks']);is_ep=isinstance(x,mne.BaseEpochs)
    if not is_ep:a=a[None]
    n=a.shape[-1];freq=np.asarray(p['frequencies_Hz'],float);fit=np.asarray(p['fit_range_Hz'],float)
    if freq.ndim!=1 or len(freq)<2 or np.any(np.diff(freq)<=0) or np.any(freq<=0) or np.any(freq>=sf/2) or not np.isfinite(freq).all() or fit.shape!=(2,) or not np.isfinite(fit).all() or fit[1]<=fit[0]:raise ValueError('invalid frequencies/fit range')
    if p['mode']=='fieldtrip_mtmfft':
        nfft=1<<(n-1).bit_length();f,psd=signal.periodogram(a,fs=sf,window=np.hanning(n),nfft=nfft,detrend='constant',scaling='density',axis=-1);indices=np.floor(freq*nfft/sf+.5).astype(int)
        if len(set(indices))!=len(indices):raise ValueError('requested frequencies collapse onto duplicate FFT bins')
        power=psd[...,indices];actual=f[indices]
        if np.any(actual<=0) or np.any(actual>=sf/2):raise ValueError('rounded FFT frequencies must remain strictly inside (0, Nyquist)')
        bin_bounds=None
    elif p['mode']=='relax_ic_welch':
        f,psd=signal.welch(a,fs=sf,window=np.hamming(n),nperseg=n,noverlap=n//2,nfft=n,detrend=False,scaling='density',axis=-1)
        bins=[(np.argmin(abs(f-(v-.25))),np.argmin(abs(f-(v+.25)))) for v in freq]
        if len(set(bins))!=len(bins):raise ValueError('requested frequencies collapse onto duplicate Welch bins')
        power=np.stack([np.mean(psd[...,lo:hi+1],axis=-1) for lo,hi in bins],axis=-1);actual=np.array([np.mean(f[lo:hi+1]) for lo,hi in bins]);bin_bounds=np.array([[f[lo],f[hi]] for lo,hi in bins])
    else:raise ValueError('unknown spectral estimation mode')
    if p['retained_bandwidth_policy'] not in ('require','author_attenuated'):raise ValueError('retained_bandwidth_policy=require|author_attenuated')
    attenuated=x.info.get('lowpass') is not None and x.info['lowpass']<fit[1]
    if attenuated and p['retained_bandwidth_policy']=='require':raise ValueError('fit range exceeds retained lowpass bandwidth')
    keep=(freq>=fit[0])&(freq<=fit[1]);bands=np.asarray(p['excluded_bands_Hz'],float)
    if bands.size:
        if bands.ndim!=2 or bands.shape[1]!=2 or not np.isfinite(bands).all() or np.any(bands[:,1]<bands[:,0]):raise ValueError('invalid excluded bands')
        for lo,hi in bands:keep&=~((freq>=lo)&(freq<=hi))
    if keep.sum()<2:raise ValueError('fewer than two fitting frequencies')
    xx=np.log(freq[keep]);xx=xx-xx.mean();yy=power[...,keep];valid=np.all(yy>0,axis=-1);slope=np.full(power.shape[:-1],np.nan)
    slope[valid]=(np.log(yy[valid])@xx)/(xx@xx)
    threshold=p['slope_threshold']
    if isinstance(threshold,(bool,np.bool_)) or not np.isscalar(threshold) or not np.isfinite(threshold):raise ValueError('slope threshold must be finite')
    if p['direction']=='above':mask=slope>threshold
    elif p['direction']=='above_or_equal':mask=slope>=threshold
    elif p['direction']=='below':mask=slope<threshold
    else:raise ValueError('direction must be above, above_or_equal or below')
    return _result(x,names,axis_order='epoch, channel',epoch_selection=x.selection.copy() if is_ep else None,requested_frequencies_Hz=freq,actual_frequencies_Hz=actual,welch_bin_bounds_Hz=bin_bounds,power_V2_Hz=power,slope=slope,valid_mask=valid,bad_mask=mask,fit_frequency_mask=keep,mode=p['mode'],retained_bandwidth_policy=p['retained_bandwidth_policy'],fit_exceeds_retained_bandwidth=bool(attenuated))
",对数功率—频率斜率检测。[RELAX 频谱判据](https://github.com/NeilwBailey/RELAX/blob/RELAX-v2.0.1/RELAX_targeted_wICA.m)；底层实现依赖 SciPy。,逐 Epoch×通道斜率、频谱、拟合频点与有效掩码。,诊断窗用对称 Hann、去均值、补至 2 的幂；IC 路线用全长 Hamming Welch、±0.25 Hz 分箱；按请求频率拟合。,数值谱参考、幂律、频点去重与 Nyquist 边界测试；RELAX普通/ICA subtraction 40 Hz下显式author_attenuated执行。,
EEG-EOG-STEP,Epochs（V）含辅助 EOG；通道差方向、检测区间与半窗口已指定。,原数据、通道、bads 和事件保持；返回独立副本。,"eog_step：{""channels"": null, ""search_interval_s"": [-0.2, 0.3], ""half_window_s"": 0.1, ""threshold_V"": 3.2e-05, ""statistic"": ""trimmean95""}；拒绝未知参数。","""""""EEG detection basic unit; inputs are read-only, values use SI volts.""""""
import numpy as np
import mne
from scipy import signal, stats

def _params(p, defaults):
    unknown=set(p)-set(defaults)
    if unknown: raise TypeError('unknown parameters: '+str(sorted(unknown)))
    return dict(defaults, **p)

def _start(op, expected, x, model, allow_epochs=False, picks=None):
    if op != expected: raise ValueError('operation must be '+expected)
    if model is not None: raise ValueError('detection does not accept a fitted model')
    valid=(mne.io.BaseRaw,mne.BaseEpochs) if allow_epochs else (mne.io.BaseRaw,)
    if not isinstance(x,valid): raise TypeError('expected Raw or supported Epochs')
    if picks is None: picks=mne.pick_types(x.info, eeg=True, exclude='bads').tolist()
    else:
        if not isinstance(picks,(list,tuple)) or not picks or len(set(picks))!=len(picks): raise ValueError('picks must be unique channel names')
        if any(c not in x.ch_names for c in picks): raise ValueError('unknown channel')
        picks=[x.ch_names.index(c) for c in picks]
    if not picks: raise ValueError('no selected channels')
    a=x.get_data(picks=picks)
    if not np.isfinite(a).all(): raise ValueError('selected data must be finite')
    return a,[x.ch_names[k] for k in picks],float(x.info['sfreq'])

def _positive(v, name, zero=False):
    if isinstance(v,(bool,np.bool_)) or not np.isscalar(v) or not np.isfinite(v) or (v<0 if zero else v<=0): raise ValueError(name+' must be finite '+('nonnegative' if zero else 'positive'))
    return float(v)

def _fraction(v,name):
    v=_positive(v,name,True)
    if v>1: raise ValueError(name+' must be in [0,1]')
    return v

def _samples(seconds, sf, name):
    n=_positive(seconds,name)*sf
    if n<1 or not np.isclose(n,round(n),rtol=0,atol=1e-8): raise ValueError(name+' must contain an integer number of samples')
    return int(round(n))

def _segments(x, intervals=None):
    n=x.n_times
    if intervals is not None:
        v=np.asarray(intervals)
        if v.ndim!=2 or v.shape[1]!=2 or not len(v) or v.dtype.kind not in 'iu': raise ValueError('valid_intervals must be nonempty integer [start, stop) sample pairs')
        if np.any(v[:,0]<0) or np.any(v[:,1]>n) or np.any(v[:,1]<=v[:,0]) or np.any(v[1:,0]<v[:-1,1]): raise ValueError('invalid/overlapping intervals')
        return v
    from mne.annotations import _annotations_starts_stops
    starts,ends=_annotations_starts_stops(x,('bad','edge'),invert=True)
    return np.array([(s,e) for s,e in zip(starts,ends) if e>s],dtype=int).reshape(-1,2)

def _windows(x,a,p):
    sf=float(x.info['sfreq']);win=_samples(p['window_s'],sf,'window_s');step=_samples(p['stride_s'],sf,'stride_s')
    if p['tail']!='drop': raise ValueError('tail must be drop')
    iv=_segments(x,p['valid_intervals']);bounds=np.array([(s,e) for lo,hi in iv for s in range(lo,hi-win+1,step) for e in [s+win]],dtype=int).reshape(-1,2)
    if len(bounds)<p['min_windows'] or not isinstance(p['min_windows'],int) or isinstance(p['min_windows'],bool) or p['min_windows']<1: raise ValueError('insufficient valid windows or invalid min_windows')
    return np.stack([a[:,s:e] for s,e in bounds],axis=1),bounds

def _result(x,names,**artifacts):
    return {'data':x.copy(),'model':None,'artifacts':{'channel_names':names,**artifacts}}

def _candidates(names,mask): return [n for n,b in zip(names,np.asarray(mask,dtype=bool)) if b]

def _epoch_axes(x,names):
    return {'channel_names':names,'epoch_selection':np.asarray(x.selection).copy(),'events':x.events.copy(),'times_s':x.times.copy()}

def eeg_eog_step(op,x,model=None,**p):
    p=_params(p,{'channels':None,'search_interval_s':[-.2,.3],'half_window_s':.1,'threshold_V':32e-6,'statistic':'trimmean95'})
    if not isinstance(p['channels'],(list,tuple)) or len(p['channels']) not in (1,2):raise ValueError('channels must name one signal or two channels to subtract')
    a,names,sf=_start(op,'eog_step',x,model,True,p['channels'])
    if not isinstance(x,mne.BaseEpochs):raise TypeError('EOG step requires Epochs')
    h=_samples(p['half_window_s'],sf,'half_window_s');limit=_positive(p['threshold_V'],'threshold_V');interval=np.asarray(p['search_interval_s'],float)
    if interval.shape!=(2,) or not np.isfinite(interval).all() or interval[1]<interval[0]:raise ValueError('invalid search interval')
    endpoints=[int(np.argmin(abs(x.times-t))) for t in interval]
    if any(abs(x.times[i]-t)>1e-9 for i,t in zip(endpoints,interval)):raise ValueError('search interval endpoints must coincide with epoch samples')
    lo,hi=endpoints
    if lo-h<0 or hi+h>=len(x.times):raise ValueError('epoch does not contain the complete step windows')
    v=a[:,0] if len(names)==1 else a[:,0]-a[:,1];out=[]
    def avg(y):
        if p['statistic']=='mean':return np.mean(y,axis=-1)
        if p['statistic']=='trimmean95':
            k=int(np.floor(y.shape[-1]*.95/2+.5));ys=np.sort(y,axis=-1)
            if 2*k>=y.shape[-1]:raise ValueError('trimmean95 leaves no observations for this sample rate/window')
            return np.mean(ys[...,k:y.shape[-1]-k],axis=-1)
        raise ValueError('statistic must be mean or trimmean95')
    for t in range(lo,hi+1):out.append(avg(v[:,t-h:t+1])-avg(v[:,t:t+h+1]))
    steps=np.asarray(out).T;maximum=np.max(abs(steps),axis=1)
    return _result(x,names,epoch_selection=x.selection.copy(),search_times_s=x.times[lo:hi+1].copy(),step_V=steps,maximum_absolute_step_V=maximum,epoch_mask=maximum>limit,statistic=p['statistic'],window_samples_each_side=h+1)
",EOG 前后窗口阶跃检测。[RELAX Epoch wrapper](https://github.com/NeilwBailey/RELAX/blob/RELAX-v2.0.1/RELAX_epoch_the_clean_data_Wrapper.m)。,逐 Epoch 阶跃曲线、最大绝对阶跃和拒绝掩码。,两侧窗口均包含中心样点；HEOG 95% trimmed mean，VEOG mean；不改辅助波形。,阶跃手算、符号翻转、完整窗口边界及 trimmed mean 舍入测试。,
EEG-JOINT-PROBABILITY,Epochs（V），至少 2 个 Epoch 和每窗 4 点；沿各通道的 Epoch 轴标准化，global 每窗合并通道和时间。,原数据、通道、bads 和事件保持；返回独立副本。,"joint_probability：{""local_threshold"": 10.0, ""global_threshold"": 10.0, ""bins"": 1000}；拒绝未知参数。","""""""EEG detection basic unit; inputs are read-only, values use SI volts.""""""
import numpy as np
import mne
from scipy import signal, stats

def _params(p, defaults):
    unknown=set(p)-set(defaults)
    if unknown: raise TypeError('unknown parameters: '+str(sorted(unknown)))
    return dict(defaults, **p)

def _start(op, expected, x, model, allow_epochs=False, picks=None):
    if op != expected: raise ValueError('operation must be '+expected)
    if model is not None: raise ValueError('detection does not accept a fitted model')
    valid=(mne.io.BaseRaw,mne.BaseEpochs) if allow_epochs else (mne.io.BaseRaw,)
    if not isinstance(x,valid): raise TypeError('expected Raw or supported Epochs')
    if picks is None: picks=mne.pick_types(x.info, eeg=True, exclude='bads').tolist()
    else:
        if not isinstance(picks,(list,tuple)) or not picks or len(set(picks))!=len(picks): raise ValueError('picks must be unique channel names')
        if any(c not in x.ch_names for c in picks): raise ValueError('unknown channel')
        picks=[x.ch_names.index(c) for c in picks]
    if not picks: raise ValueError('no selected channels')
    a=x.get_data(picks=picks)
    if not np.isfinite(a).all(): raise ValueError('selected data must be finite')
    return a,[x.ch_names[k] for k in picks],float(x.info['sfreq'])

def _positive(v, name, zero=False):
    if isinstance(v,(bool,np.bool_)) or not np.isscalar(v) or not np.isfinite(v) or (v<0 if zero else v<=0): raise ValueError(name+' must be finite '+('nonnegative' if zero else 'positive'))
    return float(v)

def _fraction(v,name):
    v=_positive(v,name,True)
    if v>1: raise ValueError(name+' must be in [0,1]')
    return v

def _samples(seconds, sf, name):
    n=_positive(seconds,name)*sf
    if n<1 or not np.isclose(n,round(n),rtol=0,atol=1e-8): raise ValueError(name+' must contain an integer number of samples')
    return int(round(n))

def _segments(x, intervals=None):
    n=x.n_times
    if intervals is not None:
        v=np.asarray(intervals)
        if v.ndim!=2 or v.shape[1]!=2 or not len(v) or v.dtype.kind not in 'iu': raise ValueError('valid_intervals must be nonempty integer [start, stop) sample pairs')
        if np.any(v[:,0]<0) or np.any(v[:,1]>n) or np.any(v[:,1]<=v[:,0]) or np.any(v[1:,0]<v[:-1,1]): raise ValueError('invalid/overlapping intervals')
        return v
    from mne.annotations import _annotations_starts_stops
    starts,ends=_annotations_starts_stops(x,('bad','edge'),invert=True)
    return np.array([(s,e) for s,e in zip(starts,ends) if e>s],dtype=int).reshape(-1,2)

def _windows(x,a,p):
    sf=float(x.info['sfreq']);win=_samples(p['window_s'],sf,'window_s');step=_samples(p['stride_s'],sf,'stride_s')
    if p['tail']!='drop': raise ValueError('tail must be drop')
    iv=_segments(x,p['valid_intervals']);bounds=np.array([(s,e) for lo,hi in iv for s in range(lo,hi-win+1,step) for e in [s+win]],dtype=int).reshape(-1,2)
    if len(bounds)<p['min_windows'] or not isinstance(p['min_windows'],int) or isinstance(p['min_windows'],bool) or p['min_windows']<1: raise ValueError('insufficient valid windows or invalid min_windows')
    return np.stack([a[:,s:e] for s,e in bounds],axis=1),bounds

def _result(x,names,**artifacts):
    return {'data':x.copy(),'model':None,'artifacts':{'channel_names':names,**artifacts}}

def _candidates(names,mask): return [n for n,b in zip(names,np.asarray(mask,dtype=bool)) if b]

def _epoch_axes(x,names):
    return {'channel_names':names,'epoch_selection':np.asarray(x.selection).copy(),'events':x.events.copy(),'times_s':x.times.copy()}


def _z(a,axis):
    center=np.mean(a,axis=axis,keepdims=True);scale=np.std(a,axis=axis,ddof=1,keepdims=True);valid=np.isfinite(scale)&(scale>0)
    score=np.divide(a-center,scale,out=np.full_like(a,np.nan),where=valid)
    return score,np.squeeze(center,axis),np.squeeze(scale,axis)
def eeg_joint_probability(op,x,model=None,**p):
    p=_params(p,{'local_threshold':10.,'global_threshold':10.,'bins':1000})
    a,names,sf=_start(op,'joint_probability',x,model,True)
    if not isinstance(x,mne.BaseEpochs):raise TypeError('requires Epochs')
    if len(a)<2 or a.shape[-1]<4:raise ValueError('requires at least two epochs with four samples each')
    lt=_positive(p['local_threshold'],'local_threshold',True);gt=_positive(p['global_threshold'],'global_threshold',True)
    bins=p['bins']
    if not isinstance(bins,int) or isinstance(bins,bool) or bins<2:raise ValueError('bins must be an integer >= 2')
    def surprise(y):
        lo=float(np.min(y));hi=float(np.max(y))
        if hi==lo:return np.full_like(y,np.nan)
        idx=np.floor((y-lo)/(hi-lo)*(bins-1)).astype(int);count=np.bincount(idx.ravel(),minlength=bins);return -np.log(count[idx]/y.size)
    local=np.stack([surprise(a[:,c,:]).sum(axis=-1) for c in range(len(names))],axis=0)
    global_raw=np.array([surprise(epoch).sum() for epoch in a])
    lscore,lcenter,lscale=_z(local,1);gscore,gcenter,gscale=_z(global_raw,0)
    lm=(np.abs(lscore)>lt) if lt else np.zeros_like(lscore,dtype=bool);gm=(np.abs(gscore)>gt) if gt else np.zeros_like(gscore,dtype=bool)
    return _result(x,names,epoch_selection=x.selection.copy(),local_axis_order='channel, epoch',local_raw=local,global_raw=global_raw,local_z=lscore,global_z=gscore,local_center=lcenter,local_scale=lscale,global_center=gcenter,global_scale=gscale,local_valid=np.isfinite(lscore),global_valid=np.isfinite(gscore),local_mask=lm,global_mask=gm,epoch_mask=np.any(lm,axis=0)|gm,normalization='mean and sample SD across epochs',undefined_reason='zero scale or constant signal' if not(np.isfinite(lscore).all() and np.isfinite(gscore).all()) else None)
",联合概率异常检测。[EEGLAB 源码](https://github.com/sccn/eeglab/tree/420769355b4e754628edfb43da2eb02c72fb8333/functions/sigprocfunc)。,局部/全局原始量、样本标准差、z 分数、独立掩码及未定义标记。,逐通道全部 Epoch 建立等距 min/max 直方图，逐窗求负对数概率和；global 按每窗独立合并通道/时间后求量。 两层均沿 Epoch 轴用样本标准差标准化；阈值 0 关闭相应判据。,独立直方图/四阶矩参考、异常 Epoch、零尺度和单位缩放测试。,
EEG-KURTOSIS,Epochs（V），至少 2 个 Epoch 和每窗 4 点；沿各通道的 Epoch 轴标准化，global 每窗合并通道和时间。,原数据、通道、bads 和事件保持；返回独立副本。,"kurtosis：{""local_threshold"": 10.0, ""global_threshold"": 10.0}；拒绝未知参数。","""""""EEG detection basic unit; inputs are read-only, values use SI volts.""""""
import numpy as np
import mne
from scipy import signal, stats

def _params(p, defaults):
    unknown=set(p)-set(defaults)
    if unknown: raise TypeError('unknown parameters: '+str(sorted(unknown)))
    return dict(defaults, **p)

def _start(op, expected, x, model, allow_epochs=False, picks=None):
    if op != expected: raise ValueError('operation must be '+expected)
    if model is not None: raise ValueError('detection does not accept a fitted model')
    valid=(mne.io.BaseRaw,mne.BaseEpochs) if allow_epochs else (mne.io.BaseRaw,)
    if not isinstance(x,valid): raise TypeError('expected Raw or supported Epochs')
    if picks is None: picks=mne.pick_types(x.info, eeg=True, exclude='bads').tolist()
    else:
        if not isinstance(picks,(list,tuple)) or not picks or len(set(picks))!=len(picks): raise ValueError('picks must be unique channel names')
        if any(c not in x.ch_names for c in picks): raise ValueError('unknown channel')
        picks=[x.ch_names.index(c) for c in picks]
    if not picks: raise ValueError('no selected channels')
    a=x.get_data(picks=picks)
    if not np.isfinite(a).all(): raise ValueError('selected data must be finite')
    return a,[x.ch_names[k] for k in picks],float(x.info['sfreq'])

def _positive(v, name, zero=False):
    if isinstance(v,(bool,np.bool_)) or not np.isscalar(v) or not np.isfinite(v) or (v<0 if zero else v<=0): raise ValueError(name+' must be finite '+('nonnegative' if zero else 'positive'))
    return float(v)

def _fraction(v,name):
    v=_positive(v,name,True)
    if v>1: raise ValueError(name+' must be in [0,1]')
    return v

def _samples(seconds, sf, name):
    n=_positive(seconds,name)*sf
    if n<1 or not np.isclose(n,round(n),rtol=0,atol=1e-8): raise ValueError(name+' must contain an integer number of samples')
    return int(round(n))

def _segments(x, intervals=None):
    n=x.n_times
    if intervals is not None:
        v=np.asarray(intervals)
        if v.ndim!=2 or v.shape[1]!=2 or not len(v) or v.dtype.kind not in 'iu': raise ValueError('valid_intervals must be nonempty integer [start, stop) sample pairs')
        if np.any(v[:,0]<0) or np.any(v[:,1]>n) or np.any(v[:,1]<=v[:,0]) or np.any(v[1:,0]<v[:-1,1]): raise ValueError('invalid/overlapping intervals')
        return v
    from mne.annotations import _annotations_starts_stops
    starts,ends=_annotations_starts_stops(x,('bad','edge'),invert=True)
    return np.array([(s,e) for s,e in zip(starts,ends) if e>s],dtype=int).reshape(-1,2)

def _windows(x,a,p):
    sf=float(x.info['sfreq']);win=_samples(p['window_s'],sf,'window_s');step=_samples(p['stride_s'],sf,'stride_s')
    if p['tail']!='drop': raise ValueError('tail must be drop')
    iv=_segments(x,p['valid_intervals']);bounds=np.array([(s,e) for lo,hi in iv for s in range(lo,hi-win+1,step) for e in [s+win]],dtype=int).reshape(-1,2)
    if len(bounds)<p['min_windows'] or not isinstance(p['min_windows'],int) or isinstance(p['min_windows'],bool) or p['min_windows']<1: raise ValueError('insufficient valid windows or invalid min_windows')
    return np.stack([a[:,s:e] for s,e in bounds],axis=1),bounds

def _result(x,names,**artifacts):
    return {'data':x.copy(),'model':None,'artifacts':{'channel_names':names,**artifacts}}

def _candidates(names,mask): return [n for n,b in zip(names,np.asarray(mask,dtype=bool)) if b]

def _epoch_axes(x,names):
    return {'channel_names':names,'epoch_selection':np.asarray(x.selection).copy(),'events':x.events.copy(),'times_s':x.times.copy()}


def _z(a,axis):
    center=np.mean(a,axis=axis,keepdims=True);scale=np.std(a,axis=axis,ddof=1,keepdims=True);valid=np.isfinite(scale)&(scale>0)
    score=np.divide(a-center,scale,out=np.full_like(a,np.nan),where=valid)
    return score,np.squeeze(center,axis),np.squeeze(scale,axis)
def eeg_kurtosis(op,x,model=None,**p):
    p=_params(p,{'local_threshold': 10.0, 'global_threshold': 10.0})
    a,names,sf=_start(op,'kurtosis',x,model,True)
    if not isinstance(x,mne.BaseEpochs):raise TypeError('requires Epochs')
    if len(a)<2 or a.shape[-1]<4:raise ValueError('requires at least two epochs with four samples each')
    lt=_positive(p['local_threshold'],'local_threshold',True);gt=_positive(p['global_threshold'],'global_threshold',True)
    local=stats.kurtosis(a,axis=-1,fisher=False,bias=True).T
    global_raw=stats.kurtosis(a.reshape(len(a),-1),axis=-1,fisher=False,bias=True)
    lscore,lcenter,lscale=_z(local,1);gscore,gcenter,gscale=_z(global_raw,0)
    lm=(np.abs(lscore)>lt) if lt else np.zeros_like(lscore,dtype=bool);gm=(np.abs(gscore)>gt) if gt else np.zeros_like(gscore,dtype=bool)
    return _result(x,names,epoch_selection=x.selection.copy(),local_axis_order='channel, epoch',local_raw=local,global_raw=global_raw,local_z=lscore,global_z=gscore,local_center=lcenter,local_scale=lscale,global_center=gcenter,global_scale=gscale,local_valid=np.isfinite(lscore),global_valid=np.isfinite(gscore),local_mask=lm,global_mask=gm,epoch_mask=np.any(lm,axis=0)|gm,normalization='mean and sample SD across epochs',undefined_reason='zero scale or constant signal' if not(np.isfinite(lscore).all() and np.isfinite(gscore).all()) else None)
",峰度异常检测。[EEGLAB 源码](https://github.com/sccn/eeglab/tree/420769355b4e754628edfb43da2eb02c72fb8333/functions/sigprocfunc)。,局部/全局原始量、样本标准差、z 分数、独立掩码及未定义标记。,逐通道/逐窗计算 MATLAB 默认未校正 Pearson 峰度；global 每窗合并通道/时间。 两层均沿 Epoch 轴用样本标准差标准化；阈值 0 关闭相应判据。,独立直方图/四阶矩参考、异常 Epoch、零尺度和单位缩放测试。,
EEG-BLINK-IQR,连续检测副本（V）：已临时补回原坏道、加入零值初始参考、按完整通道轴平均参考，再恢复检测好道轴。传 reference_evidence 绑定该参考总体；独立于清理输出参考。,原数据、通道、bads 和事件保持；返回独立副本。,"blink_iqr：{""required"": [""reference_evidence""], ""defaults"": {""blink_channels"": [""Fp1"", ""Fpz"", ""Fp2"", ""AF3"", ""AF4"", ""F3"", ""F1"", ""Fz"", ""F2"", ""F4""], ""lowpass_Hz"": 25.0, ""zero_intervals"": null, ""variant"": ""relax_2_0_1""}}。reference_evidence={original_channel_names:[原始头皮通道名],interpolated_channel_names:[临时补回通道名],zero_reference_included:true,reference_denominator:C+1}；C 为完整原始头皮通道数。检测副本先临时补回坏道、加入零值初始参考，按 C+1 平均参考，再取检测好道；清理输出的参考另行执行。lowpass_Hz=6|25；variant=relax_2_0_1|repaired_indices；zero_intervals 为半开样点区间，None/[] 表示不置零。","""""""EEG detection basic unit; inputs are read-only, values use SI volts.""""""
import numpy as np
import mne
from scipy import signal, stats

def _params(p, defaults):
    unknown=set(p)-set(defaults)
    if unknown: raise TypeError('unknown parameters: '+str(sorted(unknown)))
    return dict(defaults, **p)

def _start(op, expected, x, model, allow_epochs=False, picks=None):
    if op != expected: raise ValueError('operation must be '+expected)
    if model is not None: raise ValueError('detection does not accept a fitted model')
    valid=(mne.io.BaseRaw,mne.BaseEpochs) if allow_epochs else (mne.io.BaseRaw,)
    if not isinstance(x,valid): raise TypeError('expected Raw or supported Epochs')
    if picks is None: picks=mne.pick_types(x.info, eeg=True, exclude='bads').tolist()
    else:
        if not isinstance(picks,(list,tuple)) or not picks or len(set(picks))!=len(picks): raise ValueError('picks must be unique channel names')
        if any(c not in x.ch_names for c in picks): raise ValueError('unknown channel')
        picks=[x.ch_names.index(c) for c in picks]
    if not picks: raise ValueError('no selected channels')
    a=x.get_data(picks=picks)
    if not np.isfinite(a).all(): raise ValueError('selected data must be finite')
    return a,[x.ch_names[k] for k in picks],float(x.info['sfreq'])

def _positive(v, name, zero=False):
    if isinstance(v,(bool,np.bool_)) or not np.isscalar(v) or not np.isfinite(v) or (v<0 if zero else v<=0): raise ValueError(name+' must be finite '+('nonnegative' if zero else 'positive'))
    return float(v)

def _fraction(v,name):
    v=_positive(v,name,True)
    if v>1: raise ValueError(name+' must be in [0,1]')
    return v

def _samples(seconds, sf, name):
    n=_positive(seconds,name)*sf
    if n<1 or not np.isclose(n,round(n),rtol=0,atol=1e-8): raise ValueError(name+' must contain an integer number of samples')
    return int(round(n))

def _segments(x, intervals=None):
    n=x.n_times
    if intervals is not None:
        v=np.asarray(intervals)
        if v.ndim!=2 or v.shape[1]!=2 or not len(v) or v.dtype.kind not in 'iu': raise ValueError('valid_intervals must be nonempty integer [start, stop) sample pairs')
        if np.any(v[:,0]<0) or np.any(v[:,1]>n) or np.any(v[:,1]<=v[:,0]) or np.any(v[1:,0]<v[:-1,1]): raise ValueError('invalid/overlapping intervals')
        return v
    from mne.annotations import _annotations_starts_stops
    starts,ends=_annotations_starts_stops(x,('bad','edge'),invert=True)
    return np.array([(s,e) for s,e in zip(starts,ends) if e>s],dtype=int).reshape(-1,2)

def _windows(x,a,p):
    sf=float(x.info['sfreq']);win=_samples(p['window_s'],sf,'window_s');step=_samples(p['stride_s'],sf,'stride_s')
    if p['tail']!='drop': raise ValueError('tail must be drop')
    iv=_segments(x,p['valid_intervals']);bounds=np.array([(s,e) for lo,hi in iv for s in range(lo,hi-win+1,step) for e in [s+win]],dtype=int).reshape(-1,2)
    if len(bounds)<p['min_windows'] or not isinstance(p['min_windows'],int) or isinstance(p['min_windows'],bool) or p['min_windows']<1: raise ValueError('insufficient valid windows or invalid min_windows')
    return np.stack([a[:,s:e] for s,e in bounds],axis=1),bounds

def _result(x,names,**artifacts):
    return {'data':x.copy(),'model':None,'artifacts':{'channel_names':names,**artifacts}}

def _candidates(names,mask): return [n for n,b in zip(names,np.asarray(mask,dtype=bool)) if b]

def _epoch_axes(x,names):
    return {'channel_names':names,'epoch_selection':np.asarray(x.selection).copy(),'events':x.events.copy(),'times_s':x.times.copy()}

def eeg_blink_iqr(op,x,model=None,**p):
    if 'reference_evidence' not in p:raise ValueError('reference_evidence is required')
    p=_params(p,{'blink_channels':['Fp1','Fpz','Fp2','AF3','AF4','F3','F1','Fz','F2','F4'],'lowpass_Hz':25.,'zero_intervals':None,'reference_evidence':p['reference_evidence'],'variant':'relax_2_0_1'})
    if not isinstance(p['blink_channels'],(list,tuple)) or not p['blink_channels'] or len(set(v.lower() for v in p['blink_channels']))!=len(p['blink_channels']):raise ValueError('blink_channels must be unique names')
    names=[n for n in x.ch_names if n.lower() in {s.lower() for s in p['blink_channels']}]
    a,names,sf=_start(op,'blink_iqr',x,model,picks=names)
    ref=p['reference_evidence'];required={'original_channel_names','interpolated_channel_names','zero_reference_included','reference_denominator'}
    if not isinstance(ref,dict) or set(ref)!=required:raise ValueError('reference_evidence requires full original channel axis, interpolated channels, zero reference and denominator')
    original=ref['original_channel_names'];interpolated=ref['interpolated_channel_names']
    if not isinstance(original,list) or len(set(original))!=len(original) or not set(x.ch_names)<=set(original) or not set(interpolated)<=set(original) or ref['zero_reference_included'] is not True or ref['reference_denominator']!=len(original)+1:raise ValueError('expected RELAX detection reference: restored original electrodes plus zero initial reference, then original good-axis selection')
    if p['lowpass_Hz'] not in (6.,25.) or sf<=2*p['lowpass_Hz']:raise ValueError('lowpass_Hz must be 6 or 25 and below Nyquist')
    if p['variant'] not in ('relax_2_0_1','repaired_indices'):raise ValueError('unknown blink variant')
    b,aa=signal.butter(2,[1.,p['lowpass_Hz']],btype='bandpass',fs=sf);padlen=3*(max(len(aa),len(b))-1)
    if a.shape[-1]<=padlen:raise ValueError('insufficient samples for blink filter')
    filtered=signal.filtfilt(b,aa,a,axis=-1,padlen=padlen)
    if p['zero_intervals'] is not None and np.asarray(p['zero_intervals']).size:
        for lo,hi in _segments(x,p['zero_intervals']):filtered[:,lo:hi]=0
    trace=np.mean(filtered,axis=0);q25,q75=np.quantile(trace,[.25,.75],method='hazen');threshold=q75+3*(q75-q25)
    exceed=trace>threshold
    if p['variant']=='relax_2_0_1':
        assigned=np.flatnonzero(trace!=threshold)
        if not len(assigned):raise ValueError('RELAX legacy never initializes its blink metric when all samples equal threshold')
        metric=exceed[:assigned[-1]+1]
    else:metric=exceed
    starts=np.flatnonzero(np.diff(metric.astype(int))==1)+1;ends=np.flatnonzero(np.diff(metric.astype(int))==-1)
    if len(starts) and not len(ends) and p['variant']=='relax_2_0_1':raise ValueError('RELAX legacy has an unclosed blink run')
    pairs=[(int(s),int(ends[ends>=s][0])) for s in starts if np.any(ends>=s)]
    min_len=int(np.floor(.05*sf+.5));peaks=[];mask=np.zeros(len(trace),bool);events=[];detected=False;edge_discarded=[]
    for s,e in pairs:
        if e-s<=min_len:continue
        peak=s+int(np.argmax(trace[s:e+1]))+(1 if p['variant']=='relax_2_0_1' else 0);peaks.append(peak);left=peak-.4*sf;right=peak+.4*sf
        lo=int(np.floor(left+.5));hi=int(np.floor(right+.5))
        if lo>=0 and hi<len(trace)-1:
            mask[lo:hi+1]=True;events.append({'peak_raw_sample':peak+x.first_samp,'left_base_raw_sample':left+x.first_samp,'right_base_raw_sample':right+x.first_samp});detected=True
        else:
            edge_discarded.append(peak)
            if p['variant']=='relax_2_0_1':detected=False
    return _result(x,names,trace_V=trace,threshold_V=threshold,threshold_exceeded_mask=exceed,legacy_metric_sample_count=len(metric),blink_mask=mask,peak_samples=np.asarray(peaks,dtype=int),events=events,detected_blinks=detected,edge_discarded_peaks=edge_discarded,reference_evidence=ref,variant=p['variant'],legacy_behavior={'peak_plus_one':p['variant']=='relax_2_0_1','edge_peak_resets_detected_flag':p['variant']=='relax_2_0_1'})
",眨眼 IQR 时段检测。[RELAX IQR 源码](https://github.com/NeilwBailey/RELAX/blob/RELAX-v2.0.1/RELAX_blinks_IQR_method.m)。,均值检测波形、IQR 上界、阈值掩码、±400 ms 眨眼掩码、峰事件及边界剔除。,检测副本经 2 阶原型 Butterworth 1–25 或 1–6 Hz 双向滤波；超过 q75+3×IQR 的持续区间判定；legacy 保留 +1 样点及边缘标志行为，repaired_indices 明确修正两者。,滤波/分位数/持续时长公式、合成 blink、首尾和 variant 差异测试。,
EEG-ROBUST-REFERENCE,仅含 EEG 的 Raw 电位 V，通道坐标及人工坏道已设置；允许 NaN，拒绝 Inf；辅助通道由上游暂存。PyPREP0.7.1、MNE1.10.2。,fit 返回参考后的 Raw 和 awaiting_final_interpolation 状态；finalize 返回最终插值/校正参考后的有限 Raw 和 finalized 状态。函数不修改输入或输入模型。,"prep_reference_fit 必需 ref_chs,reref_chs（独立唯一 EEG 名单）；max_iterations=4（非负整数），ransac=True，channel_wise=False，max_chunk_size=None|正整数（须channel_wise及ransac），random_state=None|uint32种子|MT19937状态{bit_generator:MT19937,keys:uint32[624],pos:0..624,has_gauss:0|1,cached_gaussian:有限数}，reject_by_annotation=None|omit。固定 matlab_strict=False；作者循环在 iteration>1且坏道稳定/为空，或iteration>max_iterations时退出。prep_reference_finalize 无参数，model 必须 awaiting 状态且 data/通道/位置/注释/时基哈希匹配；finalized 状态不能再终结。","

# Extensions for the frozen MNE 1.10.2 / PyPREP 0.7.1 contracts.
import copy as _core_copylib
import hashlib as _core_hashlib
import importlib.metadata as _core_metadata
import warnings as _core_warnings
import json as _core_json
import numpy as np
import mne

def _core_kwargs(p, defaults, required=()):
    missing=set(required)-set(p);unknown=set(p)-set(defaults)
    if missing or unknown:raise ValueError('missing parameters='+str(sorted(missing))+'; unknown='+str(sorted(unknown)))
    return dict(defaults,**p)

def _core_bool(value,name):
    if not isinstance(value,(bool,np.bool_)):raise TypeError(name+' must be boolean')
    return bool(value)

def _core_int(value,name,low=0,high=None):
    if isinstance(value,(bool,np.bool_)) or not isinstance(value,(int,np.integer)) or value<low or (high is not None and value>high):raise ValueError(name+' invalid integer')
    return int(value)

def _core_real(value,name,low=None,high=None,strict=False):
    if isinstance(value,(bool,np.bool_)) or not isinstance(value,(int,float,np.integer,np.floating)) or not np.isfinite(value):raise ValueError(name+' must be finite real')
    if low is not None and (value<=low if strict else value<low):raise ValueError(name+' below range')
    if high is not None and value>high:raise ValueError(name+' above range')
    return float(value)

def _core_raw(x,allow_nan=False,epochs=False):
    if not isinstance(x,(mne.io.BaseRaw,mne.BaseEpochs) if epochs else mne.io.BaseRaw):raise TypeError('expected '+('Raw/Epochs' if epochs else 'Raw'))
    if isinstance(x,mne.BaseEpochs) and not x.preload:raise ValueError('Epochs must be preloaded')
    y=x.copy().load_data();a=y.get_data()
    if not a.size or np.iscomplexobj(a) or np.isinf(a).any() or (not allow_nan and np.isnan(a).any()):raise ValueError('empty, complex or unsupported nonfinite signal')
    return y

def _core_names(y,names,allow_empty=False):
    if not isinstance(names,(list,tuple)) or (not names and not allow_empty) or any(not isinstance(n,str) for n in names) or len(set(names))!=len(names):raise ValueError('channel names must be unique')
    good={n for n,t in zip(y.ch_names,y.get_channel_types()) if t=='eeg'}
    if not set(names)<=good:raise ValueError('existing EEG names required')
    return [y.ch_names.index(n) for n in names]

def _core_array_hash(a):
    a=np.ascontiguousarray(a)
    return _core_hashlib.sha256(str((a.dtype.str,a.shape)).encode()+a.tobytes()).hexdigest()

def _core_frame(y):
    return {'sfreq':float(y.info['sfreq']),'n_times':len(y.times),
            'first_samp':int(y.first_samp) if isinstance(y,mne.io.BaseRaw) else None,
            'epoch_selection':None if isinstance(y,mne.io.BaseRaw) else y.selection.tolist(),
            'epoch_events':None if isinstance(y,mne.io.BaseRaw) else y.events.tolist(),
            'tmin':float(y.times[0]),'meas_date':str(y.info.get('meas_date'))}

def _core_raw_hash(y):
    return _core_value_hash({'frame':_core_frame(y),'names':y.ch_names,'types':y.get_channel_types(),
        'bads':y.info['bads'],'data':y.get_data(),'locs':[c['loc'] for c in y.info['chs']],
        'dig':y.info['dig'],'projs':[dict(v) for v in y.info['projs']],
        'custom_ref_applied':int(y.info['custom_ref_applied']),
        'highpass':y.info['highpass'],'lowpass':y.info['lowpass'],
        'annotations':None if y.annotations is None else {'onset':y.annotations.onset,'duration':y.annotations.duration,
            'description':y.annotations.description,'ch_names':y.annotations.ch_names,
            'orig_time':str(y.annotations.orig_time)}})

def _core_value_hash(v):
    def plain(a):
        if isinstance(a,np.ndarray):
            if a.dtype.kind=='O':return {'shape':list(a.shape),'values':plain(a.tolist())}
            return {'dtype':a.dtype.str,'shape':list(a.shape),'hash':_core_array_hash(a)}
        if isinstance(a,np.generic):return plain(a.item())
        if isinstance(a,dict):return {str(k):plain(v) for k,v in a.items()}
        if isinstance(a,(list,tuple)):return [plain(v) for v in a]
        if isinstance(a,(str,int,float,bool)) or a is None:return a
        raise TypeError('unsupported state value: '+str(type(a)))
    return _core_hashlib.sha256(_core_json.dumps(plain(v),sort_keys=True,separators=(',',':'),allow_nan=True).encode()).hexdigest()

def _core_out(data,model=None,**artifacts):
    return {'data':data,'model':model,'artifacts':artifacts}

def _core_rng_dump(rng):
    name,keys,pos,has,cached=rng.get_state()
    return {'bit_generator':name,'keys':keys.copy(),'pos':int(pos),'has_gauss':int(has),'cached_gaussian':float(cached)}

def _core_rng(value):
    if value is None:
        rng=np.random.RandomState();rng.set_state(np.random.get_state());return rng
    if isinstance(value,(int,np.integer)) and not isinstance(value,(bool,np.bool_)):
        return np.random.RandomState(_core_int(value,'random_state',0,2**32-1))
    if not isinstance(value,dict) or set(value)!={'bit_generator','keys','pos','has_gauss','cached_gaussian'} or value['bit_generator']!='MT19937':raise ValueError('random_state must be None, uint32 seed, or MT19937 state')
    keys=np.asarray(value['keys'])
    if keys.shape!=(624,) or keys.dtype.kind not in 'iu' or np.any(keys<0) or np.any(keys>2**32-1):raise ValueError('invalid MT19937 keys')
    pos=_core_int(value['pos'],'pos',0,624);has=_core_int(value['has_gauss'],'has_gauss',0,1);cached=_core_real(value['cached_gaussian'],'cached_gaussian')
    rng=np.random.RandomState();rng.set_state(('MT19937',keys.astype(np.uint32),pos,has,cached));return rng

def _core_versions():
    if _core_metadata.version('pyprep')!='0.7.1' or mne.__version__!='1.10.2':raise RuntimeError('profile requires PyPREP 0.7.1 and MNE 1.10.2')

def _core_nonfinite_policy(value):
    if value not in ('reject','propagate'):raise ValueError('nonfinite must be reject or propagate')
    return value=='propagate'

# Author Reference phases, with read-only loop observations and explicit state.
import inspect as _core_inspect
import textwrap as _core_textwrap
from pathlib import Path as _CorePath
import pyprep.reference as _core_reference_module

_CORE_REFERENCE_SOURCE_SHA256='893ad8dbc7110a6ec3a2fa84da1330f1ebc990babd730c01742a719e3a1a0074'

class _CoreObservedReference(_core_reference_module.Reference):
    def _core_loop_start(self,loc):
        self._core_pending={'iteration':int(loc['iterations']),
            'rng_before':_core_rng_dump(self.random_state),
            'reference_before_V':self.reference_signal.copy(),
            'original_detrended_hash':_core_array_hash(loc['signal']),
            'detection_input_hash':_core_array_hash(loc['signal_tmp'])}

    def _core_loop_decision(self,loc):
        i=loc['iterations'];b=loc['bad_chans'];previous=loc['previous_bads']
        stable=i>1 and (len(b)==0 or b==previous);limited=i>loc['max_iterations']
        self._core_pending.update(rng_after=_core_rng_dump(self.random_state),
            detected=_core_copylib.deepcopy(loc['noisy_new']),
            accumulated=_core_copylib.deepcopy(loc['noisy']),
            reference_donors=list(loc['reference_channels']),reference_targets=list(loc['reference_channels']),
            stop=bool(stable or limited),stop_reason='stable' if stable else ('iteration_limit' if limited else None))
        self._core_trace.append(self._core_pending)

    def _core_loop_updated(self,loc):
        self._core_trace[-1].update(reference_after_V=self.reference_signal.copy(),
            reference_input_hash=_core_array_hash(loc['raw_tmp'].get_data()),
            next_detection_input_hash=_core_array_hash(loc['signal_tmp']))

def _core_observed_reference():
    _core_versions()
    path=_CorePath(_core_reference_module.__file__)
    if _core_hashlib.sha256(path.read_bytes()).hexdigest()!=_CORE_REFERENCE_SOURCE_SHA256:raise RuntimeError('author reference source changed')
    source=_core_textwrap.dedent(_core_inspect.getsource(_core_reference_module.Reference.robust_reference))
    changes={
        '    while True:\n':'    while True:\n        self._core_loop_start(locals())\n',
        '        if (\n            iterations > 1\n':'        self._core_loop_decision(locals())\n        if (\n            iterations > 1\n',
        '        iterations = iterations + 1\n':'        self._core_loop_updated(locals())\n        iterations = iterations + 1\n'}
    for old,new in changes.items():
        if source.count(old)!=1:raise RuntimeError('author loop observation anchor changed')
        source=source.replace(old,new)
    namespace=dict(vars(_core_reference_module));exec(compile(source,str(path)+':observed','exec'),namespace)
    _CoreObservedReference.robust_reference=namespace['robust_reference']
    return _CoreObservedReference

def _core_reference_model(ref,stage):
    state={k:_core_copylib.deepcopy(v) for k,v in ref.__dict__.items()
           if k not in ('raw','random_state','_core_pending')}
    state['random_state']=_core_rng_dump(ref.random_state)
    model={'kind':'eeg_prep_reference_071_v1','stage':stage,'state':state,
        'data_hash':_core_raw_hash(ref.raw),'author_source_sha256':_CORE_REFERENCE_SOURCE_SHA256}
    model['state_hash']=_core_value_hash(model)
    return model

def eeg_robust_reference(op,x,model=None,**p):
    _core_versions()
    if op=='prep_reference_fit':
        if model is not None:raise ValueError('fit requires model=None')
        p=_core_kwargs(p,{'ref_chs':None,'reref_chs':None,'max_iterations':4,'ransac':True,
            'channel_wise':False,'max_chunk_size':None,'random_state':None,'reject_by_annotation':None},('ref_chs','reref_chs'))
        y=_core_raw(x,allow_nan=True)
        if any(t!='eeg' for t in y.get_channel_types()):raise ValueError('reference state requires EEG-only Raw; partition auxiliary channels upstream')
        _core_names(y,p['ref_chs']);_core_names(y,p['reref_chs'])
        _core_int(p['max_iterations'],'max_iterations',0)
        for k in ('ransac','channel_wise'):p[k]=_core_bool(p[k],k)
        if p['max_chunk_size'] is not None:
            _core_int(p['max_chunk_size'],'max_chunk_size',1)
            if not p['channel_wise'] or not p['ransac']:raise ValueError('max_chunk_size needs channel-wise RANSAC')
        if p['reject_by_annotation'] not in (None,'omit'):raise ValueError('invalid reject_by_annotation')
        cls=_core_observed_reference();rng=_core_rng(p['random_state']);rng_before=_core_rng_dump(rng)
        ref=cls(y,{'ref_chs':list(p['ref_chs']),'reref_chs':list(p['reref_chs'])},
            ransac=p['ransac'],channel_wise=p['channel_wise'],max_chunk_size=p['max_chunk_size'],
            random_state=rng,reject_by_annotation=p['reject_by_annotation'],matlab_strict=False)
        ref._core_trace=[]
        with _core_warnings.catch_warnings(record=True) as caught:
            _core_warnings.simplefilter('always');ref.perform_reference(max_iterations=p['max_iterations'],interpolate_bads=False)
        if np.isinf(ref.raw.get_data()).any():raise ValueError('native reference produced infinity')
        outmodel=_core_reference_model(ref,'awaiting_final_interpolation')
        return _core_out(ref.raw.copy(),outmodel,parameters=p,rng_before=rng_before,rng_after=_core_rng_dump(rng),
            loop_trace=_core_copylib.deepcopy(ref._core_trace),initial_candidates=_core_copylib.deepcopy(ref.noisy_channels_original),
            cumulative_candidates=_core_copylib.deepcopy(ref.noisy_channels),unusable_channels=list(ref.unusable_channels),
            before_interpolation_candidates=list(ref.bad_before_interpolation),reference_signal_V=ref.reference_signal.copy(),
            warnings=[str(w.message) for w in caught],source_profile='pyprep_071')
    if op=='prep_reference_finalize':
        _core_kwargs(p,{})
        if not isinstance(model,dict) or model.get('kind')!='eeg_prep_reference_071_v1' or model.get('stage')!='awaiting_final_interpolation':raise ValueError('awaiting-final-interpolation model required')
        if model.get('author_source_sha256')!=_CORE_REFERENCE_SOURCE_SHA256 or _core_hashlib.sha256(_CorePath(_core_reference_module.__file__).read_bytes()).hexdigest()!=_CORE_REFERENCE_SOURCE_SHA256:raise ValueError('author source mismatch')
        check={k:v for k,v in model.items() if k!='state_hash'}
        if model.get('state_hash')!=_core_value_hash(check):raise ValueError('reference model state changed')
        y=_core_raw(x,allow_nan=True)
        if _core_raw_hash(y)!=model['data_hash']:raise ValueError('reference data/frame/montage/annotation mismatch')
        state=_core_copylib.deepcopy(model['state']);rng=_core_rng(state.pop('random_state'))
        ref=_core_reference_module.Reference.__new__(_core_reference_module.Reference)
        ref.__dict__.update(state);ref.raw=y;ref.random_state=rng
        before=_core_rng_dump(rng)
        with _core_warnings.catch_warnings(record=True) as caught:
            _core_warnings.simplefilter('always');ref.interpolate_bads()
        if not np.isfinite(ref.raw.get_data()).all():raise ValueError('final interpolation left nonfinite EEG')
        return _core_out(ref.raw.copy(),_core_reference_model(ref,'finalized'),
            interpolated_channels=list(ref.interpolated_channels),still_noisy_channels=list(ref.still_noisy_channels),
            reference_signal_V=ref.reference_signal_new.copy(),reference_correction_V=ref.reference_signal_new-ref.reference_signal,
            criterion_candidates=_core_copylib.deepcopy(ref.noisy_channels_after_interpolation),
            rng_before=before,rng_after=_core_rng_dump(rng),warnings=[str(w.message) for w in caught],source_profile='pyprep_071')
    raise ValueError('invalid operation')
",稳健参考联合估计：初始中位数、累计坏道、插值和均值参考迭代；保留状态、随机流、停止条件与末次修正。,纯字典状态（数组/标量/名单）、逐次判据/累计坏道/参考向量/停止原因、推进RNG、插值前与末次坏道。,作者停止条件成立；finalize 完成后 EEG 有限；同一流程继续使用返回的状态。,通过固定版本数值对照、输入保持和无效参数检查；验收收据见 core/results。,
EEG-IC-BLINK-WEIGHTS,Raw 电位 V；匹配通道、采样率、参考及分量指纹的 ICA 模型；noise_cov=None。,"data=输入副本；eye_weights 为 IC×sample 的 [0,1] 数组，非 Eye IC 行为0。",eye_components:bool[IC]；raw_blink_mask:bool[sample]；component_id/reference_id:与模型一致的非空标识；profile=relax_2_0_1|repaired_units_indices，默认前者。源 profile 保留100 ms两次换算和合并前端点规则；repaired 使用实际100 ms和合并后连续段。,"""""""RELAX v2.0.1 formula adapter. Copyright Neil Bailey et al.; GPL-3.0-or-later. Source commit 318300217bdb7ed47a19a892fed16690c5bb77b4.""""""
import numpy as np
import mne
from scipy.signal import butter, filtfilt
import hashlib, json
from numbers import Real

def _round(a):
    return np.floor(np.asarray(a) + 0.5).astype(int)

def _profile(p):
    if p not in ('relax_2_0_1', 'repaired_units_indices'):
        raise ValueError('profile=relax_2_0_1|repaired_units_indices')

def _real(a, name, ndim=None, finite=True):
    a = np.asarray(a)
    if a.dtype.kind not in 'iuf' or np.iscomplexobj(a):
        raise TypeError(name + ' needs real numeric array')
    a = np.asarray(a, float)
    if ndim is not None and a.ndim != ndim or (finite and (not np.isfinite(a).all())):
        raise ValueError(name + ' shape/finite')
    return a

def _bool(a, shape, name):
    a = np.asarray(a)
    if a.dtype.kind != 'b' or a.shape != shape:
        raise ValueError(name + ' requires boolean array ' + str(shape))
    return a

def _copy(x):
    if not isinstance(x, (mne.io.BaseRaw, mne.BaseEpochs)):
        raise TypeError('Raw/Epochs in V required')
    y = x.copy().load_data()
    a = y.get_data()
    if not a.size or not np.isfinite(a).all():
        raise ValueError('finite nonempty data required')
    return y

def _params(p, required, defaults):
    missing = set(required) - set(p)
    extra = set(p) - set(required) - set(defaults)
    if missing or extra:
        raise ValueError('missing=' + str(missing) + ' extra=' + str(extra))
    return {**defaults, **p}

def _out(x, **a):
    return {'data': x.copy(), 'model': None, 'artifacts': a}

def _runs(mask):
    d = np.diff(np.r_[False, np.asarray(mask, bool), False].astype(int))
    return list(zip(np.where(d == 1)[0], np.where(d == -1)[0]))

def _mean_shrink(a, h):
    c = np.r_[0.0, np.cumsum(a)]
    pos = np.arange(len(a))
    lo = np.maximum(0, pos - h)
    hi = np.minimum(len(a), pos + h + 1)
    return (c[hi] - c[lo]) / (hi - lo)

def _eye_weights_numeric(S, fs, eyes, raw_mask, profile):
    _profile(profile)
    S = _real(S, 'sources', 2)
    eyes = _bool(eyes, (len(S),), 'eyes')
    raw_mask = _bool(raw_mask, (S.shape[1],), 'raw_blink_mask')
    if not np.isfinite(fs) or fs <= 50:
        raise ValueError('fs must support 25Hz filter')
    b, a = butter(2, [0.5, 25], btype='bandpass', fs=fs)
    padlen = 3 * (max(len(a), len(b)) - 1)
    if S.shape[1] <= padlen:
        raise ValueError('insufficient samples for source filtfilt')
    h = int(_round(0.2 * fs))
    min_run = int(_round(_round(0.1 * fs) / (1000 / fs))) if profile == 'relax_2_0_1' else int(_round(0.1 * fs))
    weights = np.zeros_like(S)
    filtered = np.zeros_like(S)
    initial = np.zeros_like(S, dtype=bool)
    combined = initial.copy()
    for k in np.flatnonzero(eyes):
        q = filtfilt(b, a, S[k], padtype='odd', padlen=padlen)
        filtered[k] = q
        med = np.median(q)
        scaled_mad = 1.482602218505602 * np.median(abs(q - med))
        mask = abs(q - med) > 2 * scaled_mad
        initial[k] = mask
        starts = np.flatnonzero(np.diff(mask.astype(int)) == 1) + 1
        ends = np.flatnonzero(np.diff(mask.astype(int)) == -1)
        mask = mask | raw_mask
        if profile == 'relax_2_0_1':
            if len(starts):
                if not len(ends):
                    raise ValueError('author profile has unclosed initial IC blink run')
                if ends[0] < starts[0]:
                    ends = ends[1:]
                if not len(ends):
                    raise ValueError('author profile has no end after initial IC blink run')
                if ends[-1] < starts[-1]:
                    starts = starts[:-1]
                if len(starts) != len(ends):
                    raise ValueError('author IC blink endpoint mismatch')
                for st, en in zip(starts, ends):
                    if en - st < min_run:
                        mask[st:en + 1] = False
        else:
            for st, en in _runs(mask):
                if en - st < min_run:
                    mask[st:en] = False
        combined[k] = mask
        padded = mask.astype(float)
        for c in range(len(padded) - h - 2, -1, -1):
            if padded[c] == 1:
                padded[c:c + h + 1] = 1
        for c in range(h, len(padded)):
            if padded[c] == 1:
                padded[c - h:c + 1] = 1
        weights[k] = _mean_shrink(padded, h)
    return dict(eye_weights=weights, filtered_sources=filtered, ic_outlier_masks=initial, combined_masks=combined, minimum_run_samples=min_run, moving_mean_half_samples=h, profile=profile)

def _model_signature(x):
    projs = tuple(((p['desc'], int(p['kind']), bool(p['active']), tuple(p['data']['col_names']), hashlib.sha256(np.asarray(p['data']['data']).tobytes()).hexdigest()) for p in x.info['projs']))
    return (tuple(x.ch_names), tuple(x.get_channel_types()), tuple(x.info['bads']), int(x.info['custom_ref_applied']), projs)

def eeg_relax_eye_weights(op, x, model=None, **p):
    if op != 'eye_weights':
        raise ValueError('op=eye_weights')
    p = _params(p, ['eye_components', 'raw_blink_mask', 'component_id', 'reference_id'], {'profile': 'relax_2_0_1'})
    y = _copy(x)
    if not isinstance(y, mne.io.BaseRaw) or not isinstance(model, dict) or model.get('kind') != 'ica':
        raise TypeError('Raw and fitted ICA model required')
    ic = model['estimator']
    if model.get('signature') != _model_signature(y):
        raise ValueError('ICA channel/type/bads/reference/projector signature mismatch')
    if model.get('reference_id') != p['reference_id'] or model.get('sfreq') != y.info['sfreq'] or list(ic.ch_names) != [n for n, t in zip(y.ch_names, y.get_channel_types()) if t == 'eeg' and n not in y.info['bads']]:
        raise ValueError('ICA channel/reference/sampling mismatch')
    if p['component_id'] != _component_id(ic):
        raise ValueError('component identity mismatch')
    if ic.noise_cov is not None:
        raise ValueError('noise_cov=None required')
    S = ic.unmixing_matrix_ @ ic.pca_components_[:ic.n_components_] @ (y.get_data(picks=ic.ch_names) / ic.pre_whitener_)
    result = _eye_weights_numeric(S, y.info['sfreq'], p['eye_components'], p['raw_blink_mask'], p['profile'])
    return _out(y, **result, component_id=p['component_id'], reference_id=p['reference_id'])

def _identity_value(value):
    if isinstance(value, np.ndarray):
        if value.dtype.hasobject:
            raise TypeError('ICA identity cannot encode object arrays')
        if value.dtype.kind in 'fc' and (not np.isfinite(value).all()):
            raise ValueError('ICA identity parameters must be finite')
        return {'__ndarray__': {'dtype': value.dtype.str, 'shape': list(value.shape), 'sha256': hashlib.sha256(np.ascontiguousarray(value).tobytes()).hexdigest()}}
    if isinstance(value, np.generic):
        return _identity_value(value.item())
    if value is None or isinstance(value, (str, bool, int)):
        return value
    if isinstance(value, float):
        if not np.isfinite(value):
            raise ValueError('ICA identity parameters must be finite')
        return value
    if isinstance(value, (list, tuple)):
        return [_identity_value(v) for v in value]
    if isinstance(value, dict):
        if any((not isinstance(k, str) for k in value)):
            raise TypeError('ICA identity dictionary keys must be strings')
        return {k: _identity_value(value[k]) for k in sorted(value)}
    raise TypeError('Unsupported ICA identity parameter type: ' + type(value).__name__)

def _component_id(ic):
    metadata = dict(method=ic.method, n_components=int(ic.n_components_), fit_params=ic.fit_params, ch_names=ic.ch_names)
    h = hashlib.sha256(json.dumps(_identity_value(metadata), sort_keys=True, allow_nan=False).encode())
    for a in (ic.unmixing_matrix_, ic.mixing_matrix_, ic.pca_components_, ic.pre_whitener_, ic.pca_mean_):
        h.update(str(np.shape(a)).encode())
        h.update(np.asarray(a, dtype='<f8').tobytes())
    h.update('\x00'.join(ic.ch_names).encode())
    return h.hexdigest()
",逐 IC 眨眼权重｜0.5–25 Hz、median isoutlier 阈值2、时段合并/扩展和平滑，供 targeted wICA 使用。,滤后源、IC异常/合并掩码、实际最短长度、平滑窗及profile。,"权重与实际 ICA/参考身份一致且落在[0,1]；源端点无法闭合时明确失败。",250/500/1000 Hz 固定作者 weight 代码块对照，IQR输入和median isoutlier 原语使用显式shim；真实 targeted 流程连接。,
EEG-CHANNEL-REJECTION-BUDGET,预加载有限值 Raw，仅含未标坏的当前 EEG；bool 道×窗极端掩码、同轴有限肌电斜率、严格递增的相对样点窗起点及窗长；原始道名唯一并包含当前道名。,Raw 副本；极端/肌电坏道名及剩余预算。无删道副作用。,relax_budget 必填 channel_epoch_mask、muscle_slopes、window_starts、window_samples、original_channels；maximum=.1、extreme_fraction=.25、muscle_fraction=.5、muscle_threshold=-.31；profile=relax_2_0_1|repaired_units_indices。,"""""""RELAX 2.0.1 numerical decision. GPL-3.0-or-later; volts, explicit axes.""""""
import numpy as np
import mne

def _number(v,name,lo=None,hi=None):
 if isinstance(v,(bool,np.bool_)) or not isinstance(v,(float,int,np.floating,np.integer)) or not np.isfinite(v) or (lo is not None and v<lo) or (hi is not None and v>hi):raise ValueError(name+' outside finite bounds')
 return float(v)

def _parameters(p,defaults,required):
 if set(p)-set(defaults) or set(required)-set(p):raise ValueError('unknown or missing parameters')
 return dict(defaults,**p)

def _input(x,model,kind):
 if model is not None:raise ValueError('decision does not accept a fitted model')
 if not isinstance(x,kind) or not x.preload:raise TypeError('preloaded '+kind.__name__+' required')
 if not x.ch_names or set(x.get_channel_types())!={'eeg'} or x.info['bads']:raise ValueError('current unmarked EEG channels only')
 if not np.isfinite(x.get_data()).all():raise ValueError('finite EEG required')

def channel_budget(mask,muscle_slopes,starts,window,n_samples,initial_count,channel_names,maximum=.1,extreme_fraction=.25,muscle_fraction=.5,muscle_threshold=-.31,profile='relax_2_0_1'):
 m=np.asarray(mask,bool).copy();sl=np.asarray(muscle_slopes,float);starts=np.asarray(starts,int)
 if m.shape!=sl.shape or m.shape!=(len(channel_names),len(starts)):raise ValueError('channel-window axes mismatch')
 if profile not in ('relax_2_0_1','repaired_units_indices'):raise ValueError('profile')
 C,E=m.shape;budget=int(np.floor(maximum*initial_count))-(initial_count-C)
 if budget<=0:return dict(extreme_bad=[],muscle_bad=[],initial_budget=budget,remaining_budget=budget,extreme_proportions=None,muscle_proportions=None)
 m[:,np.sum(m,axis=0)>budget]=False
 full=np.zeros((C,n_samples));covered=np.zeros(n_samples,bool)
 for e,s in enumerate(starts):
  if s<0 or s+window>n_samples:raise ValueError('diagnostic window out of range')
  covered[s:s+window]=True;full[m[:,e],s:s+window]=1
 if profile=='relax_2_0_1':
  flat=full.ravel(order='F');flat[np.flatnonzero(~covered)]=np.nan;full=flat.reshape(full.shape,order='F')
 else:full[:,~covered]=np.nan
 props=np.nanmean(full,axis=1);threshold=extreme_fraction;recommended=int(np.sum(props>threshold))
 if recommended>budget:threshold=np.percentile(props,100*(1-budget/C),method='hazen')
 reject=np.flatnonzero(props>threshold) if recommended else np.array([],int);remaining=np.setdiff1d(np.arange(C),reject);next_budget=budget-len(reject)
 muscle_bad=np.array([],int);mprops=None;mthreshold=muscle_fraction
 if next_budget>0:
  ignored=np.any(m[remaining],axis=0);scores=sl[remaining].copy();scores[:,ignored]=np.nan;mprops=np.sum(scores>muscle_threshold,axis=1)/E
  recommended_m=int(np.sum(mprops>muscle_fraction))
  if recommended_m>next_budget:mthreshold=np.sort(mprops)[::-1][next_budget-1]
  if recommended_m:
   selected=mprops>=mthreshold
   if np.sum(selected)>next_budget:selected=mprops>mthreshold
   muscle_bad=remaining[selected]
 return dict(extreme_bad=[channel_names[k] for k in reject],muscle_bad=[channel_names[k] for k in muscle_bad],initial_budget=budget,remaining_budget=next_budget-len(muscle_bad),extreme_proportions=props,muscle_proportions=mprops,extreme_threshold=threshold,muscle_threshold=mthreshold,profile=profile)

def eeg_channel_rejection_budget(op,x,model=None,**p):
 if op!='relax_budget':raise ValueError('operation=relax_budget')
 _input(x,model,mne.io.BaseRaw)
 p=_parameters(p,dict(channel_epoch_mask=None,muscle_slopes=None,window_starts=None,window_samples=None,original_channels=None,maximum=.1,extreme_fraction=.25,muscle_fraction=.5,muscle_threshold=-.31,profile='relax_2_0_1'),['channel_epoch_mask','muscle_slopes','window_starts','window_samples','original_channels'])
 m=np.asarray(p['channel_epoch_mask']);s=np.asarray(p['muscle_slopes']);starts=np.asarray(p['window_starts']);win=p['window_samples'];names=p['original_channels']
 if m.dtype.kind!='b' or m.ndim!=2 or m.shape!=(len(x.ch_names),len(starts)) or m.shape[1]<1:raise ValueError('boolean channel x epoch mask required')
 if s.shape!=m.shape or s.dtype.kind not in 'fiu' or not np.isfinite(s).all():raise ValueError('finite channel x epoch slopes required')
 if starts.ndim!=1 or starts.dtype.kind not in 'iu' or np.any(starts[1:]<=starts[:-1]):raise ValueError('strictly increasing integer window starts required')
 if isinstance(win,(bool,np.bool_)) or not isinstance(win,(int,np.integer)) or win<1 or np.any(starts<0) or np.any(starts>x.n_times-win):raise ValueError('window samples outside Raw')
 if not isinstance(names,(list,tuple)) or not names or any(not isinstance(n,str) or not n for n in names) or len(set(names))!=len(names) or not set(x.ch_names)<=set(names):raise ValueError('unique original channel names containing current channels required')
 for k in ['maximum','extreme_fraction','muscle_fraction']:_number(p[k],k,0,1)
 _number(p['muscle_threshold'],'muscle_threshold')
 out=channel_budget(m,s,starts,win,x.n_times,len(names),x.ch_names,**{k:p[k] for k in ['maximum','extreme_fraction','muscle_fraction','muscle_threshold','profile']})
 out.update(channel_names=list(x.ch_names),original_channels=list(names),window_starts=starts.copy(),window_samples=int(win),axis_order='channel, epoch')
 return dict(data=x.copy(),model=None,artifacts=out)
",按 RELAX 顺序分配极端噪声、肌电坏道删除预算；超预算整窗转由删段处理。,逐道比例、实际阈值、初始/剩余预算、道与窗轴。source 保留作者线性 NaN 索引；repaired 按整列处理无窗样点。,先扣已删道数；剔除超预算整窗；按样点比例与 Hazen 分位严格 > 决策极端道；再排除仍极端的窗，用全部窗数作肌电比例分母；预算边界并列先 >=，超量后 >。,固定 RELAX 2.0.1 源码数值块与边界试件；非空坏道及实际删段三分支。,
EEG-MUSCLE-TRIAL-DECISION,非空预加载有限值 EEG Epochs；有限 slopes 为试次×道；trial_ids 与当前试次一一对应且唯一。 仅含未标坏EEG通道。,Epochs 副本及当前试次顺序的 bool 拒绝掩码；拒绝由 EEG-TRIAL-REJECT 执行。,"relax_muscle_trials 必填 slopes、trial_ids；threshold=-.31、maximum=.5，maximum∈[0,1]。","""""""RELAX 2.0.1 numerical decision. GPL-3.0-or-later; volts, explicit axes.""""""
import numpy as np
import mne

def _number(v,name,lo=None,hi=None):
 if isinstance(v,(bool,np.bool_)) or not isinstance(v,(float,int,np.floating,np.integer)) or not np.isfinite(v) or (lo is not None and v<lo) or (hi is not None and v>hi):raise ValueError(name+' outside finite bounds')
 return float(v)

def _parameters(p,defaults,required):
 if set(p)-set(defaults) or set(required)-set(p):raise ValueError('unknown or missing parameters')
 return dict(defaults,**p)

def _input(x,model,kind):
 if model is not None:raise ValueError('decision does not accept a fitted model')
 if not isinstance(x,kind) or not x.preload:raise TypeError('preloaded '+kind.__name__+' required')
 if not x.ch_names or set(x.get_channel_types())!={'eeg'} or x.info['bads']:raise ValueError('current unmarked EEG channels only')
 if not np.isfinite(x.get_data()).all():raise ValueError('finite EEG required')

def muscle_epoch_rejection(slopes,threshold=-.31,maximum=.5):
 s=np.asarray(slopes,float)
 if s.ndim!=2 or not np.isfinite(s).all():raise ValueError('finite epoch x channel slopes required')
 mask=np.any(s>threshold,axis=1);severity=np.sum(np.maximum(s-threshold,0),axis=1);cut=0.
 if mask.mean()>maximum:cut=float(np.percentile(severity,100*(1-maximum),method='hazen'));mask=severity>cut
 return {'epoch_mask':mask,'severity':severity,'severity_threshold':cut,'maximum_fraction':maximum}

def eeg_muscle_trial_decision(op,x,model=None,**p):
 if op!='relax_muscle_trials':raise ValueError('operation=relax_muscle_trials')
 _input(x,model,mne.BaseEpochs)
 p=_parameters(p,dict(slopes=None,trial_ids=None,threshold=-.31,maximum=.5),['slopes','trial_ids'])
 s=np.asarray(p['slopes']);ids=p['trial_ids']
 if not len(x) or s.shape!=(len(x),len(x.ch_names)) or s.dtype.kind not in 'fiu' or not np.isfinite(s).all():raise ValueError('nonempty finite epoch x channel slopes required')
 if not isinstance(ids,(list,tuple)) or len(ids)!=len(x) or any(not isinstance(v,str) or not v for v in ids) or len(set(ids))!=len(ids):raise ValueError('unique Trial ID per current epoch required')
 _number(p['threshold'],'threshold');_number(p['maximum'],'maximum',0,1)
 out=muscle_epoch_rejection(s,p['threshold'],p['maximum']);out.update(trial_ids=list(ids),channel_names=list(x.ch_names),epoch_selection=x.selection.copy(),events=x.events.copy(),axis_order='epoch, channel')
 return dict(data=x.copy(),model=None,artifacts=out)
",按 RELAX 肌电斜率和最坏试次比例生成拒绝掩码。,逐试次超阈斜率总和、Hazen 严重度阈值、Trial ID、selection、events、道轴。,"任一道超阈先候选；候选比例超 maximum 时，按每试次 sum(max(slope-threshold,0)) 的分位严格 > 选择，保留并列边界。",固定 RELAX_Rejecting_muscle_epochs 数值块与阈值/并列/全零/最大比例边界。,
